instr,entrada,slf,rr,phi,n,nres,tp,sl,ctr,wr,wrr,base,z,perd,gana,Rbruto,Rneto,usd,pest,pdin,pes0,pdi0,dias
NASDAQ,A,0.25,1:1,0.2,1691,1616,53.92000000000007,53.92000000000007,4,0.4931992903607333,0.49257425742574257,0.5,-0.597022314125994,431.3600000000006,431.3600000000006,-0.013323942253192418,-0.05783432800986892,-24.94741573033709,0.23716666666666666,0.19083333333333333,0.3715,0.25533333333333336,26.0
NASDAQ,A,0.25,1:1,0.5,1691,1616,53.92000000000007,53.92000000000007,9,0.4931992903607333,0.49257425742574257,0.5,-0.597022314125994,970.5600000000013,970.5600000000013,-0.013323942253192418,-0.05783432800986892,-56.13168539325835,0.30216666666666664,0.22466666666666665,0.4091666666666667,0.31316666666666665,7.0
NASDAQ,A,0.25,1:1,1.0,1691,1616,53.92000000000007,53.92000000000007,19,0.4931992903607333,0.49257425742574257,0.5,-0.597022314125994,2048.9600000000028,2048.9600000000028,-0.013323942253192418,-0.05783432800986892,-118.5002247191011,0.2175,0.18883333333333333,0.223,0.19083333333333333,4.0
NASDAQ,A,0.25,1:3,0.2,1691,1673,17.973333333333358,53.92000000000007,4,0.7421643997634536,0.7477585176329946,0.75,-0.21173012856017423,431.3600000000006,143.78666666666686,-0.0056070758615606635,-0.05011746161823718,-21.61866824364282,0.07283333333333333,0.06133333333333333,0.305,0.232,74.0
NASDAQ,A,0.25,1:3,0.5,1691,1673,17.973333333333358,53.92000000000007,9,0.7421643997634536,0.7477585176329946,0.75,-0.21173012856017423,970.5600000000013,323.52000000000044,-0.0056070758615606635,-0.05011746161823718,-48.6420035481963,0.23366666666666666,0.17016666666666666,0.4106666666666667,0.3025,19.0
NASDAQ,A,0.25,1:3,1.0,1691,1673,17.973333333333358,53.92000000000007,19,0.7421643997634536,0.7477585176329946,0.75,-0.21173012856017423,2048.9600000000028,682.9866666666676,-0.0056070758615606635,-0.05011746161823718,-102.68867415730331,0.32283333333333336,0.22666666666666666,0.4121666666666667,0.2781666666666667,5.0
NASDAQ,A,0.25,1:10,0.2,1691,1687,5.3920000000000075,53.92000000000007,4,0.9024246008279124,0.9045643153526971,0.9090909090909091,-0.6467281201639384,431.3600000000006,43.13600000000006,-0.005485698856048852,-0.049996084612725374,-21.566311058545246,0.0,0.0,0.059333333333333335,0.06733333333333333,
NASDAQ,A,0.25,1:10,0.5,1691,1687,5.3920000000000075,53.92000000000007,9,0.9024246008279124,0.9045643153526971,0.9090909090909091,-0.6467281201639384,970.5600000000013,97.05600000000014,-0.005485698856048852,-0.049996084612725374,-48.524199881726794,0.012333333333333333,0.01,0.337,0.25833333333333336,68.5
NASDAQ,A,0.25,1:10,1.0,1691,1687,5.3920000000000075,53.92000000000007,19,0.9024246008279124,0.9045643153526971,0.9090909090909091,-0.6467281201639384,2048.9600000000028,204.89600000000027,-0.005485698856048852,-0.049996084612725374,-102.43997752808987,0.10016666666666667,0.07866666666666666,0.4206666666666667,0.26916666666666667,26.0
NASDAQ,A,0.25,1:30,0.2,1691,1689,1.7973333333333357,53.92000000000007,4,0.0,0.9550029603315572,0.967741935483871,-2.9631277912840264,431.3600000000006,14.378666666666685,-0.013410270876069936,-0.057920656632746426,-24.984654445101533,0.0,0.0,0.0,0.0,
NASDAQ,A,0.25,1:30,0.5,1691,1689,1.7973333333333357,53.92000000000007,9,0.0,0.9550029603315572,0.967741935483871,-2.9631277912840264,970.5600000000013,32.35200000000004,-0.013410270876069936,-0.057920656632746426,-56.215472501478445,0.0,0.0,0.049166666666666664,0.049166666666666664,
NASDAQ,A,0.25,1:30,1.0,1691,1689,1.7973333333333357,53.92000000000007,19,0.0,0.9550029603315572,0.967741935483871,-2.9631277912840264,2048.9600000000028,68.29866666666676,-0.013410270876069936,-0.057920656632746426,-118.67710861423227,0.0,0.0,0.24966666666666668,0.152,
NASDAQ,A,0.5,1:1,0.2,1691,1265,107.84000000000015,107.84000000000015,2,0.5150798344175045,0.4964426877470356,0.5,-0.2530447007019885,431.3600000000006,431.3600000000006,0.026100437689846802,0.0038452448115085447,1.6586848018923281,0.413,0.29333333333333333,0.5015,0.3591666666666667,31.0
NASDAQ,A,0.5,1:1,0.5,1691,1265,107.84000000000015,107.84000000000015,5,0.5150798344175045,0.4964426877470356,0.5,-0.2530447007019885,1078.4000000000015,1078.4000000000015,0.026100437689846802,0.0038452448115085447,4.146712004730828,0.407,0.31333333333333335,0.44566666666666666,0.3365,6.0
NASDAQ,A,0.5,1:1,1.0,1691,1265,107.84000000000015,107.84000000000015,9,0.5150798344175045,0.4964426877470356,0.5,-0.2530447007019885,1941.1200000000026,1941.1200000000026,0.026100437689846802,0.0038452448115085447,7.4640816085154835,0.3431666666666667,0.2916666666666667,0.37816666666666665,0.32116666666666666,5.0
NASDAQ,A,0.5,1:3,0.2,1691,1585,35.946666666666715,107.84000000000015,2,0.7185097575399172,0.7520504731861198,0.75,0.1885246276380797,431.3600000000006,143.78666666666686,-0.008676395837391247,-0.030931588715729503,-13.342650108417097,0.1415,0.1065,0.26816666666666666,0.21633333333333332,79.0
NASDAQ,A,0.5,1:3,0.5,1691,1585,35.946666666666715,107.84000000000015,5,0.7185097575399172,0.7520504731861198,0.75,0.1885246276380797,1078.4000000000015,359.46666666666715,-0.008676395837391247,-0.030931588715729503,-33.35662527104273,0.3105,0.22566666666666665,0.3868333333333333,0.281,17.0
NASDAQ,A,0.5,1:3,1.0,1691,1585,35.946666666666715,107.84000000000015,9,0.7185097575399172,0.7520504731861198,0.75,0.1885246276380797,1941.1200000000026,647.0400000000009,-0.008676395837391247,-0.030931588715729503,-60.041925487876846,0.4036666666666667,0.3476666666666667,0.46166666666666667,0.402,4.0
NASDAQ,A,0.5,1:10,0.2,1691,1664,10.784000000000015,107.84000000000015,2,0.9053814311058546,0.9182692307692307,0.9090909090909091,1.3023647131866867,431.3600000000006,43.13600000000006,0.005732642441131044,-0.016522550437207226,-7.127167356593719,0.012,0.012,0.13866666666666666,0.1325,157.0
NASDAQ,A,0.5,1:10,0.5,1691,1664,10.784000000000015,107.84000000000015,5,0.9053814311058546,0.9182692307692307,0.9090909090909091,1.3023647131866867,1078.4000000000015,107.84000000000015,0.005732642441131044,-0.016522550437207226,-17.817918391484294,0.20216666666666666,0.15583333333333332,0.49916666666666665,0.368,64.0
NASDAQ,A,0.5,1:10,1.0,1691,1664,10.784000000000015,107.84000000000015,9,0.9053814311058546,0.9182692307692307,0.9090909090909091,1.3023647131866867,1941.1200000000026,194.11200000000028,0.005732642441131044,-0.016522550437207226,-32.07225310467173,0.3303333333333333,0.26816666666666666,0.5186666666666667,0.4206666666666667,21.0
NASDAQ,A,0.5,1:30,0.2,1691,1681,3.5946666666666713,107.84000000000015,2,0.9574216439976345,0.9631171921475312,0.967741935483871,-1.0731799703963107,431.3600000000006,14.378666666666685,-0.00650707570070443,-0.02876226857904267,-12.406892174255862,0.0,0.0,0.0,0.0,
NASDAQ,A,0.5,1:30,0.5,1691,1681,3.5946666666666713,107.84000000000015,5,0.9574216439976345,0.9631171921475312,0.967741935483871,-1.0731799703963107,1078.4000000000015,35.946666666666715,-0.00650707570070443,-0.02876226857904267,-31.017230435639664,0.0,0.0,0.12866666666666668,0.123,
NASDAQ,A,0.5,1:30,1.0,1691,1681,3.5946666666666713,107.84000000000015,9,0.9574216439976345,0.9631171921475312,0.967741935483871,-1.0731799703963107,1941.1200000000026,64.70400000000008,-0.00650707570070443,-0.02876226857904267,-55.8310147841514,0.003833333333333333,0.0026666666666666666,0.33716666666666667,0.27566666666666667,139.0
NASDAQ,A,1.0,1:1,0.2,1691,514,215.6800000000003,215.6800000000003,1,0.5215848610289769,0.4377431906614786,0.5,-2.822918984903878,431.3600000000006,431.3600000000006,0.015422271775694973,0.004294675336525843,1.8525511531637902,0.39366666666666666,0.291,0.471,0.34983333333333333,54.0
NASDAQ,A,1.0,1:1,0.5,1691,514,215.6800000000003,215.6800000000003,2,0.5215848610289769,0.4377431906614786,0.5,-2.822918984903878,862.7200000000012,862.7200000000012,0.015422271775694973,0.004294675336525843,3.7051023063275803,0.4171666666666667,0.318,0.4795,0.3415,16.0
NASDAQ,A,1.0,1:1,1.0,1691,514,215.6800000000003,215.6800000000003,5,0.5215848610289769,0.4377431906614786,0.5,-2.822918984903878,2156.800000000003,2156.800000000003,0.015422271775694973,0.004294675336525843,9.26275576581896,0.30783333333333335,0.24033333333333334,0.3323333333333333,0.266,7.0
NASDAQ,A,1.0,1:3,0.2,1691,1180,71.89333333333343,215.6800000000003,1,0.6457717327025428,0.8169491525423729,0.75,5.3111118990772335,431.3600000000006,143.78666666666686,-0.0001152205982564276,-0.011242817037425556,-4.849701557263894,0.18466666666666667,0.16366666666666665,0.2768333333333333,0.23266666666666666,97.0
NASDAQ,A,1.0,1:3,0.5,1691,1180,71.89333333333343,215.6800000000003,2,0.6457717327025428,0.8169491525423729,0.75,5.3111118990772335,862.7200000000012,287.5733333333337,-0.0001152205982564276,-0.011242817037425556,-9.699403114527788,0.3468333333333333,0.25533333333333336,0.4185,0.2961666666666667,30.0
NASDAQ,A,1.0,1:3,1.0,1691,1180,71.89333333333343,215.6800000000003,5,0.6457717327025428,0.8169491525423729,0.75,5.3111118990772335,2156.800000000003,718.9333333333343,-0.0001152205982564276,-0.011242817037425556,-24.24850778631947,0.411,0.31566666666666665,0.43533333333333335,0.3335,6.0
NASDAQ,A,1.0,1:10,0.2,1691,1531,21.56800000000003,215.6800000000003,1,0.8492016558249557,0.9314173742651861,0.9090909090909091,3.0387869283779976,431.3600000000006,43.13600000000006,-0.00887919078048026,-0.020006787219649394,-8.630127735067974,0.005666666666666667,0.004833333333333334,0.027833333333333335,0.025833333333333333,150.0
NASDAQ,A,1.0,1:10,0.5,1691,1531,21.56800000000003,215.6800000000003,2,0.8492016558249557,0.9314173742651861,0.9090909090909091,3.0387869283779976,862.7200000000012,86.27200000000012,-0.00887919078048026,-0.020006787219649394,-17.26025547013595,0.101,0.086,0.21783333333333332,0.17883333333333334,93.0
NASDAQ,A,1.0,1:10,1.0,1691,1531,21.56800000000003,215.6800000000003,5,0.8492016558249557,0.9314173742651861,0.9090909090909091,3.0387869283779976,2156.800000000003,215.6800000000003,-0.00887919078048026,-0.020006787219649394,-43.15063867533987,0.288,0.20683333333333334,0.39216666666666666,0.2628333333333333,19.0
NASDAQ,A,1.0,1:30,0.2,1691,1646,7.189333333333343,215.6800000000003,1,0.9509166173861621,0.976913730255164,0.967741935483871,2.1060579173890983,431.3600000000006,14.378666666666685,-0.0010262372623787315,-0.012153833701547856,-5.24267770549969,0.0,0.0,0.0,0.0,
NASDAQ,A,1.0,1:30,0.5,1691,1646,7.189333333333343,215.6800000000003,2,0.9509166173861621,0.976913730255164,0.967741935483871,2.1060579173890983,862.7200000000012,28.75733333333337,-0.0010262372623787315,-0.012153833701547856,-10.48535541099938,0.003,0.0035,0.085,0.08616666666666667,177.0
NASDAQ,A,1.0,1:30,1.0,1691,1646,7.189333333333343,215.6800000000003,5,0.9509166173861621,0.976913730255164,0.967741935483871,2.1060579173890983,2156.800000000003,71.89333333333343,-0.0010262372623787315,-0.012153833701547856,-26.21338852749844,0.14233333333333334,0.11883333333333333,0.436,0.30816666666666664,72.0
NASDAQ,B,0.25,1:1,0.2,1212,1175,53.92000000000007,53.92000000000007,4,0.5033003300330033,0.502127659574468,0.5,0.14586499149789095,431.3600000000006,431.3600000000006,0.005906088105101457,-0.03860429765157503,-16.65234983498343,0.2901666666666667,0.2165,0.42583333333333334,0.29583333333333334,26.0
NASDAQ,B,0.25,1:1,0.5,1212,1175,53.92000000000007,53.92000000000007,9,0.5033003300330033,0.502127659574468,0.5,0.14586499149789095,970.5600000000013,970.5600000000013,0.005906088105101457,-0.03860429765157503,-37.46778712871264,0.321,0.23383333333333334,0.44033333333333335,0.3355,7.0
NASDAQ,B,0.25,1:1,1.0,1212,1175,53.92000000000007,53.92000000000007,19,0.5033003300330033,0.502127659574468,0.5,0.14586499149789095,2048.9600000000028,2048.9600000000028,0.005906088105101457,-0.03860429765157503,-79.09866171617124,0.23683333333333334,0.19716666666666666,0.2445,0.20466666666666666,4.0
NASDAQ,B,0.25,1:3,0.2,1212,1208,17.973333333333358,53.92000000000007,4,0.7384488448844885,0.7392384105960265,0.75,-0.8637921424406262,431.3600000000006,143.78666666666686,-0.014417954684934339,-0.05892834044161085,-25.41932893289329,0.051333333333333335,0.04566666666666667,0.24333333333333335,0.19516666666666665,70.0
NASDAQ,B,0.25,1:3,0.5,1212,1208,17.973333333333358,53.92000000000007,9,0.7384488448844885,0.7392384105960265,0.75,-0.8637921424406262,970.5600000000013,323.52000000000044,-0.014417954684934339,-0.05892834044161085,-57.19349009900985,0.20066666666666666,0.146,0.37783333333333335,0.2725,19.0
NASDAQ,B,0.25,1:3,1.0,1212,1208,17.973333333333358,53.92000000000007,19,0.7384488448844885,0.7392384105960265,0.75,-0.8637921424406262,2048.9600000000028,682.9866666666676,-0.014417954684934339,-0.05892834044161085,-120.74181243124308,0.30983333333333335,0.22466666666666665,0.38133333333333336,0.2825,5.0
NASDAQ,B,0.25,1:10,0.2,1212,1212,5.3920000000000075,53.92000000000007,4,0.8622112211221122,0.8622112211221122,0.9090909090909091,-5.677128277443427,431.3600000000006,43.13600000000006,-0.05156765676567655,-0.09607804252235307,-41.444224422442275,0.0,0.0,0.0006666666666666666,0.001,
NASDAQ,B,0.25,1:10,0.5,1212,1212,5.3920000000000075,53.92000000000007,9,0.8622112211221122,0.8622112211221122,0.9090909090909091,-5.677128277443427,970.5600000000013,97.05600000000014,-0.05156765676567655,-0.09607804252235307,-93.2495049504951,0.0,0.0003333333333333333,0.05416666666666667,0.044,65.0
NASDAQ,B,0.25,1:10,1.0,1212,1212,5.3920000000000075,53.92000000000007,19,0.8622112211221122,0.8622112211221122,0.9090909090909091,-5.677128277443427,2048.9600000000028,204.89600000000027,-0.05156765676567655,-0.09607804252235307,-196.86006600660076,0.021833333333333333,0.021166666666666667,0.18483333333333332,0.12766666666666668,26.0
NASDAQ,B,0.25,1:30,0.2,1212,1212,1.7973333333333357,53.92000000000007,4,0.0,0.9026402640264026,0.967741935483871,-12.827573607836626,431.3600000000006,14.378666666666685,-0.06727172717271726,-0.11178211292939376,-48.21833223322336,0.0,0.0,0.0,0.0,
NASDAQ,B,0.25,1:30,0.5,1212,1212,1.7973333333333357,53.92000000000007,9,0.0,0.9026402640264026,0.967741935483871,-12.827573607836626,970.5600000000013,32.35200000000004,-0.06727172717271726,-0.11178211292939376,-108.49124752475254,0.0,0.0,0.0,0.0,
NASDAQ,B,0.25,1:30,1.0,1212,1212,1.7973333333333357,53.92000000000007,19,0.0,0.9026402640264026,0.967741935483871,-12.827573607836626,2048.9600000000028,68.29866666666676,-0.06727172717271726,-0.11178211292939376,-229.03707810781094,0.0,0.0,0.014166666666666666,0.011333333333333334,
NASDAQ,B,0.5,1:1,0.2,1212,950,107.84000000000015,107.84000000000015,2,0.5099009900990099,0.48947368421052634,0.5,-0.6488856845230487,431.3600000000006,431.3600000000006,0.006546827716896708,-0.015708365161441556,-6.775960396039439,0.3475,0.24416666666666667,0.42333333333333334,0.30466666666666664,32.0
NASDAQ,B,0.5,1:1,0.5,1212,950,107.84000000000015,107.84000000000015,5,0.5099009900990099,0.48947368421052634,0.5,-0.6488856845230487,1078.4000000000015,1078.4000000000015,0.006546827716896708,-0.015708365161441556,-16.93990099009858,0.37416666666666665,0.2956666666666667,0.40016666666666667,0.3165,6.0
NASDAQ,B,0.5,1:1,1.0,1212,950,107.84000000000015,107.84000000000015,9,0.5099009900990099,0.48947368421052634,0.5,-0.6488856845230487,1941.1200000000026,1941.1200000000026,0.006546827716896708,-0.015708365161441556,-30.491821782177457,0.30683333333333335,0.2703333333333333,0.36233333333333334,0.2991666666666667,5.0
NASDAQ,B,0.5,1:3,0.2,1212,1154,35.946666666666715,107.84000000000015,2,0.7128712871287128,0.7374350086655113,0.75,-0.9857447251699919,431.3600000000006,143.78666666666686,-0.02720619034269883,-0.04946138322103708,-21.335662266226585,0.08266666666666667,0.059166666666666666,0.16783333333333333,0.12616666666666668,73.0
NASDAQ,B,0.5,1:3,0.5,1212,1154,35.946666666666715,107.84000000000015,5,0.7128712871287128,0.7374350086655113,0.75,-0.9857447251699919,1078.4000000000015,359.46666666666715,-0.02720619034269883,-0.04946138322103708,-53.339155665566466,0.25,0.18016666666666667,0.337,0.2285,17.0
NASDAQ,B,0.5,1:3,1.0,1212,1154,35.946666666666715,107.84000000000015,9,0.7128712871287128,0.7374350086655113,0.75,-0.9857447251699919,1941.1200000000026,647.0400000000009,-0.02720619034269883,-0.04946138322103708,-96.01048019801956,0.35733333333333334,0.31466666666666665,0.4156666666666667,0.373,4.0
NASDAQ,B,0.5,1:10,0.2,1212,1202,10.784000000000015,107.84000000000015,2,0.8754125412541254,0.8826955074875208,0.9090909090909091,-3.183267923933005,431.3600000000006,43.13600000000006,-0.03262747616564323,-0.05488266904398151,-23.674188118811895,0.0,0.0003333333333333333,0.007166666666666667,0.006333333333333333,138.5
NASDAQ,B,0.5,1:10,0.5,1212,1202,10.784000000000015,107.84000000000015,5,0.8754125412541254,0.8826955074875208,0.9090909090909091,-3.183267923933005,1078.4000000000015,107.84000000000015,-0.03262747616564323,-0.05488266904398151,-59.185470297029724,0.03266666666666666,0.028833333333333332,0.13883333333333334,0.10783333333333334,49.0
NASDAQ,B,0.5,1:10,1.0,1212,1202,10.784000000000015,107.84000000000015,9,0.8754125412541254,0.8826955074875208,0.9090909090909091,-3.183267923933005,1941.1200000000026,194.11200000000028,-0.03262747616564323,-0.05488266904398151,-106.5338465346535,0.13083333333333333,0.1085,0.25816666666666666,0.22783333333333333,19.0
NASDAQ,B,0.5,1:30,0.2,1212,1208,3.5946666666666713,107.84000000000015,2,0.9298679867986799,0.9329470198675497,0.967741935483871,-6.844635433413208,431.3600000000006,14.378666666666685,-0.03757285015408067,-0.059828043032418905,-25.807424642464255,0.0,0.0,0.0,0.0,
NASDAQ,B,0.5,1:30,0.5,1212,1208,3.5946666666666713,107.84000000000015,5,0.9298679867986799,0.9329470198675497,0.967741935483871,-6.844635433413208,1078.4000000000015,35.946666666666715,-0.03757285015408067,-0.059828043032418905,-64.51856160616065,0.0,0.0,0.008,0.004666666666666667,
NASDAQ,B,0.5,1:30,1.0,1212,1208,3.5946666666666713,107.84000000000015,9,0.9298679867986799,0.9329470198675497,0.967741935483871,-6.844635433413208,1941.1200000000026,64.70400000000008,-0.03757285015408067,-0.059828043032418905,-116.13341089108917,0.0,0.0,0.057666666666666665,0.050166666666666665,
NASDAQ,B,1.0,1:1,0.2,1212,425,215.6800000000003,215.6800000000003,1,0.5074257425742574,0.45176470588235296,0.5,-1.9887921252979297,431.3600000000006,431.3600000000006,-0.008418779563415885,-0.019546376002585002,-8.431524752475077,0.2638333333333333,0.20566666666666666,0.33266666666666667,0.231,50.0
NASDAQ,B,1.0,1:1,0.5,1212,425,215.6800000000003,215.6800000000003,2,0.5074257425742574,0.45176470588235296,0.5,-1.9887921252979297,862.7200000000012,862.7200000000012,-0.008418779563415885,-0.019546376002585002,-16.863049504950155,0.3461666666666667,0.259,0.37766666666666665,0.286,15.0
NASDAQ,B,1.0,1:1,1.0,1212,425,215.6800000000003,215.6800000000003,5,0.5074257425742574,0.45176470588235296,0.5,-1.9887921252979297,2156.800000000003,2156.800000000003,-0.008418779563415885,-0.019546376002585002,-42.1576237623754,0.2758333333333333,0.196,0.294,0.22966666666666666,6.0
NASDAQ,B,1.0,1:3,0.2,1212,876,71.89333333333343,215.6800000000003,1,0.6468646864686468,0.8070776255707762,0.75,3.9013715732043504,431.3600000000006,143.78666666666686,-0.011074782946580661,-0.02220237938574979,-9.577218371837043,0.12916666666666668,0.11966666666666667,0.19433333333333333,0.1745,98.0
NASDAQ,B,1.0,1:3,0.5,1212,876,71.89333333333343,215.6800000000003,2,0.6468646864686468,0.8070776255707762,0.75,3.9013715732043504,862.7200000000012,287.5733333333337,-0.011074782946580661,-0.02220237938574979,-19.154436743674086,0.2936666666666667,0.20566666666666666,0.3425,0.251,29.0
NASDAQ,B,1.0,1:3,1.0,1212,876,71.89333333333343,215.6800000000003,5,0.6468646864686468,0.8070776255707762,0.75,3.9013715732043504,2156.800000000003,718.9333333333343,-0.011074782946580661,-0.02220237938574979,-47.88609185918521,0.37416666666666665,0.29183333333333333,0.4056666666666667,0.3105,6.0
NASDAQ,B,1.0,1:10,0.2,1212,1102,21.56800000000003,215.6800000000003,1,0.8473597359735974,0.9274047186932849,0.9090909090909091,2.1147653072859343,431.3600000000006,43.13600000000006,-0.015750919954755013,-0.02687851639392414,-11.594316831683134,0.0018333333333333333,0.0023333333333333335,0.013166666666666667,0.012,168.5
NASDAQ,B,1.0,1:10,0.5,1212,1102,21.56800000000003,215.6800000000003,2,0.8473597359735974,0.9274047186932849,0.9090909090909091,2.1147653072859343,862.7200000000012,86.27200000000012,-0.015750919954755013,-0.02687851639392414,-23.188633663366268,0.058833333333333335,0.05333333333333334,0.15516666666666667,0.12266666666666666,91.0
NASDAQ,B,1.0,1:10,1.0,1212,1102,21.56800000000003,215.6800000000003,5,0.8473597359735974,0.9274047186932849,0.9090909090909091,2.1147653072859343,2156.800000000003,215.6800000000003,-0.015750919954755013,-0.02687851639392414,-57.97158415841567,0.2663333333333333,0.17933333333333334,0.3428333333333333,0.24566666666666667,19.0
NASDAQ,B,1.0,1:30,0.2,1212,1171,7.189333333333343,215.6800000000003,1,0.9364686468646864,0.9692570452604612,0.967741935483871,0.29344290580885396,431.3600000000006,14.378666666666685,-0.013491337194735718,-0.024618933633904855,-10.619623212321212,0.0,0.0,0.0,0.0,
NASDAQ,B,1.0,1:30,0.5,1212,1171,7.189333333333343,215.6800000000003,2,0.9364686468646864,0.9692570452604612,0.967741935483871,0.29344290580885396,862.7200000000012,28.75733333333337,-0.013491337194735718,-0.024618933633904855,-21.239246424642424,0.0,0.0003333333333333333,0.011666666666666667,0.0145,195.0
NASDAQ,B,1.0,1:30,1.0,1212,1171,7.189333333333343,215.6800000000003,5,0.9364686468646864,0.9692570452604612,0.967741935483871,0.29344290580885396,2156.800000000003,71.89333333333343,-0.013491337194735718,-0.024618933633904855,-53.098116061606035,0.043833333333333335,0.034666666666666665,0.213,0.15316666666666667,71.0
NASDAQ,C,0.25,1:1,0.2,1691,1616,53.92000000000007,53.92000000000007,4,0.5044352454169131,0.5074257425742574,0.5,0.597022314125994,431.3600000000006,431.3600000000006,0.013323942253192418,-0.031186443503484075,-13.452584269662909,0.3115,0.22466666666666665,0.44066666666666665,0.32033333333333336,26.0
NASDAQ,C,0.25,1:1,0.5,1691,1616,53.92000000000007,53.92000000000007,9,0.5044352454169131,0.5074257425742574,0.5,0.597022314125994,970.5600000000013,970.5600000000013,0.013323942253192418,-0.031186443503484075,-30.268314606741463,0.3375,0.2545,0.43583333333333335,0.3455,6.0
NASDAQ,C,0.25,1:1,1.0,1691,1616,53.92000000000007,53.92000000000007,19,0.5044352454169131,0.5074257425742574,0.5,0.597022314125994,2048.9600000000028,2048.9600000000028,0.013323942253192418,-0.031186443503484075,-63.89977528089875,0.23783333333333334,0.197,0.256,0.20066666666666666,4.0
NASDAQ,C,0.25,1:3,0.2,1691,1675,17.973333333333358,53.92000000000007,4,0.7386162034299231,0.7450746268656716,0.75,-0.4655281064666781,431.3600000000006,143.78666666666686,-0.008832729829942725,-0.053343115586619236,-23.010086339444104,0.06783333333333333,0.0535,0.277,0.21833333333333332,76.0
NASDAQ,C,0.25,1:3,0.5,1691,1675,17.973333333333358,53.92000000000007,9,0.7386162034299231,0.7450746268656716,0.75,-0.4655281064666781,970.5600000000013,323.52000000000044,-0.008832729829942725,-0.053343115586619236,-51.7726942637492,0.21916666666666668,0.15616666666666668,0.39316666666666666,0.3005,19.0
NASDAQ,C,0.25,1:3,1.0,1691,1675,17.973333333333358,53.92000000000007,19,0.7386162034299231,0.7450746268656716,0.75,-0.4655281064666781,2048.9600000000028,682.9866666666676,-0.008832729829942725,-0.053343115586619236,-109.29791011235942,0.31333333333333335,0.2265,0.3935,0.2781666666666667,5.0
NASDAQ,C,0.25,1:10,0.2,1691,1686,5.3920000000000075,53.92000000000007,4,0.8894145476049675,0.8920521945432978,0.9090909090909091,-2.4336509973185696,431.3600000000006,43.13600000000006,-0.020040476549791405,-0.06455086230646792,-27.84465996451804,0.0,0.0,0.019,0.017833333333333333,
NASDAQ,C,0.25,1:10,0.5,1691,1686,5.3920000000000075,53.92000000000007,9,0.8894145476049675,0.8920521945432978,0.9090909090909091,-2.4336509973185696,970.5600000000013,97.05600000000014,-0.020040476549791405,-0.06455086230646792,-62.65048492016558,0.003,0.003,0.20583333333333334,0.1465,75.0
NASDAQ,C,0.25,1:10,1.0,1691,1686,5.3920000000000075,53.92000000000007,19,0.8894145476049675,0.8920521945432978,0.9090909090909091,-2.4336509973185696,2048.9600000000028,204.89600000000027,-0.020040476549791405,-0.06455086230646792,-132.26213483146066,0.06366666666666666,0.04716666666666667,0.3373333333333333,0.21066666666666667,26.0
NASDAQ,C,0.25,1:30,0.2,1691,1687,1.7973333333333357,53.92000000000007,4,0.0,0.951985773562537,0.967741935483871,-3.6627648942593356,431.3600000000006,14.378666666666685,-0.017464312579367907,-0.061974698336044395,-26.733405874236148,0.0,0.0,0.0,0.0,
NASDAQ,C,0.25,1:30,0.5,1691,1687,1.7973333333333357,53.92000000000007,9,0.0,0.951985773562537,0.967741935483871,-3.6627648942593356,970.5600000000013,32.35200000000004,-0.017464312579367907,-0.061974698336044395,-60.15016321703133,0.0,0.0,0.03283333333333333,0.035666666666666666,
NASDAQ,C,0.25,1:30,1.0,1691,1687,1.7973333333333357,53.92000000000007,19,0.0,0.951985773562537,0.967741935483871,-3.6627648942593356,2048.9600000000028,68.29866666666676,-0.017464312579367907,-0.061974698336044395,-126.98367790262171,0.0,0.0,0.197,0.1305,
NASDAQ,C,0.5,1:1,0.2,1691,1265,107.84000000000015,107.84000000000015,2,0.47368421052631576,0.5035573122529644,0.5,0.2530447007019885,431.3600000000006,431.3600000000006,-0.026100437689846802,-0.04835563056818506,-20.858684801892334,0.24266666666666667,0.16933333333333334,0.3145,0.2265,31.0
NASDAQ,C,0.5,1:1,0.5,1691,1265,107.84000000000015,107.84000000000015,5,0.47368421052631576,0.5035573122529644,0.5,0.2530447007019885,1078.4000000000015,1078.4000000000015,-0.026100437689846802,-0.04835563056818506,-52.14671200473083,0.332,0.25916666666666666,0.3575,0.2836666666666667,6.0
NASDAQ,C,0.5,1:1,1.0,1691,1265,107.84000000000015,107.84000000000015,9,0.47368421052631576,0.5035573122529644,0.5,0.2530447007019885,1941.1200000000026,1941.1200000000026,-0.026100437689846802,-0.04835563056818506,-93.8640816085155,0.2798333333333333,0.2385,0.31116666666666665,0.26266666666666666,5.0
NASDAQ,C,0.5,1:3,0.2,1691,1549,35.946666666666715,107.84000000000015,2,0.7025428740390302,0.7540348612007747,0.75,0.36673610861102185,431.3600000000006,143.78666666666686,-0.025153250305188224,-0.04740844318352648,-20.45010605164601,0.07816666666666666,0.069,0.16366666666666665,0.13383333333333333,74.0
NASDAQ,C,0.5,1:3,0.5,1691,1549,35.946666666666715,107.84000000000015,5,0.7025428740390302,0.7540348612007747,0.75,0.36673610861102185,1078.4000000000015,359.46666666666715,-0.025153250305188224,-0.04740844318352648,-51.125265129115014,0.25683333333333336,0.1865,0.3358333333333333,0.24666666666666667,16.0
NASDAQ,C,0.5,1:3,1.0,1691,1549,35.946666666666715,107.84000000000015,9,0.7025428740390302,0.7540348612007747,0.75,0.36673610861102185,1941.1200000000026,647.0400000000009,-0.025153250305188224,-0.04740844318352648,-92.02547723240696,0.3491666666666667,0.32566666666666666,0.4043333333333333,0.358,5.0
NASDAQ,C,0.5,1:10,0.2,1691,1645,10.784000000000015,107.84000000000015,2,0.8799526907155529,0.9045592705167174,0.9090909090909091,-0.6393385639800597,431.3600000000006,43.13600000000006,-0.01663321222320298,-0.03888840510154125,-16.774902424600857,0.0013333333333333333,0.0011666666666666668,0.021166666666666667,0.019166666666666665,151.0
NASDAQ,C,0.5,1:10,0.5,1691,1645,10.784000000000015,107.84000000000015,5,0.8799526907155529,0.9045592705167174,0.9090909090909091,-0.6393385639800597,1078.4000000000015,107.84000000000015,-0.01663321222320298,-0.03888840510154125,-41.93725606150213,0.06566666666666666,0.05,0.2315,0.181,52.0
NASDAQ,C,0.5,1:10,1.0,1691,1645,10.784000000000015,107.84000000000015,9,0.8799526907155529,0.9045592705167174,0.9090909090909091,-0.6393385639800597,1941.1200000000026,194.11200000000028,-0.01663321222320298,-0.03888840510154125,-75.48706091070385,0.18266666666666667,0.15583333333333332,0.3485,0.2855,21.0
NASDAQ,C,0.5,1:30,0.2,1691,1676,3.5946666666666713,107.84000000000015,2,0.9544648137196925,0.9630071599045346,0.967741935483871,-1.0970779153129198,431.3600000000006,14.378666666666685,-0.008500409964079341,-0.03075560284241758,-13.266736842105265,0.0,0.0,0.0,0.0,
NASDAQ,C,0.5,1:30,0.5,1691,1676,3.5946666666666713,107.84000000000015,5,0.9544648137196925,0.9630071599045346,0.967741935483871,-1.0970779153129198,1078.4000000000015,35.946666666666715,-0.008500409964079341,-0.03075560284241758,-33.16684210526317,0.0,0.0,0.1025,0.10283333333333333,
NASDAQ,C,0.5,1:30,1.0,1691,1676,3.5946666666666713,107.84000000000015,9,0.9544648137196925,0.9630071599045346,0.967741935483871,-1.0970779153129198,1941.1200000000026,64.70400000000008,-0.008500409964079341,-0.03075560284241758,-59.70031578947372,0.0018333333333333333,0.002,0.2891666666666667,0.2485,139.0
NASDAQ,C,1.0,1:1,0.2,1691,514,215.6800000000003,215.6800000000003,1,0.4630396215257244,0.5622568093385214,0.5,2.822918984903878,431.3600000000006,431.3600000000006,-0.015422271775694973,-0.026549868214864096,-11.452551153163792,0.2135,0.16566666666666666,0.27166666666666667,0.202,53.5
NASDAQ,C,1.0,1:1,0.5,1691,514,215.6800000000003,215.6800000000003,2,0.4630396215257244,0.5622568093385214,0.5,2.822918984903878,862.7200000000012,862.7200000000012,-0.015422271775694973,-0.026549868214864096,-22.905102306327585,0.31883333333333336,0.235,0.35133333333333333,0.27166666666666667,15.0
NASDAQ,C,1.0,1:1,1.0,1691,514,215.6800000000003,215.6800000000003,5,0.4630396215257244,0.5622568093385214,0.5,2.822918984903878,2156.800000000003,2156.800000000003,-0.015422271775694973,-0.026549868214864096,-57.26275576581896,0.25283333333333335,0.19683333333333333,0.26616666666666666,0.197,7.0
NASDAQ,C,1.0,1:3,0.2,1691,1110,71.89333333333343,215.6800000000003,1,0.6179775280898876,0.8558558558558559,0.75,8.144712170257238,431.3600000000006,143.78666666666686,-0.014040686613426067,-0.0251682830525952,-10.856590577567479,0.09483333333333334,0.08283333333333333,0.15416666666666667,0.147,103.0
NASDAQ,C,1.0,1:3,0.5,1691,1110,71.89333333333343,215.6800000000003,2,0.6179775280898876,0.8558558558558559,0.75,8.144712170257238,862.7200000000012,287.5733333333337,-0.014040686613426067,-0.0251682830525952,-21.713181155134958,0.25716666666666665,0.18266666666666667,0.32166666666666666,0.22016666666666668,33.0
NASDAQ,C,1.0,1:3,1.0,1691,1110,71.89333333333343,215.6800000000003,5,0.6179775280898876,0.8558558558558559,0.75,8.144712170257238,2156.800000000003,718.9333333333343,-0.014040686613426067,-0.0251682830525952,-54.28295288783738,0.36433333333333334,0.2745,0.3898333333333333,0.30416666666666664,7.0
NASDAQ,C,1.0,1:10,0.2,1691,1483,21.56800000000003,215.6800000000003,1,0.8344175044352454,0.9480782198246797,0.9090909090909091,5.222597303004118,431.3600000000006,43.13600000000006,-0.014204712459222838,-0.025332308898391966,-10.927344766410373,0.002,0.0018333333333333333,0.0105,0.010833333333333334,159.0
NASDAQ,C,1.0,1:10,0.5,1691,1483,21.56800000000003,215.6800000000003,2,0.8344175044352454,0.9480782198246797,0.9090909090909091,5.222597303004118,862.7200000000012,86.27200000000012,-0.014204712459222838,-0.025332308898391966,-21.854689532820746,0.058666666666666666,0.05216666666666667,0.1515,0.123,93.0
NASDAQ,C,1.0,1:10,1.0,1691,1483,21.56800000000003,215.6800000000003,5,0.8344175044352454,0.9480782198246797,0.9090909090909091,5.222597303004118,2156.800000000003,215.6800000000003,-0.014204712459222838,-0.025332308898391966,-54.63672383205188,0.2355,0.18066666666666667,0.3435,0.24766666666666667,21.0
NASDAQ,C,1.0,1:30,0.2,1691,1610,7.189333333333343,215.6800000000003,1,0.9314015375517445,0.9782608695652174,0.967741935483871,2.3888327147647708,431.3600000000006,14.378666666666685,-0.011217145842801892,-0.02234474228197102,-9.638628030751033,0.0,0.0,0.0,0.0,
NASDAQ,C,1.0,1:30,0.5,1691,1610,7.189333333333343,215.6800000000003,2,0.9314015375517445,0.9782608695652174,0.967741935483871,2.3888327147647708,862.7200000000012,28.75733333333337,-0.011217145842801892,-0.02234474228197102,-19.277256061502065,0.00016666666666666666,0.00016666666666666666,0.013666666666666667,0.018333333333333333,183.0
NASDAQ,C,1.0,1:30,1.0,1691,1610,7.189333333333343,215.6800000000003,5,0.9314015375517445,0.9782608695652174,0.967741935483871,2.3888327147647708,2156.800000000003,71.89333333333343,-0.011217145842801892,-0.02234474228197102,-48.193140153755145,0.04633333333333333,0.036,0.2265,0.16,75.5
SP500,A,0.25,1:1,0.2,1692,1591,11.47787500000004,11.47787500000004,7,0.48699763593380613,0.48900062853551224,0.5,-0.8774713684868267,401.7256250000014,401.7256250000014,-0.014746822884576606,-0.15414544850125167,-61.92417664007086,0.06383333333333334,0.05333333333333334,0.3506666666666667,0.23916666666666667,26.0
SP500,A,0.25,1:1,0.5,1692,1591,11.47787500000004,11.47787500000004,17,0.48699763593380613,0.48900062853551224,0.5,-0.8774713684868267,975.6193750000034,975.6193750000034,-0.014746822884576606,-0.15414544850125167,-150.3872861258864,0.2085,0.16916666666666666,0.3888333333333333,0.32166666666666666,5.0
SP500,A,0.25,1:1,1.0,1692,1591,11.47787500000004,11.47787500000004,35,0.48699763593380613,0.48900062853551224,0.5,-0.8774713684868267,2008.628125000007,2008.628125000007,-0.014746822884576606,-0.15414544850125167,-309.62088320035434,0.1795,0.16333333333333333,0.2375,0.18833333333333332,4.0
SP500,A,0.25,1:3,0.2,1692,1675,3.8259583333333467,11.47787500000004,7,0.735224586288416,0.742089552238806,0.75,-0.7476663528101097,401.7256250000014,133.90854166666713,-0.011925852704573331,-0.15132447832124843,-60.790920631402685,0.00016666666666666666,0.0,0.2305,0.18716666666666668,
SP500,A,0.25,1:3,0.5,1692,1675,3.8259583333333467,11.47787500000004,17,0.735224586288416,0.742089552238806,0.75,-0.7476663528101097,975.6193750000034,325.20645833333447,-0.011925852704573331,-0.15132447832124843,-147.63509296197796,0.019833333333333335,0.02,0.3915,0.2728333333333333,22.0
SP500,A,0.25,1:3,1.0,1692,1675,3.8259583333333467,11.47787500000004,35,0.735224586288416,0.742089552238806,0.75,-0.7476663528101097,2008.628125000007,669.5427083333357,-0.011925852704573331,-0.15132447832124843,-303.95460315701337,0.12816666666666668,0.1015,0.3913333333333333,0.27516666666666667,7.0
SP500,A,0.25,1:10,0.2,1692,1689,1.147787500000004,11.47787500000004,7,0.0,0.8975725281231498,0.9090909090909092,-1.6466410901622046,401.7256250000014,40.17256250000014,-0.013196965773059807,-0.15259559138973486,-61.30155932328608,0.0,0.0,0.025333333333333333,0.02666666666666667,
SP500,A,0.25,1:10,0.5,1692,1689,1.147787500000004,11.47787500000004,17,0.0,0.8975725281231498,0.9090909090909092,-1.6466410901622046,975.6193750000034,97.56193750000034,-0.013196965773059807,-0.15259559138973486,-148.87521549940908,0.0,0.0,0.249,0.19866666666666666,
SP500,A,0.25,1:10,1.0,1692,1689,1.147787500000004,11.47787500000004,35,0.0,0.8975725281231498,0.9090909090909092,-1.6466410901622046,2008.628125000007,200.8628125000007,-0.013196965773059807,-0.15259559138973486,-306.5077966164304,0.0,0.0,0.38133333333333336,0.23716666666666666,
SP500,A,0.25,1:30,0.2,1692,1690,0.3825958333333347,11.47787500000004,7,0.0,0.9562130177514793,0.9677419354838709,-2.6824581737733215,401.7256250000014,13.390854166666715,-0.012265497397531008,-0.15166412301420606,-60.92736460795905,0.0,0.0,0.0,0.0,
SP500,A,0.25,1:30,0.5,1692,1690,0.3825958333333347,11.47787500000004,17,0.0,0.9562130177514793,0.9677419354838709,-2.6824581737733215,975.6193750000034,32.52064583333345,-0.012265497397531008,-0.15166412301420606,-147.96645690504343,0.0,0.0,0.06116666666666667,0.05316666666666667,
SP500,A,0.25,1:30,1.0,1692,1690,0.3825958333333347,11.47787500000004,35,0.0,0.9562130177514793,0.9677419354838709,-2.6824581737733215,2008.628125000007,66.95427083333357,-0.012265497397531008,-0.15166412301420606,-304.6368230397952,0.0,0.0,0.262,0.15816666666666668,
SP500,A,0.5,1:1,0.2,1692,1257,22.95575000000008,22.95575000000008,3,0.49113475177304966,0.48766905330151156,0.5,-0.8743675973561018,344.3362500000012,344.3362500000012,0.004558975358311612,-0.06514033745002593,-22.4301795212766,0.13616666666666666,0.11016666666666666,0.4096666666666667,0.2976666666666667,44.0
SP500,A,0.5,1:1,0.5,1692,1257,22.95575000000008,22.95575000000008,9,0.49113475177304966,0.48766905330151156,0.5,-0.8743675973561018,1033.0087500000036,1033.0087500000036,0.004558975358311612,-0.06514033745002593,-67.2905385638297,0.29983333333333334,0.222,0.39166666666666666,0.3165,7.0
SP500,A,0.5,1:1,1.0,1692,1257,22.95575000000008,22.95575000000008,17,0.49113475177304966,0.48766905330151156,0.5,-0.8743675973561018,1951.2387500000068,1951.2387500000068,0.004558975358311612,-0.06514033745002593,-127.10435062056729,0.228,0.18133333333333335,0.3605,0.301,4.0
SP500,A,0.5,1:3,0.2,1692,1564,7.651916666666693,22.95575000000008,3,0.7050827423167849,0.7487212276214834,0.75,-0.1167914324947537,344.3362500000012,114.7787500000004,-0.01371606199534854,-0.08341537480368609,-28.722937352245857,0.004666666666666667,0.004833333333333334,0.15583333333333332,0.14716666666666667,95.0
SP500,A,0.5,1:3,0.5,1692,1564,7.651916666666693,22.95575000000008,9,0.7050827423167849,0.7487212276214834,0.75,-0.1167914324947537,1033.0087500000036,344.3362500000012,-0.01371606199534854,-0.08341537480368609,-86.16881205673755,0.12166666666666667,0.09583333333333334,0.3626666666666667,0.268,20.0
SP500,A,0.5,1:3,1.0,1692,1564,7.651916666666693,22.95575000000008,17,0.7050827423167849,0.7487212276214834,0.75,-0.1167914324947537,1951.2387500000068,650.4129166666689,-0.01371606199534854,-0.08341537480368609,-162.76331166272647,0.24283333333333335,0.1735,0.43483333333333335,0.37,5.0
SP500,A,0.5,1:10,0.2,1692,1671,2.295575000000008,22.95575000000008,3,0.9013002364066194,0.9120287253141831,0.9090909090909092,0.41773949258175996,344.3362500000012,34.43362500000012,0.000250431700891079,-0.06944888110744647,-23.913767287234048,0.0,0.0,0.030833333333333334,0.0335,
SP500,A,0.5,1:10,0.5,1692,1671,2.295575000000008,22.95575000000008,9,0.9013002364066194,0.9120287253141831,0.9090909090909092,0.41773949258175996,1033.0087500000036,103.30087500000035,0.000250431700891079,-0.06944888110744647,-71.74130186170211,0.00016666666666666666,0.0,0.4058333333333333,0.3005,
SP500,A,0.5,1:10,1.0,1692,1671,2.295575000000008,22.95575000000008,17,0.9013002364066194,0.9120287253141831,0.9090909090909092,0.41773949258175996,1951.2387500000068,195.12387500000068,0.000250431700891079,-0.06944888110744647,-135.5113479609929,0.006833333333333334,0.006833333333333334,0.47783333333333333,0.383,50.0
SP500,A,0.5,1:30,0.2,1692,1687,0.7651916666666694,22.95575000000008,3,0.0,0.9626556016597511,0.9677419354838709,-1.1823974051856272,344.3362500000012,11.477875000000042,-0.006160428120751399,-0.07585974092908894,-26.1212587174941,0.0,0.0,0.0,0.0,
SP500,A,0.5,1:30,0.5,1692,1687,0.7651916666666694,22.95575000000008,9,0.0,0.9626556016597511,0.9677419354838709,-1.1823974051856272,1033.0087500000036,34.43362500000012,-0.006160428120751399,-0.07585974092908894,-78.36377615248229,0.0,0.0,0.11583333333333333,0.11866666666666667,
SP500,A,0.5,1:30,1.0,1692,1687,0.7651916666666694,22.95575000000008,17,0.0,0.9626556016597511,0.9677419354838709,-1.1823974051856272,1951.2387500000068,65.0412916666669,-0.006160428120751399,-0.07585974092908894,-148.02046606579984,0.0,0.0,0.335,0.281,
SP500,A,1.0,1:1,0.2,1692,545,45.91150000000016,45.91150000000016,2,0.5118203309692672,0.43302752293577984,0.5,-3.12697643921027,459.1150000000016,459.1150000000016,0.014973000656082806,-0.019876655748085958,-9.125670803782517,0.2708333333333333,0.18666666666666668,0.4866666666666667,0.339,50.0
SP500,A,1.0,1:1,0.5,1692,545,45.91150000000016,45.91150000000016,4,0.5118203309692672,0.43302752293577984,0.5,-3.12697643921027,918.2300000000032,918.2300000000032,0.014973000656082806,-0.019876655748085958,-18.251341607565035,0.3455,0.2708333333333333,0.46066666666666667,0.36483333333333334,15.0
SP500,A,1.0,1:1,1.0,1692,545,45.91150000000016,45.91150000000016,9,0.5118203309692672,0.43302752293577984,0.5,-3.12697643921027,2066.017500000007,2066.017500000007,0.014973000656082806,-0.019876655748085958,-41.06551861702137,0.273,0.20766666666666667,0.3335,0.25,7.0
SP500,A,1.0,1:3,0.2,1692,1157,15.303833333333387,45.91150000000016,2,0.6317966903073287,0.8003457216940363,0.75,3.9548372330114847,459.1150000000016,153.03833333333387,-0.006323861406465684,-0.04117351781063445,-18.9033796296295,0.051833333333333335,0.04833333333333333,0.25433333333333336,0.2175,88.0
SP500,A,1.0,1:3,0.5,1692,1157,15.303833333333387,45.91150000000016,4,0.6317966903073287,0.8003457216940363,0.75,3.9548372330114847,918.2300000000032,306.07666666666773,-0.006323861406465684,-0.04117351781063445,-37.806759259259,0.1815,0.14516666666666667,0.38716666666666666,0.2816666666666667,29.0
SP500,A,1.0,1:3,1.0,1692,1157,15.303833333333387,45.91150000000016,9,0.6317966903073287,0.8003457216940363,0.75,3.9548372330114847,2066.017500000007,688.6725000000024,-0.006323861406465684,-0.04117351781063445,-85.06520833333276,0.30516666666666664,0.24483333333333332,0.41683333333333333,0.31166666666666665,7.0
SP500,A,1.0,1:10,0.2,1692,1547,4.591150000000016,45.91150000000016,2,0.8522458628841607,0.929541047188106,0.9090909090909092,2.7979122330064157,459.1150000000016,45.91150000000016,-0.008822951567653886,-0.043672607971822645,-20.05074940898342,0.0,0.0,0.041666666666666664,0.03816666666666667,
SP500,A,1.0,1:10,0.5,1692,1547,4.591150000000016,45.91150000000016,4,0.8522458628841607,0.929541047188106,0.9090909090909092,2.7979122330064157,918.2300000000032,91.82300000000032,-0.008822951567653886,-0.043672607971822645,-40.10149881796684,0.009333333333333334,0.010166666666666666,0.25266666666666665,0.198,95.0
SP500,A,1.0,1:10,1.0,1692,1547,4.591150000000016,45.91150000000016,9,0.8522458628841607,0.929541047188106,0.9090909090909092,2.7979122330064157,2066.017500000007,206.6017500000007,-0.008822951567653886,-0.043672607971822645,-90.22837234042541,0.1005,0.08333333333333333,0.38666666666666666,0.261,26.0
SP500,A,1.0,1:30,0.2,1692,1647,1.5303833333333388,45.91150000000016,2,0.0,0.9769277474195507,0.9677419354838709,2.1099172158550776,459.1150000000016,15.303833333333387,-0.001059459634485112,-0.03590911603865388,-16.486413810086635,0.0,0.0,0.00016666666666666666,0.00016666666666666666,
SP500,A,1.0,1:30,0.5,1692,1647,1.5303833333333388,45.91150000000016,4,0.0,0.9769277474195507,0.9677419354838709,2.1099172158550776,918.2300000000032,30.607666666666773,-0.001059459634485112,-0.03590911603865388,-32.97282762017327,0.0,0.0,0.10566666666666667,0.11266666666666666,
SP500,A,1.0,1:30,1.0,1692,1647,1.5303833333333388,45.91150000000016,9,0.0,0.9769277474195507,0.9677419354838709,2.1099172158550776,2066.017500000007,68.86725000000024,-0.001059459634485112,-0.03590911603865388,-74.18886214538985,0.0,0.0,0.42283333333333334,0.28833333333333333,
SP500,B,0.25,1:1,0.2,1167,1130,11.47787500000004,11.47787500000004,7,0.4944301628106255,0.4920353982300885,0.5,-0.5354677055778553,401.7256250000014,401.7256250000014,-0.009847859282118895,-0.14924648489879397,-59.95613742502128,0.07433333333333333,0.06433333333333334,0.3601666666666667,0.24866666666666667,27.0
SP500,B,0.25,1:1,0.5,1167,1130,11.47787500000004,11.47787500000004,17,0.4944301628106255,0.4920353982300885,0.5,-0.5354677055778553,975.6193750000034,975.6193750000034,-0.009847859282118895,-0.14924648489879397,-145.60776231790882,0.21733333333333332,0.17066666666666666,0.4071666666666667,0.3288333333333333,5.0
SP500,B,0.25,1:1,1.0,1167,1130,11.47787500000004,11.47787500000004,35,0.4944301628106255,0.4920353982300885,0.5,-0.5354677055778553,2008.628125000007,2008.628125000007,-0.009847859282118895,-0.14924648489879397,-299.7806871251064,0.19083333333333333,0.17066666666666666,0.23733333333333334,0.189,4.0
SP500,B,0.25,1:3,0.2,1167,1164,3.8259583333333467,11.47787500000004,7,0.7386461011139674,0.7405498281786942,0.75,-0.7445871877646514,401.7256250000014,133.90854166666713,-0.013168436276238793,-0.15256706189291386,-61.29009829334472,0.00016666666666666666,0.0003333333333333333,0.21583333333333332,0.18,114.0
SP500,B,0.25,1:3,0.5,1167,1164,3.8259583333333467,11.47787500000004,17,0.7386461011139674,0.7405498281786942,0.75,-0.7445871877646514,975.6193750000034,325.20645833333447,-0.013168436276238793,-0.15256706189291386,-148.8473815695515,0.023166666666666665,0.0195,0.37933333333333336,0.282,22.0
SP500,B,0.25,1:3,1.0,1167,1164,3.8259583333333467,11.47787500000004,35,0.7386461011139674,0.7405498281786942,0.75,-0.7445871877646514,2008.628125000007,669.5427083333357,-0.013168436276238793,-0.15256706189291386,-306.4504914667236,0.12916666666666668,0.10116666666666667,0.38433333333333336,0.2768333333333333,7.0
SP500,B,0.25,1:10,0.2,1167,1167,1.147787500000004,11.47787500000004,7,0.0,0.8800342759211653,0.9090909090909092,-3.452815747986844,401.7256250000014,40.17256250000014,-0.03196229648671809,-0.17136092210339318,-68.84007353256217,0.0,0.0,0.004166666666666667,0.004166666666666667,
SP500,B,0.25,1:10,0.5,1167,1167,1.147787500000004,11.47787500000004,17,0.0,0.8800342759211653,0.9090909090909092,-3.452815747986844,975.6193750000034,97.56193750000034,-0.03196229648671809,-0.17136092210339318,-167.18303572193673,0.0,0.0,0.12883333333333333,0.0905,
SP500,B,0.25,1:10,1.0,1167,1167,1.147787500000004,11.47787500000004,35,0.0,0.8800342759211653,0.9090909090909092,-3.452815747986844,2008.628125000007,200.8628125000007,-0.03196229648671809,-0.17136092210339318,-344.20036766281095,0.0,0.0,0.2768333333333333,0.176,
SP500,B,0.25,1:30,0.2,1167,1167,0.3825958333333347,11.47787500000004,7,0.0,0.910025706940874,0.9677419354838709,-11.159235399630635,401.7256250000014,13.390854166666715,-0.0596401028277635,-0.19903872844443854,-79.95895758354764,0.0,0.0,0.0,0.0,
SP500,B,0.25,1:30,0.5,1167,1167,0.3825958333333347,11.47787500000004,17,0.0,0.910025706940874,0.9677419354838709,-11.159235399630635,975.6193750000034,32.52064583333345,-0.0596401028277635,-0.19903872844443854,-194.1860398457586,0.0,0.0,0.0003333333333333333,0.00016666666666666666,
SP500,B,0.25,1:30,1.0,1167,1167,0.3825958333333347,11.47787500000004,35,0.0,0.910025706940874,0.9677419354838709,-11.159235399630635,2008.628125000007,66.95427083333357,-0.0596401028277635,-0.19903872844443854,-399.79478791773823,0.0,0.0,0.018833333333333334,0.015666666666666666,
SP500,B,0.5,1:1,0.2,1167,904,22.95575000000008,22.95575000000008,3,0.5029991431019709,0.48783185840707965,0.5,-0.7317091157615127,344.3362500000012,344.3362500000012,0.004736065878991638,-0.06496324692934592,-22.369200835475098,0.1615,0.12016666666666667,0.39666666666666667,0.2916666666666667,46.0
SP500,B,0.5,1:1,0.5,1167,904,22.95575000000008,22.95575000000008,9,0.5029991431019709,0.48783185840707965,0.5,-0.7317091157615127,1033.0087500000036,1033.0087500000036,0.004736065878991638,-0.06496324692934592,-67.10760250642518,0.28733333333333333,0.23016666666666666,0.4056666666666667,0.3105,7.0
SP500,B,0.5,1:1,1.0,1167,904,22.95575000000008,22.95575000000008,17,0.5029991431019709,0.48783185840707965,0.5,-0.7317091157615127,1951.2387500000068,1951.2387500000068,0.004736065878991638,-0.06496324692934592,-126.75880473435873,0.2375,0.18566666666666667,0.356,0.3025,4.0
SP500,B,0.5,1:3,0.2,1167,1114,7.651916666666693,22.95575000000008,3,0.7275064267352185,0.7531418312387792,0.75,0.24217249318866152,344.3362500000012,114.7787500000004,-0.006379351357099245,-0.07607866416543681,-26.19664192373598,0.008666666666666666,0.008,0.21133333333333335,0.18483333333333332,86.5
SP500,B,0.5,1:3,0.5,1167,1114,7.651916666666693,22.95575000000008,9,0.7275064267352185,0.7531418312387792,0.75,0.24217249318866152,1033.0087500000036,344.3362500000012,-0.006379351357099245,-0.07607866416543681,-78.5899257712079,0.14266666666666666,0.12233333333333334,0.4055,0.2786666666666667,20.0
SP500,B,0.5,1:3,1.0,1167,1114,7.651916666666693,22.95575000000008,17,0.7275064267352185,0.7531418312387792,0.75,0.24217249318866152,1951.2387500000068,650.4129166666689,-0.006379351357099245,-0.07607866416543681,-148.4476375678372,0.27116666666666667,0.20433333333333334,0.4668333333333333,0.41783333333333333,5.0
SP500,B,0.5,1:10,0.2,1167,1154,2.295575000000008,22.95575000000008,3,0.8920308483290489,0.9020797227036396,0.9090909090909092,-0.8284896784593627,344.3362500000012,34.43362500000012,-0.012823962453526494,-0.08252327526186404,-28.41575514138813,0.0,0.0,0.010166666666666666,0.0095,
SP500,B,0.5,1:10,0.5,1167,1154,2.295575000000008,22.95575000000008,9,0.8920308483290489,0.9020797227036396,0.9090909090909092,-0.8284896784593627,1033.0087500000036,103.30087500000035,-0.012823962453526494,-0.08252327526186404,-85.24726542416437,0.00016666666666666666,0.0,0.25766666666666665,0.199,
SP500,B,0.5,1:10,1.0,1167,1154,2.295575000000008,22.95575000000008,17,0.8920308483290489,0.9020797227036396,0.9090909090909092,-0.8284896784593627,1951.2387500000068,195.12387500000068,-0.012823962453526494,-0.08252327526186404,-161.02261246786605,0.004,0.003,0.3878333333333333,0.3205,50.0
SP500,B,0.5,1:30,0.2,1167,1164,0.7651916666666694,22.95575000000008,3,0.0,0.9458762886597938,0.9677419354838709,-4.222210541371661,344.3362500000012,11.477875000000042,-0.024094567543844182,-0.09379388035218174,-32.29663303341905,0.0,0.0,0.0,0.0,
SP500,B,0.5,1:30,0.5,1167,1164,0.7651916666666694,22.95575000000008,9,0.0,0.9458762886597938,0.9677419354838709,-4.222210541371661,1033.0087500000036,34.43362500000012,-0.024094567543844182,-0.09379388035218174,-96.88989910025714,0.0,0.0,0.018166666666666668,0.017,
SP500,B,0.5,1:30,1.0,1167,1164,0.7651916666666694,22.95575000000008,17,0.0,0.9458762886597938,0.9677419354838709,-4.222210541371661,1951.2387500000068,65.0412916666669,-0.024094567543844182,-0.09379388035218174,-183.01425385604125,0.0,0.0,0.1235,0.11266666666666666,
SP500,B,1.0,1:1,0.2,1167,432,45.91150000000016,45.91150000000016,2,0.5004284490145673,0.44212962962962965,0.5,-2.4056261216234396,459.1150000000016,459.1150000000016,-0.006622351591988366,-0.041472007996157134,-19.040420951155753,0.18233333333333332,0.143,0.3415,0.257,43.0
SP500,B,1.0,1:1,0.5,1167,432,45.91150000000016,45.91150000000016,4,0.5004284490145673,0.44212962962962965,0.5,-2.4056261216234396,918.2300000000032,918.2300000000032,-0.006622351591988366,-0.041472007996157134,-38.080841902311505,0.294,0.2165,0.39166666666666666,0.2991666666666667,13.0
SP500,B,1.0,1:1,1.0,1167,432,45.91150000000016,45.91150000000016,9,0.5004284490145673,0.44212962962962965,0.5,-2.4056261216234396,2066.017500000007,2066.017500000007,-0.006622351591988366,-0.041472007996157134,-85.6818942802009,0.234,0.192,0.29483333333333334,0.22716666666666666,6.0
SP500,B,1.0,1:3,0.2,1167,848,15.303833333333387,45.91150000000016,2,0.6529562982005142,0.7924528301886793,0.75,2.8549857085853216,459.1150000000016,153.03833333333387,-0.013363173258307387,-0.04821282966247614,-22.135233290487815,0.0515,0.043666666666666666,0.208,0.18383333333333332,82.5
SP500,B,1.0,1:3,0.5,1167,848,15.303833333333387,45.91150000000016,4,0.6529562982005142,0.7924528301886793,0.75,2.8549857085853216,918.2300000000032,306.07666666666773,-0.013363173258307387,-0.04821282966247614,-44.27046658097563,0.1765,0.13483333333333333,0.3398333333333333,0.251,27.0
SP500,B,1.0,1:3,1.0,1167,848,15.303833333333387,45.91150000000016,9,0.6529562982005142,0.7924528301886793,0.75,2.8549857085853216,2066.017500000007,688.6725000000024,-0.013363173258307387,-0.04821282966247614,-99.6085498071952,0.31516666666666665,0.23033333333333333,0.3895,0.298,6.0
SP500,B,1.0,1:10,0.2,1167,1084,4.591150000000016,45.91150000000016,2,0.8637532133676092,0.9271217712177122,0.9090909090909092,2.0650178916873614,459.1150000000016,45.91150000000016,-0.008275273669515415,-0.04312493007368418,-19.79930227077958,0.0,0.00016666666666666666,0.048666666666666664,0.047,143.0
SP500,B,1.0,1:10,0.5,1167,1084,4.591150000000016,45.91150000000016,4,0.8637532133676092,0.9271217712177122,0.9090909090909092,2.0650178916873614,918.2300000000032,91.82300000000032,-0.008275273669515415,-0.04312493007368418,-39.59860454155916,0.009166666666666667,0.01,0.24916666666666668,0.20066666666666666,81.0
SP500,B,1.0,1:10,1.0,1167,1084,4.591150000000016,45.91150000000016,9,0.8637532133676092,0.9271217712177122,0.9090909090909092,2.0650178916873614,2066.017500000007,206.6017500000007,-0.008275273669515415,-0.04312493007368418,-89.09686021850811,0.11483333333333333,0.09066666666666667,0.39016666666666666,0.2648333333333333,25.0
SP500,B,1.0,1:30,0.2,1167,1137,1.5303833333333388,45.91150000000016,2,0.0,0.9683377308707124,0.9677419354838709,0.11370470480355044,459.1150000000016,15.303833333333387,-0.008804077357539561,-0.04365373376170833,-20.042083976006786,0.0,0.0,0.0,0.0,
SP500,B,1.0,1:30,0.5,1167,1137,1.5303833333333388,45.91150000000016,4,0.0,0.9683377308707124,0.9677419354838709,0.11370470480355044,918.2300000000032,30.607666666666773,-0.008804077357539561,-0.04365373376170833,-40.08416795201357,0.0,0.0,0.04583333333333333,0.03983333333333333,
SP500,B,1.0,1:30,1.0,1167,1137,1.5303833333333388,45.91150000000016,9,0.0,0.9683377308707124,0.9677419354838709,0.11370470480355044,2066.017500000007,68.86725000000024,-0.008804077357539561,-0.04365373376170833,-90.18937789203056,0.0,0.0,0.28683333333333333,0.185,
SP500,C,0.25,1:1,0.2,1692,1591,11.47787500000004,11.47787500000004,7,0.49645390070921985,0.5103708359522313,0.5,0.8273301474304365,401.7256250000014,401.7256250000014,0.013564789787649892,-0.1258338358290252,-50.55067634456271,0.10016666666666667,0.0695,0.4543333333333333,0.30416666666666664,31.0
SP500,C,0.25,1:1,0.5,1692,1591,11.47787500000004,11.47787500000004,17,0.49645390070921985,0.5103708359522313,0.5,0.8273301474304365,975.6193750000034,975.6193750000034,0.013564789787649892,-0.1258338358290252,-122.76592826536658,0.22766666666666666,0.1895,0.45116666666666666,0.3385,6.0
SP500,C,0.25,1:1,1.0,1692,1591,11.47787500000004,11.47787500000004,35,0.49645390070921985,0.5103708359522313,0.5,0.8273301474304365,2008.628125000007,2008.628125000007,0.013564789787649892,-0.1258338358290252,-252.75338172281354,0.2085,0.184,0.25466666666666665,0.21766666666666667,4.0
SP500,C,0.25,1:3,0.2,1692,1668,3.8259583333333467,11.47787500000004,7,0.7405437352245863,0.750599520383693,0.75,0.05654592864533105,401.7256250000014,133.90854166666713,-0.0033720526850116073,-0.1427706783016867,-57.35463997241922,0.0003333333333333333,0.00016666666666666666,0.29783333333333334,0.24133333333333334,100.0
SP500,C,0.25,1:3,0.5,1692,1668,3.8259583333333467,11.47787500000004,17,0.7405437352245863,0.750599520383693,0.75,0.05654592864533105,975.6193750000034,325.20645833333447,-0.0033720526850116073,-0.1427706783016867,-139.28983993301813,0.023,0.021666666666666667,0.427,0.30433333333333334,22.0
SP500,C,0.25,1:3,1.0,1692,1668,3.8259583333333467,11.47787500000004,35,0.7405437352245863,0.750599520383693,0.75,0.05654592864533105,2008.628125000007,669.5427083333357,-0.0033720526850116073,-0.1427706783016867,-286.7731998620961,0.137,0.10566666666666667,0.401,0.2891666666666667,7.0
SP500,C,0.25,1:10,0.2,1692,1682,1.147787500000004,11.47787500000004,7,0.0,0.906064209274673,0.9090909090909092,-0.43179243703445275,401.7256250000014,40.17256250000014,-0.00544279235549515,-0.14484141797217018,-58.186509160756515,0.0,0.0,0.044333333333333336,0.043333333333333335,
SP500,C,0.25,1:10,0.5,1692,1682,1.147787500000004,11.47787500000004,17,0.0,0.906064209274673,0.9090909090909092,-0.43179243703445275,975.6193750000034,97.56193750000034,-0.00544279235549515,-0.14484141797217018,-141.310093676123,0.0,0.0,0.3445,0.2618333333333333,
SP500,C,0.25,1:10,1.0,1692,1682,1.147787500000004,11.47787500000004,35,0.0,0.906064209274673,0.9090909090909092,-0.43179243703445275,2008.628125000007,200.8628125000007,-0.00544279235549515,-0.14484141797217018,-290.93254580378266,0.0,0.0,0.4355,0.26866666666666666,
SP500,C,0.25,1:30,0.2,1692,1689,0.3825958333333347,11.47787500000004,7,0.0,0.9585553582001184,0.9677419354838709,-2.1368282872677766,401.7256250000014,13.390854166666715,-0.00991652924575562,-0.14931515486243066,-59.98372390908198,0.0,0.0,0.0,0.0,
SP500,C,0.25,1:30,0.5,1692,1689,0.3825958333333347,11.47787500000004,17,0.0,0.9585553582001184,0.9677419354838709,-2.1368282872677766,975.6193750000034,32.52064583333345,-0.00991652924575562,-0.14931515486243066,-145.6747580649134,0.0,0.0,0.07033333333333333,0.07466666666666667,
SP500,C,0.25,1:30,1.0,1692,1689,0.3825958333333347,11.47787500000004,35,0.0,0.9585553582001184,0.9677419354838709,-2.1368282872677766,2008.628125000007,66.95427083333357,-0.00991652924575562,-0.14931515486243066,-299.91861954540985,0.0,0.0,0.294,0.1715,
SP500,C,0.5,1:1,0.2,1692,1257,22.95575000000008,22.95575000000008,3,0.4722222222222222,0.5123309466984884,0.5,0.8743675973561018,344.3362500000012,344.3362500000012,-0.004558975358311612,-0.07425828816664916,-25.569820478723468,0.12166666666666667,0.09083333333333334,0.36,0.2728333333333333,45.0
SP500,C,0.5,1:1,0.5,1692,1257,22.95575000000008,22.95575000000008,9,0.4722222222222222,0.5123309466984884,0.5,0.8743675973561018,1033.0087500000036,1033.0087500000036,-0.004558975358311612,-0.07425828816664916,-76.70946143617029,0.2835,0.21133333333333335,0.4088333333333333,0.30183333333333334,7.0
SP500,C,0.5,1:1,1.0,1692,1257,22.95575000000008,22.95575000000008,17,0.4722222222222222,0.5123309466984884,0.5,0.8743675973561018,1951.2387500000068,1951.2387500000068,-0.004558975358311612,-0.07425828816664916,-144.89564937943285,0.22233333333333333,0.17866666666666667,0.33316666666666667,0.2823333333333333,4.0
SP500,C,0.5,1:3,0.2,1692,1545,7.651916666666693,22.95575000000008,3,0.7056737588652482,0.7605177993527508,0.75,0.9547474066849984,344.3362500000012,114.7787500000004,-0.0142257300673898,-0.08392504287572734,-28.898434544917272,0.003833333333333333,0.0035,0.15916666666666668,0.14083333333333334,98.0
SP500,C,0.5,1:3,0.5,1692,1545,7.651916666666693,22.95575000000008,9,0.7056737588652482,0.7605177993527508,0.75,0.9547474066849984,1033.0087500000036,344.3362500000012,-0.0142257300673898,-0.08392504287572734,-86.6953036347518,0.12083333333333333,0.0975,0.3631666666666667,0.2725,19.0
SP500,C,0.5,1:3,1.0,1692,1545,7.651916666666693,22.95575000000008,17,0.7056737588652482,0.7605177993527508,0.75,0.9547474066849984,1951.2387500000068,650.4129166666689,-0.0142257300673898,-0.08392504287572734,-163.7577957545312,0.2365,0.18266666666666667,0.426,0.37283333333333335,5.0
SP500,C,0.5,1:10,0.2,1692,1648,2.295575000000008,22.95575000000008,3,0.8888888888888888,0.912621359223301,0.9090909090909092,0.4985415622797989,344.3362500000012,34.43362500000012,-0.006615441070211952,-0.07631475387854948,-26.27793617021278,0.0,0.0,0.0115,0.0155,
SP500,C,0.5,1:10,0.5,1692,1648,2.295575000000008,22.95575000000008,9,0.8888888888888888,0.912621359223301,0.9090909090909092,0.4985415622797989,1033.0087500000036,103.30087500000035,-0.006615441070211952,-0.07631475387854948,-78.83380851063832,0.0,0.0,0.31933333333333336,0.243,
SP500,C,0.5,1:10,1.0,1692,1648,2.295575000000008,22.95575000000008,17,0.8888888888888888,0.912621359223301,0.9090909090909092,0.4985415622797989,1951.2387500000068,195.12387500000068,-0.006615441070211952,-0.07631475387854948,-148.90830496453904,0.004833333333333334,0.004833333333333334,0.422,0.3411666666666667,50.0
SP500,C,0.5,1:30,0.2,1692,1677,0.7651916666666694,22.95575000000008,3,0.0,0.9695885509838998,0.9677419354838709,0.42800030093784125,344.3362500000012,11.477875000000042,-0.0017178594370930564,-0.0714171722454306,-24.59152127659574,0.0,0.0,0.0,0.0,
SP500,C,0.5,1:30,0.5,1692,1677,0.7651916666666694,22.95575000000008,9,0.0,0.9695885509838998,0.9677419354838709,0.42800030093784125,1033.0087500000036,34.43362500000012,-0.0017178594370930564,-0.0714171722454306,-73.77456382978721,0.0,0.0,0.17116666666666666,0.16483333333333333,
SP500,C,0.5,1:30,1.0,1692,1677,0.7651916666666694,22.95575000000008,17,0.0,0.9695885509838998,0.9677419354838709,0.42800030093784125,1951.2387500000068,65.0412916666669,-0.0017178594370930564,-0.0714171722454306,-139.3519539007092,0.0,0.0,0.4091666666666667,0.33316666666666667,
SP500,C,1.0,1:1,0.2,1692,545,45.91150000000016,45.91150000000016,2,0.4379432624113475,0.5669724770642202,0.5,3.12697643921027,459.1150000000016,459.1150000000016,-0.014973000656082806,-0.04982265706025156,-22.87432919621748,0.138,0.11,0.297,0.21616666666666667,45.0
SP500,C,1.0,1:1,0.5,1692,545,45.91150000000016,45.91150000000016,4,0.4379432624113475,0.5669724770642202,0.5,3.12697643921027,918.2300000000032,918.2300000000032,-0.014973000656082806,-0.04982265706025156,-45.74865839243496,0.2595,0.2035,0.35033333333333333,0.2703333333333333,14.0
SP500,C,1.0,1:1,1.0,1692,545,45.91150000000016,45.91150000000016,9,0.4379432624113475,0.5669724770642202,0.5,3.12697643921027,2066.017500000007,2066.017500000007,-0.014973000656082806,-0.04982265706025156,-102.9344813829787,0.217,0.17216666666666666,0.2803333333333333,0.21533333333333332,7.0
SP500,C,1.0,1:3,0.2,1692,1081,15.303833333333387,45.91150000000016,2,0.5986997635933806,0.8575393154486587,0.75,8.165437868122469,459.1150000000016,153.03833333333387,-0.012639778055884687,-0.04748943446005345,-21.803111702127516,0.03216666666666667,0.0275,0.17133333333333334,0.1575,90.0
SP500,C,1.0,1:3,0.5,1692,1081,15.303833333333387,45.91150000000016,4,0.5986997635933806,0.8575393154486587,0.75,8.165437868122469,918.2300000000032,306.07666666666773,-0.012639778055884687,-0.04748943446005345,-43.60622340425503,0.14866666666666667,0.1105,0.31733333333333336,0.22766666666666666,32.0
SP500,C,1.0,1:3,1.0,1692,1081,15.303833333333387,45.91150000000016,9,0.5986997635933806,0.8575393154486587,0.75,8.165437868122469,2066.017500000007,688.6725000000024,-0.012639778055884687,-0.04748943446005345,-98.11400265957384,0.2845,0.223,0.3963333333333333,0.3011666666666667,8.0
SP500,C,1.0,1:10,0.2,1692,1477,4.591150000000016,45.91150000000016,2,0.83274231678487,0.9519295870006771,0.9090909090909092,5.726891984987871,459.1150000000016,45.91150000000016,-0.009934592786939646,-0.044784249191108405,-20.56112056737581,0.0,0.0,0.023833333333333335,0.023666666666666666,
SP500,C,1.0,1:10,0.5,1692,1477,4.591150000000016,45.91150000000016,4,0.83274231678487,0.9519295870006771,0.9090909090909092,5.726891984987871,918.2300000000032,91.82300000000032,-0.009934592786939646,-0.044784249191108405,-41.12224113475162,0.004,0.004333333333333333,0.21716666666666667,0.16866666666666666,91.0
SP500,C,1.0,1:10,1.0,1692,1477,4.591150000000016,45.91150000000016,9,0.83274231678487,0.9519295870006771,0.9090909090909092,5.726891984987871,2066.017500000007,206.6017500000007,-0.009934592786939646,-0.044784249191108405,-92.52504255319113,0.08116666666666666,0.06333333333333334,0.37766666666666665,0.26166666666666666,31.0
SP500,C,1.0,1:30,0.2,1692,1619,1.5303833333333388,45.91150000000016,2,0.0,0.9851760345892526,0.9677419354838709,3.9703061940421365,459.1150000000016,15.303833333333387,-0.0009465299442419076,-0.03579618634841068,-16.434566095350622,0.0,0.0,0.0,0.0,
SP500,C,1.0,1:30,0.5,1692,1619,1.5303833333333388,45.91150000000016,4,0.0,0.9851760345892526,0.9677419354838709,3.9703061940421365,918.2300000000032,30.607666666666773,-0.0009465299442419076,-0.03579618634841068,-32.869132190701244,0.0,0.0,0.09333333333333334,0.08616666666666667,
SP500,C,1.0,1:30,1.0,1692,1619,1.5303833333333388,45.91150000000016,9,0.0,0.9851760345892526,0.9677419354838709,3.9703061940421365,2066.017500000007,68.86725000000024,-0.0009465299442419076,-0.03579618634841068,-73.95554742907782,0.0,0.0,0.4095,0.2896666666666667,
