dia,ts,i,fin,lado,entrada,stop,obj,riesgo,exceso,mecha,cuerpo,visto,A,B,C
2020-01-20,2020-01-20 07:29:00,3568,3634,-1,1.10986,1.11033,1.1089200000000001,4.699999999999704,0.20000000000131024,1.2000000000012,2.6999999999999247,False,False,True,False
2020-01-21,2020-01-21 08:29:00,3868,3922,1,1.10896,1.1086,1.10993,3.5999999999991594,1.7000000000000348,1.7000000000000348,2.5999999999992696,False,False,False,False
2020-01-22,2020-01-22 07:29:00,4144,4210,1,1.10791,1.10743,1.10868,4.8000000000003595,0.30000000000196536,2.000000000002,2.100000000000435,False,False,True,False
2020-01-30,2020-01-30 07:19:00,5870,5938,1,1.10087,1.10059,1.10179,2.80000000000058,0.4999999999988347,2.100000000000435,1.2000000000012,False,False,True,False
2020-02-06,2020-02-06 07:44:00,7315,7378,-1,1.10027,1.10066,1.0994900000000003,3.8999999999989043,2.100000000000435,3.5000000000007248,2.0999999999982144,False,False,False,False
2020-02-14,2020-02-14 07:59:00,9043,9103,-1,1.0841,1.08442,1.0834600000000003,3.1999999999987594,0.5000000000010552,1.40000000000029,1.9999999999997797,False,False,True,False
2020-02-20,2020-02-20 07:29:00,10189,10255,1,1.07855,1.07768,1.08152,8.699999999999264,2.100000000000435,9.200000000000319,1.9999999999997797,False,False,False,False
2020-03-04,2020-03-04 11:04:00,12823,12846,1,1.11397,1.11349,1.1185,4.799999999998139,4.599999999999049,7.299999999998974,3.4000000000000696,False,False,False,False
2020-03-05,2020-03-05 08:04:00,13075,13134,1,1.11286,1.11185,1.11436,10.099999999999554,4.700000000001925,11.700000000001154,5.599999999998939,False,False,False,True
2020-03-13,2020-03-13 10:19:00,14854,14886,1,1.11538,1.11473,1.12213,6.500000000000394,3.300000000001635,3.900000000001125,4.900000000001015,False,False,False,True
2020-03-18,2020-03-18 07:59:00,15690,15750,1,1.09722,1.09546,1.10451,17.599999999999838,7.399999999999629,10.799999999999699,13.300000000000534,False,False,False,True
2020-03-19,2020-03-19 07:19:00,15970,16038,1,1.08526,1.08122,1.0949,40.399999999998215,20.199999999999108,31.799999999999606,38.3,False,False,False,True
2020-04-16,2020-04-16 09:59:00,21732,21756,1,1.08689,1.08596,1.09111,9.299999999998754,0.9999999999998899,3.8999999999989043,6.399999999999739,True,True,True,True
2020-05-04,2020-05-04 06:09:00,25137,25207,1,1.0931,1.09245,1.09736,6.500000000000394,0.40000000000040004,1.9999999999997797,4.500000000000615,False,True,True,True
2020-05-07,2020-05-07 06:44:00,26008,26071,1,1.07941,1.07865,1.08045,7.599999999998719,1.9999999999997797,3.4000000000000696,6.699999999999484,False,False,False,True
2020-05-12,2020-05-12 07:09:00,26877,26935,-1,1.082,1.08276,1.0804800000000003,7.599999999998719,3.2999999999994145,10.399999999999299,5.499999999998284,True,False,False,True
2020-05-15,2020-05-15 06:09:00,27729,27799,-1,1.08061,1.0811,1.0796300000000003,4.899999999998794,1.500000000000945,2.100000000000435,3.4000000000000696,False,False,True,False
2020-05-21,2020-05-21 10:59:00,28938,28950,-1,1.09849,1.09934,1.09679,8.500000000000174,6.00000000000156,11.000000000001009,5.9000000000009045,False,False,False,True
2020-05-28,2020-05-28 07:59:00,30339,30387,1,1.10042,1.0995,1.10351,9.200000000000319,3.1999999999987594,9.600000000000719,6.899999999998574,False,False,False,True
2020-06-02,2020-06-02 07:04:00,31192,31251,1,1.11234,1.11141,1.11384,9.300000000000974,0.40000000000040004,3.8000000000004697,5.00000000000167,False,True,True,True
2020-06-08,2020-06-08 10:49:00,32389,32403,1,1.12741,1.12689,1.13198,5.20000000000076,10.000000000001119,12.700000000001044,3.900000000001125,False,False,False,True
2020-06-16,2020-06-16 08:14:00,34084,34129,1,1.1324,1.13162,1.13483,7.800000000000029,2.6999999999999247,3.5999999999991594,6.399999999999739,False,False,False,True
2020-06-17,2020-06-17 06:19:00,34348,34416,-1,1.12754,1.12842,1.12578,8.799999999999919,0.5000000000010552,3.4000000000000696,5.699999999999594,False,True,True,True
2020-06-26,2020-06-26 07:24:00,36375,36430,1,1.12111,1.12046,1.12263,6.500000000000394,2.20000000000109,3.1000000000003247,5.300000000001415,True,False,False,True
2020-06-29,2020-06-29 06:34:00,36652,36717,-1,1.12609,1.12678,1.1247100000000003,6.899999999998574,4.100000000000215,7.599999999998719,4.899999999998794,True,False,False,True
2020-07-03,2020-07-03 07:44:00,37817,37868,1,1.12335,1.12239,1.12492,9.600000000000719,0.4999999999988347,2.5999999999992696,6.500000000000394,True,True,True,True
2020-07-09,2020-07-09 09:19:00,38984,39016,1,1.13248,1.13202,1.13706,4.599999999999049,3.6999999999998145,7.599999999998719,0.7999999999985796,False,False,False,False
2020-07-30,2020-07-30 06:24:00,43262,43329,1,1.17573,1.17539,1.17931,3.4000000000000696,2.4000000000001798,4.3999999999999595,0.9999999999998899,False,False,False,False
2020-07-31,2020-07-31 06:59:00,43556,43616,-1,1.19014,1.19083,1.1887599999999998,6.900000000000794,0.40000000000040004,4.00000000000178,4.699999999999704,False,True,True,True
2020-08-04,2020-08-04 06:44:00,44128,44191,-1,1.17728,1.17791,1.1760200000000003,6.299999999999084,0.5000000000010552,1.100000000000545,4.699999999999704,True,True,True,True
2020-08-14,2020-08-14 06:24:00,46425,46492,-1,1.18176,1.18276,1.1797599999999997,10.000000000001119,0.5000000000010552,4.900000000001015,5.9000000000009045,False,True,True,True
2020-08-18,2020-08-18 06:44:00,47004,47067,-1,1.18938,1.1905,1.1871400000000005,11.199999999997878,3.0999999999981043,7.499999999998064,7.199999999998319,False,False,False,True
2020-08-19,2020-08-19 07:24:00,47300,47355,1,1.19286,1.19211,1.19526,7.500000000000284,4.100000000000215,5.60000000000116,5.1000000000001044,True,False,False,True
2020-09-03,2020-09-03 06:09:00,50442,50512,1,1.18037,1.1794,1.18549,9.699999999999154,0.9999999999998899,2.100000000000435,8.199999999998209,False,True,True,True
2020-09-11,2020-09-11 07:29:00,52179,52233,-1,1.1842,1.18476,1.1830799999999997,5.60000000000116,0.4999999999988347,7.699999999999374,0.6000000000017103,False,False,True,False
2020-09-16,2020-09-16 06:49:00,53025,53087,-1,1.18513,1.18534,1.18471,2.100000000000435,0.1999999999990898,2.9999999999996696,1.1999999999989797,True,False,True,False
2020-09-24,2020-09-24 09:44:00,54783,54810,1,1.16405,1.16351,1.16797,5.399999999999849,5.700000000001815,8.20000000000043,1.80000000000069,False,False,False,False
2020-09-28,2020-09-28 08:49:00,55344,55382,-1,1.16421,1.16466,1.1633099999999998,4.500000000000615,2.5999999999992696,5.20000000000076,2.5999999999992696,False,False,False,False
2020-10-14,2020-10-14 07:24:00,58767,58822,1,1.17336,1.17276,1.17509,5.999999999999339,2.100000000000435,6.500000000000394,1.9999999999997797,False,False,False,False
2020-10-22,2020-10-22 07:44:00,60496,60547,-1,1.18618,1.18678,1.1849800000000001,5.999999999999339,0.10000000000065512,1.9999999999997797,3.20000000000098,False,False,True,False
2020-11-02,2020-11-02 08:09:00,62501,62559,1,1.16312,1.16243,1.16487,6.899999999998574,3.60000000000138,4.900000000001015,4.899999999998794,False,False,False,True
2020-11-05,2020-11-05 07:34:00,63357,63422,-1,1.1739,1.17497,1.1717599999999997,10.700000000001264,0.700000000000145,4.60000000000127,8.900000000000574,False,True,True,True
2020-11-06,2020-11-06 08:14:00,63653,63710,-1,1.18378,1.18501,1.1813200000000004,12.299999999998423,2.4999999999986144,3.4000000000000696,11.299999999998533,True,False,False,True
2020-11-09,2020-11-09 07:19:00,63930,63998,-1,1.18902,1.18987,1.18732,8.500000000000174,0.9999999999998899,2.5999999999992696,7.0000000000014495,False,True,True,True
2020-11-26,2020-11-26 07:54:00,67674,67735,-1,1.19317,1.19419,1.19113,10.200000000000209,1.900000000001345,2.300000000001745,8.799999999999919,False,False,False,True
2020-12-03,2020-12-03 08:14:00,68887,68944,-1,1.21337,1.21389,1.2123300000000004,5.199999999998539,9.600000000000719,14.300000000000423,2.5999999999992696,False,False,False,False
2020-12-17,2020-12-17 07:59:00,71756,71816,-1,1.22331,1.22395,1.2220299999999995,6.40000000000196,1.9999999999997797,3.1000000000003247,4.300000000001525,False,False,False,True
2020-12-22,2020-12-22 07:09:00,72608,72678,1,1.22198,1.22133,1.22498,6.500000000000394,0.40000000000040004,2.20000000000109,4.60000000000127,False,True,True,True
2020-12-23,2020-12-23 07:29:00,72900,72966,-1,1.21912,1.21947,1.2184199999999998,3.5000000000007248,0.7999999999985796,1.9999999999997797,2.500000000000835,True,False,True,False
2020-12-31,2020-12-31 09:29:00,74466,74508,1,1.2284,1.22771,1.23092,6.899999999998574,1.7999999999984695,7.299999999998974,5.299999999999194,False,False,False,True
2021-01-05,2021-01-05 09:19:00,75040,75084,-1,1.22763,1.22783,1.22723,1.9999999999997797,0.10000000000065512,0.5999999999994898,0.5000000000010552,False,False,True,False
2021-01-06,2021-01-06 07:19:00,75304,75372,-1,1.23282,1.2335,1.23146,6.800000000000139,3.8000000000004697,8.399999999999519,2.5999999999992696,True,False,False,False
2021-01-13,2021-01-13 07:39:00,76746,76810,-1,1.22169,1.22237,1.22033,6.800000000000139,0.4999999999988347,2.5999999999992696,3.6999999999998145,False,False,True,False
2021-03-04,2021-03-04 08:34:00,87094,87147,1,1.20473,1.20397,1.20664,7.600000000000939,0.10000000000065512,2.80000000000058,4.00000000000178,False,True,True,True
2021-03-17,2021-03-17 07:14:00,89686,89755,1,1.18905,1.18859,1.1908,4.599999999999049,0.9999999999998899,4.900000000001015,2.6999999999999247,True,False,True,False
2021-03-23,2021-03-23 07:19:00,90837,90905,1,1.19041,1.18956,1.19407,8.500000000000174,2.80000000000058,6.00000000000156,4.500000000000615,False,False,False,True
2021-04-02,2021-04-02 08:49:00,93130,93168,-1,1.17839,1.17858,1.1780100000000002,1.8999999999991246,0.30000000000196536,2.60000000000149,0.5999999999994898,False,False,True,False
2021-04-12,2021-04-12 07:09:00,94832,94890,1,1.18856,1.18804,1.19035,5.20000000000076,1.6000000000016001,3.20000000000098,2.9999999999996696,False,False,True,False
2021-04-22,2021-04-22 06:24:00,97109,97176,1,1.20309,1.20289,1.20467,1.9999999999997797,0.20000000000131024,1.6000000000016001,0.40000000000040004,False,False,True,False
2021-04-28,2021-04-28 06:09:00,98256,98326,1,1.20739,1.20687,1.20911,5.199999999998539,0.10000000000065512,0.8999999999992347,3.4000000000000696,False,False,True,False
2021-05-03,2021-05-03 06:14:00,99119,99188,1,1.20172,1.2012,1.20354,5.199999999998539,1.2999999999996348,3.1999999999987594,2.2999999999995246,False,False,True,False
2021-05-25,2021-05-25 06:29:00,103698,103764,-1,1.22299,1.22391,1.22115,9.200000000000319,0.9999999999998899,6.800000000000139,3.1000000000003247,True,False,True,False
2021-06-07,2021-06-07 06:14:00,106040,106109,1,1.21596,1.21557,1.21726,3.8999999999989043,0.10000000000065512,2.20000000000109,3.1000000000003247,True,False,True,False
2021-06-08,2021-06-08 07:29:00,106343,106397,1,1.21692,1.21649,1.21941,4.299999999999304,7.300000000001194,11.900000000000244,2.8999999999990145,True,False,False,False
2021-07-02,2021-07-02 06:24:00,111499,111566,1,1.18416,1.1838,1.18503,3.60000000000138,1.2000000000012,2.300000000001745,2.60000000000149,True,False,True,False
2021-07-15,2021-07-15 06:14:00,114086,114155,-1,1.18422,1.18474,1.1831800000000003,5.199999999998539,1.5999999999993797,3.0999999999981043,2.6999999999999247,False,False,True,False
2021-07-22,2021-07-22 07:24:00,115536,115591,-1,1.17985,1.18028,1.1789900000000002,4.299999999999304,0.700000000000145,1.80000000000069,2.2999999999995246,True,False,True,False
2021-07-28,2021-07-28 06:44:00,116675,116738,1,1.18111,1.18073,1.18274,3.8000000000004697,2.2999999999995246,5.999999999999339,2.80000000000058,False,False,False,False
2021-08-02,2021-08-02 07:09:00,117543,117601,-1,1.18822,1.18881,1.1870400000000003,5.899999999998684,7.300000000001194,11.799999999999589,3.2999999999994145,True,False,False,False
2021-08-03,2021-08-03 07:54:00,117840,117889,-1,1.188,1.18837,1.18726,3.6999999999998145,0.10000000000065512,1.40000000000029,2.60000000000149,False,False,True,False
2021-08-10,2021-08-10 06:59:00,119261,119321,-1,1.17387,1.17437,1.17287,4.999999999999449,0.5999999999994898,1.0999999999983245,3.60000000000138,False,False,True,False
2021-08-24,2021-08-24 07:44:00,122137,122188,1,1.17379,1.1732,1.17485,5.899999999998684,0.6000000000017103,1.2000000000012,4.499999999998394,False,True,True,True
2021-09-01,2021-09-01 06:24:00,123836,123903,1,1.17977,1.17933,1.18116,4.3999999999999595,0.8000000000008001,1.6000000000016001,3.5000000000007248,False,False,True,False
2021-09-03,2021-09-03 07:59:00,124425,124473,1,1.18747,1.18713,1.18842,3.4000000000000696,0.40000000000040004,1.7000000000000348,2.20000000000109,True,False,True,False
2021-09-09,2021-09-09 07:49:00,125573,125623,-1,1.18236,1.1828,1.18148,4.3999999999999595,0.9999999999998899,2.1999999999988695,2.6999999999999247,False,False,True,False
2021-09-24,2021-09-24 06:34:00,128714,128779,1,1.174,1.17342,1.17476,5.800000000000249,0.1999999999990898,0.40000000000040004,4.699999999999704,False,True,True,True
2021-09-30,2021-09-30 07:19:00,129872,129928,1,1.15956,1.15904,1.16085,5.199999999998539,0.8999999999992347,3.4999999999985043,2.5999999999992696,False,False,True,False
2021-10-07,2021-10-07 06:49:00,131305,131367,-1,1.1566,1.15686,1.1560800000000002,2.5999999999992696,5.5000000000005045,6.800000000000139,1.2999999999996348,False,False,False,False
2021-10-08,2021-10-08 09:19:00,131623,131655,-1,1.15591,1.15621,1.15531,2.9999999999996696,0.8000000000008001,1.2000000000012,1.7000000000000348,False,False,True,False
2021-11-01,2021-11-01 07:09:00,136202,136272,-1,1.15622,1.15697,1.15472,7.500000000000284,1.7000000000000348,4.20000000000087,4.100000000000215,False,False,False,True
2021-11-17,2021-11-17 12:14:00,139694,139703,-1,1.13276,1.13293,1.13242,1.7000000000000348,1.4999999999987246,2.6999999999999247,0.5000000000010552,True,False,True,False
2021-11-22,2021-11-22 08:04:00,140508,140567,1,1.12697,1.1259,1.12896,10.700000000001264,4.8000000000003595,4.999999999999449,9.900000000000464,False,False,False,True
2021-11-29,2021-11-29 07:14:00,141938,142007,1,1.1266,1.12625,1.13001,3.5000000000007248,5.399999999999849,7.800000000000029,0.5000000000010552,False,False,False,False
2021-12-02,2021-12-02 07:29:00,142805,142871,1,1.13173,1.1312200000000001,1.13392,5.099999999997884,1.0000000000021103,1.7000000000000348,3.4000000000000696,False,False,True,False
2021-12-07,2021-12-07 07:44:00,143672,143735,-1,1.12935,1.12994,1.1281700000000003,5.899999999998684,0.1999999999990898,1.8999999999991246,3.2999999999994145,False,False,True,False
2021-12-08,2021-12-08 10:44:00,143996,144023,-1,1.12935,1.13002,1.1280100000000002,6.699999999999484,3.20000000000098,4.3999999999999595,5.399999999999849,False,False,False,True
2021-12-09,2021-12-09 07:24:00,144244,144311,1,1.1328,1.13212,1.13454,6.800000000000139,3.1000000000003247,4.60000000000127,4.3999999999999595,False,False,False,True
2021-12-28,2021-12-28 08:09:00,147991,148049,1,1.13199,1.13146,1.13312,5.300000000001415,0.8000000000008001,2.500000000000835,3.9999999999995595,False,True,True,True
2022-01-10,2022-01-10 08:19:00,150581,150637,1,1.13258,1.13195,1.13602,6.299999999999084,2.80000000000058,5.800000000000249,2.4000000000001798,False,False,False,False
2022-01-24,2022-01-24 11:39:00,153497,153513,1,1.13123,1.13098,1.1345,2.4999999999986144,2.6999999999999247,4.599999999999049,1.1999999999989797,True,False,False,False
2022-01-26,2022-01-26 07:34:00,154023,154088,1,1.12917,1.1289500000000001,1.13107,2.1999999999988695,1.40000000000029,3.900000000001125,0.2999999999997449,False,False,True,False
2022-02-03,2022-02-03 07:34:00,155747,155812,1,1.12915,1.12871,1.13082,4.3999999999999595,0.3999999999981796,2.1999999999988695,2.900000000001235,False,False,True,False
2022-02-04,2022-02-04 10:19:00,156068,156100,-1,1.14671,1.14762,1.1448899999999995,9.100000000001884,0.8000000000008001,3.300000000001635,6.6000000000010495,False,True,True,True
2022-03-07,2022-03-07 10:39:00,162115,162143,1,1.08192,1.08049,1.09256,14.300000000000423,4.100000000000215,15.400000000000968,11.200000000000099,False,False,False,True
2022-03-21,2022-03-21 07:19:00,164979,165047,-1,1.10574,1.10635,1.10452,6.099999999999994,2.4000000000001798,6.900000000000794,1.2000000000012,True,False,False,False
2022-03-25,2022-03-25 08:19:00,166141,166197,1,1.1009,1.09995,1.10376,9.500000000000064,1.9999999999997797,2.6999999999999247,7.800000000000029,False,False,False,True
2022-04-27,2022-04-27 06:24:00,172709,172776,1,1.0629,1.06246,1.06546,4.3999999999999595,5.9000000000009045,12.900000000000134,1.4999999999987246,False,False,False,False
2022-05-06,2022-05-06 06:24:00,174722,174789,1,1.052,1.05108,1.05506,9.200000000000319,2.60000000000149,3.8000000000004697,7.0000000000014495,False,False,False,True
2022-05-17,2022-05-17 06:19:00,176734,176802,-1,1.04505,1.04564,1.0438700000000003,5.899999999998684,1.3999999999980695,1.9999999999997797,4.999999999999449,False,True,True,True
2022-05-31,2022-05-31 06:59:00,179614,179674,1,1.07337,1.07283,1.0779,5.399999999999849,3.1000000000003247,6.699999999999484,2.8999999999990145,True,False,False,False
2022-06-03,2022-06-03 09:54:00,180511,180536,1,1.07461,1.07422,1.07643,3.900000000001125,0.5999999999994898,1.80000000000069,1.7000000000000348,True,False,True,False
2022-06-13,2022-06-13 07:04:00,182202,182261,1,1.04811,1.0469,1.05201,12.100000000001554,5.60000000000116,6.6000000000010495,11.200000000000099,False,False,False,True
2022-08-31,2022-08-31 07:19:00,198600,198656,1,1.00171,1.0006,1.00459,11.100000000001664,7.199999999998319,7.800000000000029,9.600000000000719,False,False,False,True
2022-09-01,2022-09-01 10:44:00,198929,198944,1,1.00114,1.00033,1.00542,8.099999999999774,0.40000000000040004,5.499999999998284,4.3999999999999595,True,True,True,True
2022-09-13,2022-09-13 06:29:00,201181,201247,-1,1.01415,1.01512,1.0122100000000003,9.699999999999154,0.1999999999990898,3.8000000000004697,5.099999999997884,False,True,True,True
2022-09-16,2022-09-16 06:09:00,202039,202109,1,0.99838,0.99753,1.0012,8.500000000000174,2.100000000000435,4.6000000000001595,5.1000000000001044,True,False,False,True
2022-09-20,2022-09-20 06:09:00,202611,202681,1,1.00195,1.00123,1.00504,7.199999999998319,3.1000000000003247,3.6999999999998145,6.199999999998429,False,False,False,True
2022-09-27,2022-09-27 06:09:00,204050,204120,-1,0.9649,0.96592,0.9628599999999999,10.200000000000209,1.000000000001,2.80000000000058,7.400000000000739,False,True,True,True
2022-09-28,2022-09-28 07:04:00,204349,204408,1,0.95564,0.95347,0.96006,21.700000000000053,3.6000000000002697,6.899999999999684,17.400000000000748,False,False,False,True
2022-10-11,2022-10-11 11:34:00,206989,206994,-1,0.97334,0.97389,0.9722399999999999,5.5000000000005045,10.999999999999899,15.100000000000113,4.00000000000067,True,False,False,True
2022-10-20,2022-10-20 06:19:00,208936,209004,-1,0.97896,0.97948,0.9779200000000001,5.199999999999649,1.9999999999997797,4.8000000000003595,1.9999999999997797,True,False,False,False
2022-10-21,2022-10-21 06:39:00,209227,209291,1,0.97666,0.97605,0.97886,6.099999999999994,0.700000000000145,1.7999999999995797,4.1999999999997595,False,True,True,True
2022-12-02,2022-12-02 07:49:00,217852,217914,-1,1.05353,1.05434,1.0519100000000001,8.099999999999774,1.2999999999996348,3.1000000000003247,5.399999999999849,True,True,True,True
2022-12-13,2022-12-13 07:14:00,219858,219927,-1,1.05569,1.05598,1.0551100000000002,2.8999999999990145,3.5000000000007248,5.00000000000167,1.4999999999987246,False,False,False,False
2022-12-29,2022-12-29 08:39:00,223311,223363,-1,1.06365,1.06436,1.06223,7.099999999999884,1.40000000000029,5.399999999999849,2.500000000000835,True,False,True,False
2023-01-02,2023-01-02 07:59:00,223870,223930,1,1.06786,1.06631,1.07087,15.499999999999403,3.8000000000004697,10.900000000000354,11.799999999999589,True,False,False,True
2023-01-10,2023-01-10 09:39:00,225610,225650,-1,1.0746,1.0752599999999999,1.0732800000000002,6.599999999998829,3.4000000000000696,7.599999999998719,3.8999999999989043,True,False,False,True
2023-01-16,2023-01-16 08:19:00,226742,226798,1,1.08219,1.08097,1.08741,12.199999999999989,6.399999999999739,9.399999999999409,8.20000000000043,False,False,False,True
2023-01-19,2023-01-19 07:44:00,227596,227659,-1,1.08033,1.08086,1.0792700000000002,5.299999999999194,0.7999999999985796,2.1999999999988695,2.8999999999990145,False,False,True,False
2023-02-06,2023-02-06 08:04:00,231029,231088,1,1.07861,1.07789,1.07987,7.200000000000539,1.2000000000012,6.399999999999739,6.300000000001305,False,True,True,True
2023-02-14,2023-02-14 07:09:00,232743,232813,-1,1.07375,1.07473,1.07179,9.799999999999809,2.4000000000001798,3.5000000000007248,7.800000000000029,True,False,False,True
2023-02-16,2023-02-16 08:34:00,233335,233388,-1,1.07109,1.07232,1.0686300000000004,12.299999999998423,1.9999999999997797,7.500000000000284,7.999999999999119,True,False,False,True
2023-03-03,2023-03-03 08:49:00,235726,235764,-1,1.06228,1.063,1.0608399999999998,7.200000000000539,1.9999999999997797,5.899999999998684,2.700000000002145,False,False,False,False
2023-03-07,2023-03-07 07:44:00,236121,236160,-1,1.06881,1.06953,1.06737,7.200000000000539,0.1999999999990898,1.2000000000012,5.399999999999849,False,True,True,True
2023-03-16,2023-03-16 07:09:00,237531,237577,-1,1.06245,1.06303,1.0612899999999998,5.800000000000249,1.2000000000012,4.500000000000615,4.8000000000003595,False,True,True,True
2023-03-30,2023-03-30 07:49:00,239559,239597,-1,1.08506,1.08568,1.0838199999999998,6.200000000000649,5.1000000000001044,9.300000000000974,3.900000000001125,False,False,False,True
2023-04-10,2023-04-10 08:04:00,240911,240946,-1,1.09119,1.09179,1.0899900000000002,5.999999999999339,2.100000000000435,2.5999999999992696,4.799999999998139,False,False,False,True
2023-04-18,2023-04-18 06:44:00,242114,242165,-1,1.09432,1.09477,1.0934199999999998,4.500000000000615,1.0999999999983245,2.9999999999996696,2.20000000000109,False,False,True,False
2023-04-28,2023-04-28 07:24:00,243752,243795,1,1.10051,1.09928,1.10394,12.300000000000644,4.20000000000087,11.799999999999589,6.700000000001705,False,False,False,True
2023-05-17,2023-05-17 06:14:00,246386,246443,1,1.08531,1.08492,1.08736,3.8999999999989043,0.40000000000040004,2.2999999999995246,2.5999999999992696,True,False,True,False
2023-05-24,2023-05-24 06:14:00,247402,247459,-1,1.07848,1.07902,1.0774000000000001,5.399999999999849,2.5999999999992696,3.1000000000003247,3.8999999999989043,False,False,False,True
2023-05-26,2023-05-26 10:59:00,247867,247867,-1,1.07441,1.07476,1.0737100000000004,3.4999999999985043,1.9999999999997797,4.100000000000215,1.3999999999980695,True,False,False,False
2023-06-07,2023-06-07 06:09:00,249434,249492,1,1.0685,1.06806,1.07043,4.3999999999999595,1.4999999999987246,2.9999999999996696,3.2999999999994145,False,False,True,False
2023-06-15,2023-06-15 09:44:00,250688,250703,-1,1.08431,1.08482,1.0832900000000005,5.099999999997884,0.700000000000145,2.7999999999983594,1.9999999999997797,False,False,True,False
2023-06-22,2023-06-22 06:54:00,251644,251693,1,1.0983,1.098,1.09949,2.9999999999996696,0.700000000000145,2.6999999999999247,1.500000000000945,False,False,True,False
2023-06-29,2023-06-29 07:29:00,252656,252698,-1,1.09161,1.09216,1.0905099999999999,5.5000000000005045,2.20000000000109,4.500000000000615,3.20000000000098,False,False,False,False
2023-07-06,2023-07-06 06:14:00,253659,253716,-1,1.08586,1.08629,1.0850000000000002,4.299999999999304,4.099999999997994,6.899999999998574,3.2999999999994145,False,False,False,False
2023-07-10,2023-07-10 09:34:00,254106,254123,-1,1.09684,1.09743,1.0956600000000003,5.899999999998684,1.4999999999987246,3.7999999999982492,3.4000000000000696,False,False,True,False
2023-07-19,2023-07-19 06:29:00,255485,255539,1,1.1217,1.12124,1.12356,4.599999999999049,0.8000000000008001,3.9999999999995595,1.7999999999984695,True,False,True,False
2023-07-31,2023-07-31 09:04:00,257166,257201,-1,1.10278,1.1037,1.1009400000000005,9.199999999998099,0.10000000000065512,7.900000000000684,6.299999999999084,False,True,True,True
2023-08-04,2023-08-04 07:14:00,258296,258353,1,1.09504,1.0943100000000001,1.09615,7.299999999998974,1.2000000000012,2.2999999999995246,5.299999999999194,False,True,True,True
2023-08-07,2023-08-07 06:09:00,258570,258640,1,1.09839,1.0979,1.10139,4.899999999998794,0.5999999999994898,1.8999999999991246,2.5999999999992696,False,False,True,False
2023-08-14,2023-08-14 06:19:00,260010,260078,1,1.09312,1.09251,1.09503,6.099999999999994,0.09999999999843467,3.0999999999981043,2.20000000000109,False,False,True,False
2023-09-01,2023-09-01 06:34:00,264043,264108,1,1.0834,1.08288,1.08541,5.199999999998539,5.5000000000005045,7.900000000000684,3.9999999999995595,False,False,False,True
2023-09-29,2023-09-29 06:24:00,269771,269838,-1,1.05865,1.05906,1.0578300000000005,4.099999999997994,1.7999999999984695,3.4999999999985043,2.5999999999992696,True,False,False,False
2023-10-12,2023-10-12 06:14:00,272361,272430,-1,1.06347,1.06366,1.0630899999999996,1.900000000001345,1.0999999999983245,3.2999999999994145,0.10000000000065512,False,False,True,False
2023-11-06,2023-11-06 07:29:00,277258,277324,-1,1.07391,1.07435,1.07303,4.3999999999999595,0.2999999999997449,2.4999999999986144,3.300000000001635,False,False,True,False
2023-11-10,2023-11-10 07:14:00,278407,278476,1,1.06631,1.06578,1.0675,5.300000000001415,0.10000000000065512,4.999999999999449,4.00000000000178,False,True,True,True
2023-11-16,2023-11-16 09:09:00,279582,279628,-1,1.08546,1.08585,1.0846800000000003,3.8999999999989043,0.40000000000040004,1.9999999999997797,1.5999999999993797,False,False,True,False
2023-11-23,2023-11-23 08:44:00,281017,281068,-1,1.09219,1.0928,1.09097,6.099999999999994,5.199999999998539,12.699999999998823,1.5999999999993797,True,False,False,False
2023-11-28,2023-11-28 07:19:00,281861,281929,1,1.09465,1.09439,1.09628,2.5999999999992696,1.100000000000545,2.2999999999995246,1.7999999999984695,False,False,True,False
2023-12-12,2023-12-12 07:14:00,284740,284809,-1,1.07801,1.07839,1.0772499999999998,3.8000000000004697,1.7000000000000348,3.4000000000000696,2.6999999999999247,True,False,False,False
2023-12-26,2023-12-26 09:24:00,287424,287467,1,1.10116,1.10086,1.10286,2.9999999999996696,0.700000000000145,1.900000000001345,0.9999999999998899,False,False,True,False
2023-12-28,2023-12-28 07:39:00,287978,288042,-1,1.11181,1.11265,1.11013,8.399999999999519,0.700000000000145,3.1000000000003247,4.999999999999449,False,True,True,True
2024-01-03,2024-01-03 08:19:00,288850,288906,-1,1.09633,1.09664,1.09571,3.1000000000003247,0.7999999999985796,2.6999999999999247,0.700000000000145,False,False,True,False
2024-01-09,2024-01-09 08:24:00,290002,290057,1,1.09429,1.09379,1.09663,4.999999999999449,5.299999999999194,9.099999999999664,0.700000000000145,False,False,False,False
2024-01-16,2024-01-16 07:24:00,291418,291485,1,1.09121,1.09089,1.0951,3.20000000000098,0.6999999999979245,3.9999999999995595,1.9999999999997797,False,False,True,False
2024-01-19,2024-01-19 08:39:00,292249,292301,1,1.08728,1.08671,1.08896,5.699999999999594,1.7000000000000348,4.299999999999304,2.20000000000109,True,False,False,False
2024-03-05,2024-03-05 07:54:00,301451,301512,1,1.08444,1.0840400000000001,1.0858,3.9999999999995595,2.1999999999988695,3.0999999999981043,2.100000000000435,False,False,False,False
2024-03-11,2024-03-11 09:09:00,302642,302688,1,1.09362,1.09319,1.09473,4.299999999999304,0.6999999999979245,2.3999999999979593,2.5999999999992696,False,False,True,False
2024-04-03,2024-04-03 07:14:00,307489,307546,1,1.07666,1.0763,1.07793,3.5999999999991594,0.9000000000014552,1.80000000000069,1.7999999999984695,False,False,True,False
2024-04-05,2024-04-05 08:49:00,308084,308122,-1,1.08418,1.08462,1.0833,4.3999999999999595,1.2999999999996348,2.4000000000001798,3.5000000000007248,False,False,True,False
2024-04-08,2024-04-08 09:19:00,308378,308410,1,1.08227,1.08205,1.08432,2.20000000000109,1.100000000000545,2.20000000000109,0.700000000000145,False,False,True,False
2024-04-09,2024-04-09 07:04:00,308639,308698,1,1.08532,1.08502,1.08635,2.9999999999996696,1.0999999999983245,2.7999999999983594,1.100000000000545,False,False,True,False
2024-04-17,2024-04-17 06:09:00,310354,310424,1,1.06134,1.0605,1.06355,8.399999999999519,1.80000000000069,3.6999999999998145,5.599999999998939,False,False,False,True
2024-05-01,2024-05-01 06:59:00,313241,313301,1,1.06516,1.06484,1.06696,3.20000000000098,2.4999999999986144,4.599999999999049,1.6000000000016001,False,False,False,False
2024-05-03,2024-05-03 08:14:00,313832,313877,-1,1.07396,1.0745,1.07288,5.399999999999849,1.1999999999989797,4.699999999999704,3.8000000000004697,False,True,True,True
2024-05-16,2024-05-16 06:09:00,316390,316460,1,1.08825,1.08777,1.08949,4.8000000000003595,0.09999999999843467,1.0999999999983245,3.1999999999987594,False,False,True,False
2024-05-21,2024-05-21 06:39:00,317257,317321,-1,1.08614,1.08643,1.0855600000000003,2.8999999999990145,1.100000000000545,1.7000000000000348,1.3999999999980695,True,False,True,False
2024-05-22,2024-05-22 07:29:00,317555,317609,1,1.08528,1.08495,1.08633,3.2999999999994145,0.1999999999990898,1.8999999999991246,1.7000000000000348,True,False,True,False
2024-06-07,2024-06-07 07:19:00,321000,321056,-1,1.08951,1.08993,1.0886699999999998,4.20000000000087,0.5000000000010552,0.5000000000010552,3.20000000000098,False,False,True,False
2024-06-11,2024-06-11 06:34:00,321567,321632,-1,1.07676,1.07718,1.0759199999999998,4.20000000000087,0.1999999999990898,0.7999999999985796,3.1000000000003247,False,False,True,False
2024-06-28,2024-06-28 11:09:00,325353,325363,-1,1.07091,1.07123,1.0702700000000003,3.1999999999987594,0.40000000000040004,0.7999999999985796,2.1999999999988695,True,False,True,False
2024-07-26,2024-07-26 08:44:00,331065,331104,1,1.08442,1.0841,1.08607,3.1999999999987594,0.2999999999997449,1.40000000000029,1.1999999999989797,False,False,True,False
2024-07-29,2024-07-29 07:29:00,331338,331392,1,1.08509,1.0848,1.087,2.900000000001235,0.40000000000040004,3.4000000000000696,1.500000000000945,False,False,True,False
2024-07-31,2024-07-31 08:19:00,331923,331967,1,1.0813,1.08069,1.08302,6.099999999999994,0.3999999999981796,5.799999999998029,4.999999999999449,True,True,True,True
2024-08-02,2024-08-02 06:19:00,332475,332543,-1,1.08038,1.08091,1.0793199999999996,5.300000000001415,3.20000000000098,4.500000000000615,3.700000000002035,False,False,False,True
2024-08-06,2024-08-06 06:24:00,333052,333119,1,1.09467,1.09424,1.09631,4.299999999999304,0.10000000000065512,0.9999999999998899,3.20000000000098,False,False,True,False
2024-08-13,2024-08-13 07:29:00,334505,334559,1,1.09334,1.09254,1.09411,7.999999999999119,0.2999999999997449,2.7999999999983594,4.699999999999704,False,True,True,True
2024-08-14,2024-08-14 06:14:00,334778,334847,1,1.099,1.09863,1.09984,3.6999999999998145,0.1999999999990898,2.4000000000001798,2.2999999999995246,True,False,True,False
2024-08-16,2024-08-16 08:19:00,335379,335423,-1,1.0987,1.09897,1.09816,2.6999999999999247,1.4999999999987246,2.6999999999999247,1.1999999999989797,False,False,True,False
2024-08-19,2024-08-19 06:14:00,335642,335711,-1,1.10487,1.10511,1.10439,2.4000000000001798,0.700000000000145,1.100000000000545,0.9999999999998899,False,False,True,False
2024-09-05,2024-09-05 06:54:00,339385,339446,-1,1.10854,1.10891,1.1078000000000001,3.6999999999998145,0.5000000000010552,1.80000000000069,1.4999999999987246,True,False,True,False
2024-09-18,2024-09-18 08:04:00,341988,342035,-1,1.11293,1.11321,1.1123699999999999,2.80000000000058,0.8000000000008001,1.2999999999996348,1.80000000000069,True,False,True,False
2024-09-27,2024-09-27 06:59:00,343988,344048,1,1.11509,1.11392,1.11776,11.699999999998933,11.099999999999444,18.199999999999328,7.499999999998064,False,False,False,True
2024-10-08,2024-10-08 06:54:00,346001,346062,-1,1.09868,1.09898,1.0980800000000002,2.9999999999996696,0.8000000000008001,1.900000000001345,1.5999999999993797,False,False,True,False
2024-11-18,2024-11-18 08:34:00,354344,354397,-1,1.0546,1.05571,1.05238,11.099999999999444,0.10000000000065512,5.599999999998939,7.600000000000939,True,True,True,True
2024-11-27,2024-11-27 07:44:00,356350,356413,-1,1.04978,1.05024,1.0488599999999997,4.60000000000127,1.7000000000000348,5.00000000000167,1.2999999999996348,False,False,False,False
2024-12-02,2024-12-02 07:24:00,357210,357277,1,1.05185,1.0506,1.05661,12.499999999999734,0.5999999999994898,8.099999999999774,4.100000000000215,False,True,True,True
2024-12-10,2024-12-10 08:24:00,358950,359005,1,1.05452,1.0538,1.0568,7.199999999998319,2.9999999999996696,6.199999999998429,4.499999999998394,True,False,False,True
2024-12-27,2024-12-27 07:54:00,362441,362502,1,1.04166,1.04051,1.0424,11.499999999999844,0.20000000000131024,0.8000000000008001,10.399999999999299,False,True,True,True
2024-12-30,2024-12-30 08:34:00,362737,362790,1,1.04203,1.04176,1.04346,2.6999999999999247,0.9999999999998899,3.8999999999989043,0.8999999999992347,False,False,True,False
2025-02-10,2025-02-10 07:14:00,371068,371137,-1,1.03201,1.03263,1.0307700000000004,6.199999999998429,0.40000000000040004,3.8999999999989043,3.4000000000000696,False,False,True,False
2025-02-20,2025-02-20 08:19:00,373384,373440,-1,1.04379,1.04419,1.04299,3.9999999999995595,1.40000000000029,3.4000000000000696,2.20000000000109,False,False,True,False
2025-04-14,2025-04-14 06:44:00,384007,384070,-1,1.14137,1.14196,1.1401899999999998,5.9000000000009045,5.599999999998939,9.900000000000464,1.8999999999991246,True,False,False,False
2025-04-16,2025-04-16 07:34:00,384593,384646,-1,1.138,1.13923,1.1355399999999998,12.300000000000644,4.500000000000615,6.699999999999484,10.100000000001774,True,False,False,True
2025-04-21,2025-04-21 07:54:00,385460,385509,-1,1.15369,1.15416,1.1527500000000002,4.699999999999704,4.500000000000615,6.200000000000649,2.0999999999982144,True,False,False,False
2025-05-06,2025-05-06 06:49:00,388614,388676,-1,1.13292,1.13362,1.1315199999999996,7.0000000000014495,2.5999999999992696,8.099999999999774,5.00000000000167,True,False,False,True
2025-06-04,2025-06-04 07:39:00,394668,394720,-1,1.13934,1.13957,1.1388800000000001,2.2999999999995246,0.8999999999992347,3.8000000000004697,1.1999999999989797,False,False,True,False
2025-06-09,2025-06-09 06:59:00,395524,395584,-1,1.14271,1.14305,1.1420299999999999,3.4000000000000696,1.7999999999984695,4.199999999998649,0.30000000000196536,False,False,False,False
2025-06-16,2025-06-16 07:04:00,396964,397023,-1,1.15695,1.15757,1.1557099999999998,6.200000000000649,8.099999999999774,13.600000000000279,4.00000000000178,False,False,False,True
2025-07-15,2025-07-15 06:19:00,403000,403068,-1,1.16851,1.16889,1.1677499999999998,3.8000000000004697,1.40000000000029,1.80000000000069,2.60000000000149,True,False,True,False
2025-08-06,2025-08-06 06:39:00,407610,407674,-1,1.15843,1.15881,1.1576700000000004,3.7999999999982492,0.8999999999992347,2.1999999999988695,2.5999999999992696,False,False,True,False
2025-08-19,2025-08-19 07:14:00,410205,410262,-1,1.16748,1.16822,1.1660000000000001,7.399999999999629,0.700000000000145,6.6000000000010495,3.2999999999994145,False,False,True,False
2025-09-03,2025-09-03 07:29:00,413373,413427,1,1.16177,1.16071,1.16438,10.600000000000609,4.900000000001015,13.700000000000934,5.5000000000005045,True,False,False,True
2025-09-08,2025-09-08 06:19:00,414223,414291,-1,1.17161,1.17238,1.1700700000000002,7.699999999999374,1.80000000000069,2.2999999999995246,6.599999999998829,True,False,False,True
2025-09-11,2025-09-11 06:09:00,415085,415155,1,1.16947,1.16855,1.17067,9.200000000000319,0.4999999999988347,2.5999999999992696,6.299999999999084,False,True,True,True
2025-09-12,2025-09-12 07:14:00,415386,415443,-1,1.17431,1.17469,1.1735499999999999,3.8000000000004697,4.199999999998649,6.899999999998574,1.9999999999997797,False,False,False,False
2025-09-16,2025-09-16 06:29:00,415952,416018,-1,1.17855,1.17922,1.17721,6.699999999999484,0.7999999999985796,4.599999999999049,2.100000000000435,False,False,True,False
2025-09-18,2025-09-18 06:19:00,416526,416594,1,1.17883,1.17792,1.18287,9.099999999999664,2.6999999999999247,4.899999999998794,6.099999999999994,True,False,False,True
2025-10-02,2025-10-02 06:14:00,419400,419469,-1,1.17418,1.17458,1.17338,3.9999999999995595,1.5999999999993797,2.9999999999996696,1.7000000000000348,False,False,True,False
2025-10-07,2025-10-07 06:14:00,420264,420333,1,1.16869,1.16819,1.17144,4.999999999999449,1.2000000000012,4.3999999999999595,1.500000000000945,False,False,True,False
2025-10-29,2025-10-29 08:09:00,424901,424959,1,1.16237,1.16207,1.16606,2.9999999999996696,1.7000000000000348,3.1000000000003247,0.9999999999998899,False,False,False,False
2025-10-30,2025-10-30 11:09:00,425225,425247,1,1.15984,1.1594,1.16374,4.3999999999999595,0.5999999999994898,1.7000000000000348,2.2999999999995246,True,False,True,False
2025-10-31,2025-10-31 12:14:00,425526,425535,1,1.15546,1.15485,1.15775,6.099999999999994,0.9000000000014552,5.300000000001415,1.40000000000029,False,False,True,False
2025-11-06,2025-11-06 09:09:00,426617,426663,-1,1.15193,1.15244,1.1509099999999999,5.1000000000001044,7.299999999998974,9.999999999998899,4.100000000000215,False,False,False,True
2025-11-07,2025-11-07 11:14:00,426930,426951,-1,1.15508,1.15537,1.1545000000000003,2.8999999999990145,0.2999999999997449,1.2999999999996348,1.3999999999980695,False,False,True,False
2025-11-14,2025-11-14 09:59:00,428354,428390,1,1.16216,1.16196,1.16485,1.9999999999997797,1.7000000000000348,3.00000000000189,0.700000000000145,False,False,False,False
2025-11-18,2025-11-18 08:19:00,428910,428966,-1,1.16009,1.16072,1.1588300000000002,6.299999999999084,0.4999999999988347,2.5999999999992696,4.3999999999999595,False,True,True,True
2025-12-02,2025-12-02 07:24:00,431774,431841,-1,1.16132,1.16166,1.16064,3.4000000000000696,1.2999999999996348,2.20000000000109,2.20000000000109,False,False,True,False
2025-12-17,2025-12-17 07:29:00,434943,435009,1,1.17102,1.1702,1.17523,8.20000000000043,1.5999999999993797,3.20000000000098,5.899999999998684,False,True,True,True
2025-12-19,2025-12-19 07:54:00,435523,435584,1,1.17087,1.17068,1.17285,1.900000000001345,3.4000000000000696,6.399999999999739,0.700000000000145,True,False,False,False
2025-12-24,2025-12-24 08:24:00,436393,436448,1,1.17851,1.17787,1.18079,6.399999999999739,2.6999999999999247,5.999999999999339,4.8000000000003595,False,False,False,True
2025-12-29,2025-12-29 08:59:00,437008,437056,-1,1.17839,1.17895,1.1772700000000003,5.599999999998939,0.40000000000040004,2.2999999999995246,2.80000000000058,False,False,True,False
2025-12-30,2025-12-30 12:14:00,437335,437344,1,1.17655,1.17612,1.17797,4.299999999999304,2.6999999999999247,3.9999999999995595,2.1999999999988695,False,False,False,False
2026-01-06,2026-01-06 07:14:00,438426,438495,-1,1.17377,1.17438,1.17255,6.099999999999994,2.2999999999995246,4.599999999999049,4.100000000000215,False,False,False,True
2026-01-15,2026-01-15 07:34:00,440446,440511,1,1.16299,1.16249,1.16468,4.999999999999449,1.9999999999997797,3.8999999999989043,2.9999999999996696,False,False,False,False
2026-03-18,2026-03-18 07:34:00,453132,453197,1,1.15241,1.15166,1.15492,7.500000000000284,2.100000000000435,5.700000000001815,3.6999999999998145,False,False,False,False
2026-03-26,2026-03-26 07:14:00,454856,454925,1,1.15527,1.15467,1.15722,5.999999999999339,0.5999999999994898,3.0999999999981043,2.9999999999996696,False,False,True,False
2026-03-27,2026-03-27 08:14:00,455156,455213,1,1.15185,1.15133,1.1546,5.20000000000076,1.2999999999996348,2.4000000000001798,3.20000000000098,False,False,True,False
2026-04-13,2026-04-13 06:14:00,458271,458340,-1,1.16888,1.16954,1.1675599999999997,6.6000000000010495,0.2999999999997449,4.699999999999704,5.399999999999849,False,True,True,True
2026-04-16,2026-04-16 06:44:00,459138,459201,1,1.17983,1.17931,1.18238,5.199999999998539,0.10000000000065512,3.4000000000000696,2.1999999999988695,False,False,True,False
2026-04-28,2026-04-28 06:09:00,461434,461504,1,1.17073,1.17004,1.17269,6.900000000000794,0.2999999999997449,3.6999999999998145,2.6999999999999247,False,False,True,False
2026-05-07,2026-05-07 07:19:00,463457,463513,-1,1.17609,1.1768,1.17467,7.099999999999884,3.4999999999985043,5.299999999999194,6.099999999999994,False,False,False,True
2026-05-08,2026-05-08 06:14:00,463732,463801,-1,1.17404,1.17473,1.1726599999999998,6.900000000000794,5.300000000001415,7.7000000000015945,5.5000000000005045,False,False,False,True
2026-05-19,2026-05-19 07:14:00,465724,465781,1,1.16343,1.16294,1.16616,4.899999999998794,0.20000000000131024,2.9999999999996696,2.4000000000001798,False,False,True,False
2026-06-10,2026-06-10 06:24:00,470247,470314,-1,1.1555,1.15574,1.15502,2.4000000000001798,0.9999999999998899,2.5999999999992696,1.500000000000945,False,False,True,False
2026-06-17,2026-06-17 06:39:00,471689,471753,1,1.16061,1.16029,1.16166,3.1999999999987594,1.4999999999987246,3.8000000000004697,1.0999999999983245,False,False,True,False
2026-06-18,2026-06-18 06:39:00,471976,472040,-1,1.15224,1.15292,1.15088,6.800000000000139,0.700000000000145,1.9999999999997797,5.1000000000001044,False,True,True,True
2026-06-23,2026-06-23 07:14:00,472847,472904,-1,1.14302,1.14366,1.14174,6.399999999999739,2.100000000000435,3.6999999999998145,3.900000000001125,False,False,False,True
2026-07-02,2026-07-02 06:19:00,474847,474915,-1,1.13875,1.13924,1.1377699999999997,4.900000000001015,0.2999999999997449,2.80000000000058,1.6000000000016001,False,False,True,False
2026-07-03,2026-07-03 06:24:00,475136,475203,-1,1.14513,1.14592,1.1435499999999998,7.900000000000684,2.9999999999996696,3.4000000000000696,6.6000000000010495,False,False,False,True
2026-07-09,2026-07-09 06:14:00,476282,476351,-1,1.14344,1.14371,1.1429,2.6999999999999247,1.9999999999997797,3.1000000000003247,1.40000000000029,False,False,False,False
2026-07-21,2026-07-21 06:54:00,478589,478650,-1,1.14205,1.14248,1.1411900000000001,4.299999999999304,0.20000000000131024,2.100000000000435,2.1999999999988695,False,False,True,False
2026-07-23,2026-07-23 10:54:00,479212,479225,1,1.14076,1.14025,1.14356,5.1000000000001044,1.0999999999983245,2.7999999999983594,2.8999999999990145,False,False,True,False
2026-07-27,2026-07-27 06:49:00,479739,479801,-1,1.14105,1.14191,1.1393299999999997,8.60000000000083,0.40000000000040004,3.8000000000004697,4.500000000000615,False,True,True,True
2026-07-31,2026-07-31 09:49:00,480926,480952,1,1.15086,1.15021,1.15312,6.500000000000394,0.8000000000008001,1.100000000000545,5.20000000000076,False,True,True,True
