i,ts,lado,entrada,stop,objetivo,riesgo_u,rr,n_obj,tf_obj,tomas,R,motivo,R_neto,ins
8754,2021-06-01 00:59:00,-1,1.22295,1.22355,1.21845,5.999999999999339,7.50000000000074,1,4H,1,-1.0,SL,-1.200000000000022,EURUSD
16670,2022-09-05 21:59:00,1,0.9929,0.99234,1.00335,5.600000000000049,18.66071428571405,1,1D,1,-1.0,SL,-1.2142857142857124,EURUSD
19076,2023-01-24 05:59:00,-1,1.08781,1.08835,1.08022,5.399999999999849,14.055555555555921,1,1D,1,-1.0,SL,-1.2222222222222283,EURUSD
19294,2023-02-06 08:59:00,1,1.07852,1.07737,1.08247,11.499999999999844,3.4347826086958033,1,4H,2,-1.0,SL,-1.104347826086958,EURUSD
19623,2023-02-27 16:59:00,-1,1.0595,1.06051,1.05485,10.099999999999554,4.60396039603985,1,4H,1,-1.0,SL,-1.118811881188124,EURUSD
19655,2023-03-01 13:59:00,-1,1.06711,1.06923,1.05891,21.199999999998997,3.8679245283020625,1,4H,1,3.8679245283020625,TP,3.811320754717154,EURUSD
19659,2023-03-01 21:59:00,-1,1.06668,1.06722,1.05651,5.399999999999849,18.833333333333883,1,12H,2,-1.0,SL,-1.2222222222222283,EURUSD
19672,2023-03-02 13:59:00,1,1.05858,1.05809,1.06406,4.900000000001015,11.183673469385296,1,1D,1,-1.0,SL,-1.2448979591836227,EURUSD
19676,2023-03-02 21:59:00,-1,1.05957,1.06013,1.05651,5.60000000000116,5.464285714284298,1,12H,2,-1.0,SL,-1.21428571428567,EURUSD
19708,2023-03-06 17:59:00,-1,1.0685,1.06952,1.06219,10.200000000000209,6.186274509803832,1,4H,1,6.186274509803832,TP,6.068627450980305,EURUSD
19775,2023-03-10 14:59:00,-1,1.06662,1.06753,1.05378,9.100000000001884,14.109890109887147,1,12H,1,-1.0,SL,-1.1318681318681045,EURUSD
19875,2023-03-20 11:59:00,-1,1.0705,1.07186,1.06116,13.600000000000279,6.8676470588233185,1,12H,1,-1.0,SL,-1.0882352941176452,EURUSD
19876,2023-03-20 13:59:00,-1,1.07267,1.07305,1.06311,3.8000000000004697,25.15789473683903,2,4H,1,-1.0,SL,-1.3157894736841715,EURUSD
19898,2023-03-21 23:59:00,-1,1.07678,1.07769,1.07038,9.099999999999664,7.0329670329672505,1,12H,1,-1.0,SL,-1.1318681318681367,EURUSD
19977,2023-03-28 13:59:00,-1,1.08242,1.08402,1.07449,16.00000000000046,4.956249999999853,1,12H,1,-1.0,SL,-1.074999999999998,EURUSD
19999,2023-03-29 23:59:00,-1,1.08425,1.08468,1.07987,4.300000000001525,10.186046511623896,1,12H,1,-1.0,SL,-1.2790697674417615,EURUSD
20063,2023-04-04 12:59:00,1,1.08911,1.08857,1.09257,5.399999999999849,6.407407407407621,1,1D,1,6.407407407407621,TP,6.185185185185392,EURUSD
20175,2023-04-13 13:59:00,-1,1.10645,1.10686,1.09112,4.100000000000215,37.39024390243669,1,12H,1,-1.0,SL,-1.292682926829253,EURUSD
20181,2023-04-14 00:59:00,-1,1.10543,1.10599,1.09112,5.60000000000116,25.55357142856582,1,12H,1,-1.0,SL,-1.21428571428567,EURUSD
20211,2023-04-17 17:59:00,1,1.09237,1.09106,1.09843,13.100000000001444,4.625954198472738,1,4H,5,4.625954198472738,TP,4.5343511450376335,EURUSD
20313,2023-04-25 17:59:00,1,1.09685,1.0963100000000001,1.10237,5.399999999999849,10.22222222222245,1,4H,1,10.22222222222245,TP,10.000000000000222,EURUSD
20345,2023-04-27 13:59:00,1,1.101,1.0991,1.1067,19.000000000000128,3.0,1,12H,2,-1.0,SL,-1.0631578947368416,EURUSD
20363,2023-04-28 15:59:00,-1,1.10394,1.10459,1.09658,6.500000000000394,11.323076923075945,1,1D,3,11.323076923075945,TP,11.138461538460572,EURUSD
20371,2023-05-01 04:59:00,-1,1.10062,1.10153,1.09658,9.099999999999664,4.439560439560408,1,1D,3,-1.0,SL,-1.1318681318681367,EURUSD
20397,2023-05-02 17:59:00,-1,1.09972,1.10045,1.09422,7.299999999998974,7.534246575343608,1,4H,1,-1.0,SL,-1.1643835616438587,EURUSD
20400,2023-05-02 23:59:00,-1,1.10107,1.10147,1.09422,3.9999999999995595,17.125000000001943,1,4H,1,-1.0,SL,-1.3000000000000331,EURUSD
20446,2023-05-05 12:59:00,1,1.09759,1.09657,1.10917,10.200000000000209,11.352941176470281,1,12H,1,-1.0,SL,-1.117647058823527,EURUSD
20449,2023-05-05 18:59:00,1,1.10263,1.10096,1.10917,16.700000000000603,3.9161676646705113,1,12H,1,-1.0,SL,-1.0718562874251472,EURUSD
20482,2023-05-09 16:59:00,1,1.09552,1.09482,1.10535,7.0000000000014495,14.042857142854242,1,12H,1,-1.0,SL,-1.171428571428536,EURUSD
20587,2023-05-17 19:59:00,1,1.08397,1.08359,1.09046,3.8000000000004697,17.07894736841864,1,12H,1,-1.0,SL,-1.3157894736841715,EURUSD
20603,2023-05-18 17:59:00,1,1.07666,1.07614,1.08178,5.199999999998539,9.846153846156637,1,4H,1,-1.0,SL,-1.2307692307692957,EURUSD
20686,2023-05-25 13:59:00,1,1.07133,1.07063,1.07948,6.999999999999229,11.64285714285857,1,12H,1,-1.0,SL,-1.1714285714285904,EURUSD
20772,2023-06-01 16:59:00,-1,1.07598,1.0765,1.06845,5.20000000000076,14.480769230767185,1,4H,1,-1.0,SL,-1.230769230769197,EURUSD
20773,2023-06-01 18:59:00,-1,1.07617,1.07694,1.06845,7.699999999999374,10.025974025975064,1,4H,1,-1.0,SL,-1.1558441558441686,EURUSD
20793,2023-06-04 23:59:00,1,1.06967,1.06927,1.07748,3.9999999999995595,19.525000000002386,1,4H,1,-1.0,SL,-1.3000000000000331,EURUSD
20822,2023-06-06 12:59:00,1,1.06705,1.06659,1.07789,4.60000000000127,23.565217391297757,1,1D,1,23.565217391297757,TP,23.304347826080438,EURUSD
20828,2023-06-07 00:59:00,-1,1.07004,1.07053,1.06832,4.899999999998794,3.510204081633855,1,12H,1,3.510204081633855,TP,3.2653061224501214,EURUSD
20858,2023-06-08 17:59:00,-1,1.0778,1.07866,1.07238,8.599999999998609,6.302325581396346,1,4H,1,-1.0,SL,-1.1395348837209527,EURUSD
20878,2023-06-12 00:59:00,-1,1.07453,1.07513,1.06966,5.999999999999339,8.116666666667443,1,12H,1,-1.0,SL,-1.200000000000022,EURUSD
20960,2023-06-16 19:59:00,-1,1.09351,1.09454,1.08036,10.300000000000864,12.76699029126106,1,12H,1,-1.0,SL,-1.1165048543689222,EURUSD
21009,2023-06-21 18:59:00,-1,1.09847,1.09909,1.09081,6.199999999998429,12.35483870968055,1,4H,1,-1.0,SL,-1.1935483870968233,EURUSD
21012,2023-06-22 00:59:00,-1,1.09883,1.09931,1.09229,4.8000000000003595,13.624999999998959,1,4H,1,-1.0,SL,-1.2499999999999813,EURUSD
21198,2023-07-07 00:59:00,1,1.08851,1.08813,1.09078,3.8000000000004697,5.973684210525563,1,12H,1,-1.0,SL,-1.3157894736841715,EURUSD
21208,2023-07-07 11:59:00,-1,1.08875,1.0897999999999999,1.08337,10.499999999997733,5.123809523810785,1,12H,1,-1.0,SL,-1.114285714285739,EURUSD
21212,2023-07-07 17:59:00,-1,1.09675,1.09741,1.08337,6.6000000000010495,20.27272727272397,1,12H,1,-1.0,SL,-1.1818181818181528,EURUSD
21227,2023-07-10 14:59:00,-1,1.09746,1.09812,1.08669,6.599999999998829,16.318181818184968,1,12H,1,-1.0,SL,-1.181818181818214,EURUSD
21262,2023-07-12 17:59:00,-1,1.11297,1.11335,1.10148,3.8000000000004697,30.23684210525942,1,4H,1,-1.0,SL,-1.3157894736841715,EURUSD
21263,2023-07-12 20:59:00,-1,1.11295,1.1139,1.10148,9.499999999997844,12.073684210529153,1,4H,1,-1.0,SL,-1.1263157894737128,EURUSD
21266,2023-07-13 00:59:00,-1,1.11383,1.1146099999999999,1.10148,7.799999999997809,15.833333333337889,1,4H,1,-1.0,SL,-1.153846153846197,EURUSD
21466,2023-07-28 18:59:00,1,1.10233,1.10149,1.11439,8.399999999999519,14.357142857143632,1,12H,1,-1.0,SL,-1.142857142857151,EURUSD
22188,2023-09-10 21:59:00,-1,1.0715,1.07208,1.06941,5.800000000000249,3.603448275861785,1,4H,1,-1.0,SL,-1.206896551724129,EURUSD
13442,2022-03-01 10:59:00,1,1.33918,1.33855,1.34386,6.300000000001305,7.428571428569918,1,1D,1,-1.0,SL,-1.2380952380951888,GBPUSD
16785,2022-09-12 17:59:00,-1,1.16964,1.171,1.15504,13.600000000000279,10.735294117646799,1,12H,1,-1.0,SL,-1.1102941176470567,GBPUSD
19588,2023-02-23 22:59:00,1,1.20165,1.20093,1.20689,7.200000000000539,7.27777777777711,1,4H,3,-1.0,SL,-1.2083333333333177,GBPUSD
19599,2023-02-24 11:59:00,1,1.1987,1.19797,1.20689,7.300000000001194,11.219178082189835,1,4H,3,-1.0,SL,-1.205479452054761,GBPUSD
19741,2023-03-08 23:59:00,1,1.18486,1.18372,1.20152,11.399999999999189,14.614035087720248,2,12H,1,-1.0,SL,-1.1315789473684303,GBPUSD
19757,2023-03-09 20:59:00,1,1.1918,1.19021,1.20152,15.899999999999803,6.113207547169856,2,12H,1,6.113207547169856,TP,6.018867924528346,GBPUSD
19770,2023-03-10 13:59:00,-1,1.20178,1.2046,1.18316,28.199999999998226,6.602836879433068,1,12H,1,-1.0,SL,-1.0531914893617054,GBPUSD
19790,2023-03-13 18:59:00,-1,1.2185,1.21993,1.20459,14.300000000000423,9.727272727272346,1,4H,1,-1.0,SL,-1.104895104895102,GBPUSD
19824,2023-03-15 17:59:00,-1,1.20761,1.20858,1.20459,9.699999999999154,3.113402061855965,1,12H,2,3.113402061855965,TP,2.9587628865982194,GBPUSD
19826,2023-03-15 21:59:00,1,1.2055,1.20447,1.21124,10.300000000000864,5.572815533980191,1,4H,1,5.572815533980191,TP,5.427184466019038,GBPUSD
19873,2023-03-20 14:59:00,-1,1.22548,1.22608,1.21666,6.00000000000156,14.699999999995892,2,4H,1,-1.0,SL,-1.249999999999935,GBPUSD
19874,2023-03-20 16:59:00,-1,1.22673,1.22801,1.22127,12.799999999999478,4.26562500000019,2,4H,1,-1.0,SL,-1.1171875000000049,GBPUSD
19875,2023-03-20 18:59:00,-1,1.22768,1.22814,1.22127,4.599999999999049,13.93478260869859,2,4H,1,-1.0,SL,-1.3260869565218065,GBPUSD
19888,2023-03-21 10:59:00,-1,1.22495,1.22597,1.21666,10.200000000000209,8.1274509803919,1,12H,1,-1.0,SL,-1.1470588235294088,GBPUSD
19961,2023-03-28 00:59:00,-1,1.23093,1.2316,1.22409,6.699999999999484,10.20895522388165,1,4H,1,-1.0,SL,-1.2238805970149427,GBPUSD
19972,2023-03-28 12:59:00,-1,1.2313,1.23294,1.22186,16.399999999998638,5.7560975609761575,1,12H,1,-1.0,SL,-1.091463414634154,GBPUSD
20075,2023-04-05 13:59:00,-1,1.2479,1.24945,1.2274,15.499999999999403,13.225806451613389,1,1D,1,-1.0,SL,-1.0967741935483908,GBPUSD
20093,2023-04-06 14:59:00,1,1.24347,1.2415,1.25141,19.700000000000273,4.0304568527917395,1,12H,1,-1.0,SL,-1.0761421319796944,GBPUSD
20097,2023-04-06 23:59:00,1,1.24375,1.24321,1.24813,5.399999999999849,8.11111111111143,2,4H,1,-1.0,SL,-1.2777777777777855,GBPUSD
20098,2023-04-09 22:59:00,1,1.24261,1.24159,1.24813,10.200000000000209,5.411764705882212,2,4H,1,-1.0,SL,-1.1470588235294088,GBPUSD
20147,2023-04-12 18:59:00,-1,1.2488,1.24959,1.23845,7.900000000000684,13.101265822783498,1,12H,1,-1.0,SL,-1.1898734177215025,GBPUSD
20196,2023-04-17 14:59:00,1,1.2361,1.2356,1.25459,4.999999999999449,36.98000000000431,1,12H,1,-1.0,SL,-1.3000000000000331,GBPUSD
20282,2023-04-24 17:59:00,-1,1.24791,1.24861,1.24274,6.999999999999229,7.385714285715269,1,4H,1,-1.0,SL,-1.214285714285738,GBPUSD
20312,2023-04-26 09:59:00,-1,1.24687,1.24855,1.24102,16.80000000000126,3.4821428571425432,1,1D,1,-1.0,SL,-1.0892857142857075,GBPUSD
20317,2023-04-26 19:59:00,1,1.24629,1.24543,1.25066,8.599999999998609,5.081395348838272,1,12H,1,-1.0,SL,-1.174418604651191,GBPUSD
20349,2023-04-28 14:59:00,-1,1.25645,1.25735,1.244,8.999999999999009,13.833333333334936,1,12H,1,-1.0,SL,-1.166666666666685,GBPUSD
20350,2023-04-28 16:59:00,-1,1.25741,1.25847,1.24556,10.600000000000609,11.179245283018147,2,4H,1,11.179245283018147,TP,11.037735849055892,GBPUSD
20508,2023-05-12 00:59:00,1,1.25177,1.25062,1.2611,11.499999999999844,8.113043478261032,1,4H,1,-1.0,SL,-1.1304347826086973,GBPUSD
20519,2023-05-12 13:59:00,1,1.25102,1.24949,1.26403,15.300000000000313,8.503267973856012,1,12H,1,-1.0,SL,-1.0980392156862724,GBPUSD
20520,2023-05-12 15:59:00,1,1.24623,1.24571,1.26403,5.199999999998539,34.23076923077892,1,12H,1,-1.0,SL,-1.2884615384616196,GBPUSD
20672,2023-05-25 14:59:00,1,1.23341,1.23266,1.24691,7.499999999998064,18.000000000004736,1,12H,1,-1.0,SL,-1.2000000000000517,GBPUSD
20708,2023-05-29 21:59:00,1,1.23556,1.23466,1.23952,8.999999999999009,4.4000000000004444,1,4H,4,-1.0,SL,-1.166666666666685,GBPUSD
20774,2023-06-02 17:59:00,1,1.24509,1.24464,1.2535,4.500000000000615,18.6888888888864,1,4H,1,-1.0,SL,-1.3333333333332877,GBPUSD
20777,2023-06-05 00:59:00,1,1.24313,1.24248,1.2535,6.500000000000394,15.953846153845172,1,4H,1,-1.0,SL,-1.2307692307692168,GBPUSD
20787,2023-06-05 11:59:00,1,1.23832,1.23761,1.25443,7.099999999999884,22.690140845070577,1,12H,1,-1.0,SL,-1.2112676056338063,GBPUSD
20788,2023-06-05 13:59:00,1,1.23805,1.23721,1.25443,8.40000000000174,19.499999999995772,1,12H,1,19.499999999995772,TP,19.32142857142438,GBPUSD
20803,2023-06-06 10:59:00,1,1.24145,1.24009,1.25443,13.600000000000279,9.544117647058622,1,1D,1,-1.0,SL,-1.1102941176470567,GBPUSD
20804,2023-06-06 12:59:00,1,1.24004,1.23905,1.25443,9.900000000000464,14.535353535352757,1,1D,1,14.535353535352757,TP,14.383838383837611,GBPUSD
20862,2023-06-12 00:59:00,-1,1.25756,1.25809,1.24363,5.299999999999194,26.28301886792852,1,12H,1,-1.0,SL,-1.2830188679245713,GBPUSD
20875,2023-06-12 16:59:00,1,1.24939,1.2487,1.2596,6.900000000000794,14.797101449273734,1,4H,1,14.797101449273734,TP,14.579710144925933,GBPUSD
20975,2023-06-20 12:59:00,1,1.27394,1.27248,1.28368,14.600000000000168,6.671232876712156,1,12H,1,-1.0,SL,-1.1027397260273961,GBPUSD
21126,2023-07-03 13:59:00,-1,1.2696,1.27044,1.2599,8.399999999999519,11.547619047619758,1,12H,1,-1.0,SL,-1.1785714285714388,GBPUSD
21197,2023-07-07 17:59:00,-1,1.28397,1.28499,1.27513,10.200000000000209,8.66666666666645,1,4H,1,8.66666666666645,TP,8.51960784313704,GBPUSD
21214,2023-07-10 19:59:00,-1,1.28617,1.28691,1.27502,7.399999999999629,15.067567567568315,2,4H,1,-1.0,SL,-1.2027027027027128,GBPUSD
21233,2023-07-12 00:59:00,-1,1.29463,1.29539,1.28858,7.600000000000939,7.960526315788344,2,4H,1,-1.0,SL,-1.1973684210526072,GBPUSD
21245,2023-07-12 14:59:00,-1,1.29963,1.30011,1.28575,4.8000000000003595,28.91666666666474,1,12H,1,-1.0,SL,-1.3124999999999765,GBPUSD
21293,2023-07-17 11:59:00,1,1.3084,1.307,1.31421,14.000000000000679,4.149999999999865,1,12H,1,-1.0,SL,-1.1071428571428519,GBPUSD
21311,2023-07-18 13:59:00,1,1.30743,1.30617,1.31421,12.600000000000389,5.3809523809522215,1,1D,1,-1.0,SL,-1.1190476190476153,GBPUSD
21313,2023-07-18 17:59:00,1,1.30389,1.30281,1.31421,10.799999999999699,9.555555555555921,1,1D,1,-1.0,SL,-1.1388888888888928,GBPUSD
21328,2023-07-19 13:59:00,1,1.29013,1.2888600000000001,1.31067,12.699999999998823,16.173228346458192,1,12H,1,-1.0,SL,-1.1181102362204833,GBPUSD
21329,2023-07-19 15:59:00,1,1.28955,1.28805,1.31067,15.000000000000568,14.079999999999485,1,12H,1,-1.0,SL,-1.0999999999999963,GBPUSD
21362,2023-07-21 12:59:00,1,1.28298,1.28146,1.29643,15.199999999999658,8.84868421052649,1,12H,1,-1.0,SL,-1.098684210526318,GBPUSD
21399,2023-07-25 19:59:00,-1,1.28988,1.29038,1.28119,5.00000000000167,17.379999999993924,1,4H,1,-1.0,SL,-1.2999999999999,GBPUSD
421,2020-01-27 11:59:00,1,108.902,108.817,109.627,8.500000000000796,8.529411764705017,1,12H,1,-1.0,SL,-1.152941176470574,USDJPY
1511,2020-03-30 21:59:00,1,107.834,107.667,108.898,16.70000000000016,6.371257485029838,2,12H,2,-1.0,SL,-1.0778443113772447,USDJPY
18475,2022-12-20 06:59:00,1,133.347,132.661,137.351,68.6000000000007,5.836734693877477,2,12H,2,-1.0,SL,-1.018950437317784,USDJPY
19605,2023-02-24 19:59:00,-1,136.429,136.511,135.072,8.199999999999363,16.548780487806155,1,4H,1,-1.0,SL,-1.158536585365866,USDJPY
19616,2023-02-27 10:59:00,-1,136.293,136.453,134.054,15.999999999999659,13.993750000000325,1,12H,1,-1.0,SL,-1.0812500000000018,USDJPY
19707,2023-03-06 22:59:00,1,135.934,135.872,136.169,6.19999999999834,3.790322580646396,1,4H,2,3.790322580646396,TP,3.580645161291501,USDJPY
19739,2023-03-08 19:59:00,-1,137.221,137.34,135.537,11.899999999999977,14.151260504201687,1,12H,1,-1.0,SL,-1.1092436974789919,USDJPY
19838,2023-03-16 12:59:00,1,132.352,131.705,135.112,64.69999999999914,4.265842349304525,1,12H,2,-1.0,SL,-1.020092735703246,USDJPY
19844,2023-03-16 23:59:00,1,133.388,133.348,135.112,3.999999999999204,43.100000000008315,1,12H,2,-1.0,SL,-1.3250000000000646,USDJPY
19876,2023-03-20 18:59:00,1,131.423,131.28400000000002,133.581,13.899999999998158,15.525179856117072,1,12H,1,-1.0,SL,-1.0935251798561274,USDJPY
19878,2023-03-20 22:59:00,-1,131.396,131.44899999999998,130.896,5.299999999999727,9.433962264151429,1,4H,1,-1.0,SL,-1.2452830188679371,USDJPY
20042,2023-04-03 14:59:00,1,132.331,132.261,133.755,6.999999999999318,20.34285714285922,1,4H,1,-1.0,SL,-1.1857142857143037,USDJPY
20046,2023-04-03 23:59:00,1,132.32,132.15900000000002,133.3,16.099999999997294,6.086956521740267,1,4H,1,-1.0,SL,-1.0807453416149204,USDJPY
20058,2023-04-04 12:59:00,-1,132.903,133.088,132.2,18.500000000000227,3.799999999999969,1,1D,2,3.799999999999969,TP,3.7297297297296996,USDJPY
20059,2023-04-04 14:59:00,1,131.828,131.648,133.755,18.000000000000682,10.705555555555108,1,12H,1,-1.0,SL,-1.0722222222222195,USDJPY
20060,2023-04-04 16:59:00,1,131.619,131.511,133.078,10.80000000000041,13.509259259258776,2,4H,1,-1.0,SL,-1.1203703703703658,USDJPY
20080,2023-04-05 23:59:00,1,130.937,130.80800000000002,131.739,12.899999999999068,6.217054263566283,1,4H,2,-1.0,SL,-1.100775193798457,USDJPY
20118,2023-04-10 15:59:00,-1,133.753,133.864,130.954,11.100000000001842,25.216216216211837,1,12H,1,-1.0,SL,-1.1171171171170977,USDJPY
20136,2023-04-11 17:59:00,-1,133.656,133.773,130.774,11.699999999999022,24.632478632480733,1,1D,1,-1.0,SL,-1.1111111111111205,USDJPY
20137,2023-04-11 19:59:00,-1,133.69,133.78799999999998,130.774,9.799999999998477,29.75510204082092,1,1D,1,-1.0,SL,-1.1326530612245105,USDJPY
20272,2023-04-21 19:59:00,-1,134.073,134.227,133.548,15.399999999999636,3.4090909090910264,1,4H,1,-1.0,SL,-1.0844155844155865,USDJPY
20288,2023-04-24 19:59:00,1,134.301,134.24800000000002,134.696,5.299999999996885,7.452830188683818,1,4H,1,-1.0,SL,-1.2452830188680686,USDJPY
20289,2023-04-24 21:59:00,1,134.184,134.05100000000002,134.696,13.299999999998136,3.849624060150919,1,4H,1,-1.0,SL,-1.0977443609022695,USDJPY
20370,2023-05-01 15:59:00,-1,137.354,137.41899999999998,133.335,6.4999999999969305,61.830769230798516,1,12H,1,-1.0,SL,-1.2000000000000945,USDJPY
20371,2023-05-01 17:59:00,-1,137.387,137.48399999999998,136.613,9.699999999997999,7.979381443300625,2,4H,1,-1.0,SL,-1.1340206185567288,USDJPY
20375,2023-05-02 00:59:00,-1,137.422,137.53799999999998,136.613,11.599999999998545,6.974137931035336,2,4H,1,-1.0,SL,-1.1120689655172555,USDJPY
20420,2023-05-04 14:59:00,1,133.891,133.811,135.943,7.999999999998408,25.650000000005363,1,12H,1,-1.0,SL,-1.1625000000000323,USDJPY
20421,2023-05-04 16:59:00,1,133.752,133.488,134.866,26.400000000001,4.219696969696826,2,4H,1,4.219696969696826,TP,4.170454545454404,USDJPY
20425,2023-05-05 00:59:00,1,134.131,134.065,136.572,6.60000000000025,36.98484848484712,1,1D,3,-1.0,SL,-1.1969696969696895,USDJPY
20438,2023-05-05 17:59:00,1,134.783,134.631,136.572,15.199999999998681,11.769736842106388,1,1D,3,-1.0,SL,-1.085526315789481,USDJPY
20456,2023-05-08 19:59:00,-1,135.124,135.178,133.882,5.400000000000205,22.99999999999895,1,12H,1,-1.0,SL,-1.2407407407407316,USDJPY
20554,2023-05-16 13:59:00,-1,136.278,136.322,134.401,4.400000000001114,42.65909090907968,1,1D,1,-1.0,SL,-1.2954545454544706,USDJPY
20555,2023-05-16 15:59:00,-1,136.616,136.69199999999998,134.401,7.5999999999964984,29.144736842118736,1,1D,1,-1.0,SL,-1.1710526315790262,USDJPY
20572,2023-05-17 15:59:00,-1,137.515,137.57999999999998,135.685,6.499999999999773,28.153846153846892,1,12H,1,-1.0,SL,-1.200000000000007,USDJPY
20574,2023-05-17 19:59:00,-1,137.616,137.667,136.834,5.099999999998772,15.333333333337235,2,4H,1,-1.0,SL,-1.254901960784375,USDJPY
20575,2023-05-17 21:59:00,-1,137.565,137.672,136.834,10.699999999999932,6.831775700934572,2,4H,1,-1.0,SL,-1.1214953271028045,USDJPY
20588,2023-05-18 12:59:00,-1,138.299,138.403,136.303,10.3999999999985,19.19230769231055,1,12H,1,-1.0,SL,-1.125000000000018,USDJPY
20641,2023-05-23 16:59:00,-1,138.642,138.82899999999998,137.492,18.69999999999834,6.149732620321432,1,12H,1,-1.0,SL,-1.0695187165775464,USDJPY
20658,2023-05-24 16:59:00,-1,139.307,139.39499999999998,138.358,8.799999999999386,10.784090909091478,1,4H,1,-1.0,SL,-1.1477272727272831,USDJPY
20675,2023-05-25 16:59:00,-1,139.93,139.97199999999998,139.43,4.199999999997317,11.90476190476951,1,4H,1,-1.0,SL,-1.3095238095240074,USDJPY
20676,2023-05-25 19:59:00,-1,140.166,140.238,139.43,7.200000000000273,10.222222222221696,1,4H,1,-1.0,SL,-1.1805555555555487,USDJPY
20695,2023-05-29 00:59:00,-1,140.752,140.927,139.712,17.499999999998295,5.9428571428578385,1,4H,1,-1.0,SL,-1.0742857142857216,USDJPY
20707,2023-05-29 15:59:00,-1,140.288,140.38,139.492,9.199999999998454,8.652173913045157,1,12H,1,-1.0,SL,-1.1413043478261107,USDJPY
20710,2023-05-29 20:59:00,-1,140.415,140.47299999999998,139.492,5.799999999999272,15.913793103450304,1,12H,1,-1.0,SL,-1.2241379310345109,USDJPY
20711,2023-05-29 23:59:00,-1,140.47,140.51899999999998,139.492,4.899999999997817,19.959183673478456,1,12H,1,-1.0,SL,-1.2653061224490978,USDJPY
20740,2023-05-31 12:59:00,1,139.8,139.502,140.932,29.800000000000182,3.7986577181207037,1,12H,1,-1.0,SL,-1.0436241610738253,USDJPY
20743,2023-05-31 18:59:00,1,139.295,139.221,140.932,7.399999999998386,22.121621621626453,1,12H,1,-1.0,SL,-1.175675675675714,USDJPY
20746,2023-06-01 00:59:00,1,139.191,139.067,140.391,12.399999999999523,9.67741935483899,1,4H,1,-1.0,SL,-1.1048387096774235,USDJPY
20780,2023-06-05 00:59:00,-1,140.109,140.272,139.261,16.29999999999825,5.202453987730701,1,4H,1,-1.0,SL,-1.0797546012270025,USDJPY
20794,2023-06-05 19:59:00,1,139.549,139.46900000000002,140.378,7.999999999998408,10.362500000001804,1,4H,1,-1.0,SL,-1.1625000000000323,USDJPY
20796,2023-06-05 23:59:00,1,139.415,139.312,140.378,10.299999999998022,9.349514563108531,1,4H,1,-1.0,SL,-1.126213592233034,USDJPY
20810,2023-06-06 16:59:00,1,139.66,139.56300000000002,140.453,9.699999999997999,8.175257731960516,1,12H,1,-1.0,SL,-1.1340206185567288,USDJPY
20831,2023-06-08 00:59:00,1,139.929,139.834,140.453,9.499999999999886,5.515789473684286,1,1D,2,-1.0,SL,-1.1368421052631597,USDJPY
20842,2023-06-08 12:59:00,1,139.415,139.21,140.453,20.49999999999841,5.063414634146787,1,1D,2,-1.0,SL,-1.0634146341463464,USDJPY
20843,2023-06-08 14:59:00,1,138.98,138.87,140.453,10.999999999998522,13.39090909091101,1,1D,2,-1.0,SL,-1.1181818181818342,USDJPY
20844,2023-06-08 16:59:00,1,138.913,138.82500000000002,139.812,8.799999999999386,10.215909090909815,2,4H,6,10.215909090909815,TP,10.068181818182532,USDJPY
20846,2023-06-08 20:59:00,1,138.919,138.86700000000002,139.812,5.19999999999925,17.173076923079414,1,4H,6,-1.0,SL,-1.250000000000036,USDJPY
20908,2023-06-14 11:59:00,-1,139.977,140.058,139.324,8.099999999998886,8.061728395062733,1,12H,1,8.061728395062733,TP,7.901234567902217,USDJPY
20912,2023-06-14 19:59:00,-1,139.943,140.012,139.324,6.89999999999884,8.971014492755128,1,12H,1,-1.0,SL,-1.188405797101481,USDJPY
20928,2023-06-15 17:59:00,1,140.334,140.222,141.3,11.199999999999477,8.625000000000476,1,4H,1,-1.0,SL,-1.116071428571434,USDJPY
21047,2023-06-26 17:59:00,-1,143.482,143.605,142.769,12.299999999999045,5.796747967480075,1,12H,1,-1.0,SL,-1.1056910569105773,USDJPY
21099,2023-06-29 19:59:00,-1,144.834,144.904,144.15,6.999999999999318,9.771428571429487,2,4H,3,-1.0,SL,-1.1857142857143037,USDJPY
21136,2023-07-04 00:59:00,1,144.46,144.41400000000002,144.873,4.599999999999227,8.978260869566345,1,4H,2,-1.0,SL,-1.2826086956522214,USDJPY
21220,2023-07-10 21:59:00,1,141.309,141.257,141.809,5.19999999999925,9.615384615386002,1,4H,1,-1.0,SL,-1.250000000000036,USDJPY
21239,2023-07-12 00:59:00,1,139.737,139.596,141.459,14.099999999999113,12.212765957447637,1,12H,1,-1.0,SL,-1.0921985815602895,USDJPY
21307,2023-07-18 00:59:00,-1,138.824,138.933,137.996,10.899999999998045,7.5963302752307476,1,4H,1,7.5963302752307476,TP,7.477064220184855,USDJPY
21407,2023-07-25 21:59:00,1,140.908,140.852,141.735,5.599999999998317,14.767857142862056,1,4H,1,-1.0,SL,-1.232142857142927,USDJPY
21420,2023-07-26 13:59:00,1,140.445,140.234,141.621,21.09999999999843,5.573459715640301,1,12H,1,-1.0,SL,-1.0616113744075875,USDJPY
21423,2023-07-26 19:59:00,1,140.203,139.913,141.621,28.999999999999204,4.889655172413949,1,12H,1,-1.0,SL,-1.0448275862068979,USDJPY
21438,2023-07-27 15:59:00,-1,141.036,141.26999999999998,139.811,23.399999999998045,5.235042735043148,1,4H,1,5.235042735043148,TP,5.179487179487588,USDJPY
22801,2023-10-16 21:59:00,1,149.526,149.485,149.827,4.099999999999682,7.341463414634417,1,1D,1,-1.0,SL,-1.317073170731732,USDJPY
220,2020-01-15 23:59:00,-1,9057.02,9066.78,8987.83,9.760000000000218,7.089139344262189,2,12H,3,-1.0,SL,-1.1536885245901605,NAS100
393,2020-01-27 23:59:00,1,8967.89,8941.61,9276.69,26.279999999998836,11.750380517504368,1,1D,1,4.090943683409626,tiempo,4.033866057838847,NAS100
830,2020-02-24 23:59:00,1,9132.62,9046.89,9614.19,85.73000000000138,5.617286830747602,1,1D,1,-1.0,SL,-1.017496792254753,NAS100
1028,2020-03-08 21:59:00,1,8172.92,8126.06,8726.11,46.85999999999967,11.80516431924892,1,12H,1,-1.0,SL,-1.032010243277849,NAS100
1033,2020-03-09 13:59:00,1,8065.05,8031.38,8571.43,33.67000000000007,15.03950103950101,2,4H,1,-1.0,SL,-1.0445500445500444,NAS100
1767,2020-04-28 22:59:00,-1,8758.94,8787.19,8508.95,28.25,8.849203539823002,1,1D,2,-1.0,SL,-1.0530973451327434,NAS100
1833,2020-05-03 22:59:00,1,8620.3,8602.89,9154.61,17.409999999999854,30.689833429064088,1,1D,1,-1.0,SL,-1.086157380815624,NAS100
2008,2020-05-13 19:59:00,1,8997.04,8885.83,9352.75,111.21000000000095,3.1985432964661102,1,12H,1,-1.0,SL,-1.0134879956838412,NAS100
3213,2020-07-29 22:59:00,-1,10689.2,10712.56,10522.59,23.359999999998763,7.132277397260676,2,12H,3,7.132277397260676,TP,7.068065068493549,NAS100
3235,2020-07-30 22:59:00,-1,10896.81,10938.0,10522.78,41.19000000000051,9.080602087885268,1,1D,1,-1.0,SL,-1.036416605972323,NAS100
3257,2020-08-02 22:59:00,-1,10921.6,10946.82,10512.89,25.219999999999345,16.20578905630498,1,1D,1,-1.0,SL,-1.05947660586836,NAS100
3653,2020-08-26 22:59:00,-1,11966.73,11984.92,11578.42,18.19000000000051,21.347443650356713,1,1D,1,-1.0,SL,-1.0824628916987333,NAS100
3752,2020-09-02 09:59:00,-1,12457.96,12466.0,12127.92,8.040000000000873,41.04975124377652,1,12H,1,41.04975124377652,TP,40.86318407959744,NAS100
4004,2020-09-18 00:59:00,1,11073.84,11059.28,11583.86,14.55999999999949,35.02884615384741,1,1D,3,-1.0,SL,-1.1030219780219817,NAS100
4882,2020-11-12 23:59:00,-1,11855.829,11871.799,11789.259,15.970000000001164,4.168440826549459,1,12H,2,-1.0,SL,-1.0939261114589787,NAS100
4904,2020-11-15 23:59:00,-1,12049.789,12068.377,11789.259,18.587999999999738,14.016031848504644,1,12H,2,-1.0,SL,-1.080697224015495,NAS100
4921,2020-11-16 16:59:00,-1,11999.209,12038.259,11806.459,39.04999999999927,4.935979513444394,1,12H,1,-1.0,SL,-1.0384122919334193,NAS100
4926,2020-11-16 23:59:00,-1,12054.439,12096.609,11806.459,42.17000000000007,5.880483756224784,1,1D,1,5.880483756224784,TP,5.844913445577404,NAS100
4966,2020-11-18 17:59:00,-1,12010.379,12030.619,11856.779,20.23999999999978,7.588932806324211,2,1D,2,7.588932806324211,TP,7.514822134387451,NAS100
5337,2020-12-14 15:59:00,-1,12501.827,12542.797,12235.249,40.970000000001164,6.506663412252672,1,12H,1,-1.0,SL,-1.0366121552355372,NAS100
8025,2021-06-08 09:59:00,-1,13846.669,13851.217,13699.749,4.548000000000684,32.304309586626644,1,12H,1,-1.0,SL,-1.3298153034300295,NAS100
8041,2021-06-09 03:59:00,-1,13820.019,13831.919,13690.029,11.899999999999636,10.923529411765022,1,1D,1,-1.0,SL,-1.126050420168071,NAS100
8737,2021-07-22 22:59:00,-1,14986.819,14995.399,14675.669,8.579999999999927,36.26456876456903,1,1D,1,-1.0,SL,-1.1748251748251763,NAS100
9938,2021-10-07 14:59:00,-1,14990.799,15008.699,14440.759,17.899999999999636,30.728491620112404,1,12H,1,-1.0,SL,-1.0837988826815659,NAS100
10076,2021-10-17 22:59:00,-1,15124.789,15175.509,14777.807,50.719999999999345,6.841127760252454,1,1D,1,-1.0,SL,-1.029574132492114,NAS100
10626,2021-11-21 23:59:00,-1,16588.999,16620.089,16306.529,31.090000000000146,9.085558057253072,1,1D,2,-1.0,SL,-1.0482470247668059,NAS100
11584,2022-01-23 23:59:00,1,14560.769,14388.279,15350.309,172.48999999999978,4.577308829497363,1,1D,1,-1.0,SL,-1.0086961562989158,NAS100
12042,2022-02-21 23:59:00,1,13686.479,13599.589,14306.599,86.88999999999942,7.13683968235706,1,1D,2,-1.0,SL,-1.0172632063528602,NAS100
12921,2022-04-19 22:59:00,1,14091.809,14077.539,14289.699,14.269999999998618,13.867554309742145,1,1D,2,-1.0,SL,-1.1051156271899192,NAS100
13993,2022-06-27 22:59:00,-1,12027.409,12042.789,11776.089,15.380000000001019,16.340702210662098,2,12H,3,-1.0,SL,-1.0975292587776269,NAS100
14359,2022-07-20 15:59:00,-1,12467.029,12480.839,11947.279,13.80999999999949,37.63577118030552,1,12H,1,-1.0,SL,-1.108616944243306,NAS100
15197,2022-09-12 22:59:00,-1,12758.669,12771.679,12325.569,13.010000000000218,33.28977709454213,1,1D,1,-1.0,SL,-1.1152959262106052,NAS100
15769,2022-10-18 22:59:00,-1,11278.879,11284.209,10689.569,5.329999999999927,110.5647279549736,1,1D,3,-1.0,SL,-1.2814258911819927,NAS100
15862,2022-10-25 03:59:00,-1,11436.699,11451.219,10888.519,14.519999999998618,37.753443526174415,1,1D,1,-1.0,SL,-1.1033057851239767,NAS100
16918,2023-01-03 10:59:00,-1,11056.869,11085.299,10767.899,28.43000000000029,10.164263102356603,1,12H,1,-1.0,SL,-1.052761167780513,NAS100
17184,2023-01-19 16:59:00,1,11267.119,11246.689,11691.399,20.43000000000029,20.767498776308997,1,12H,1,20.767498776308997,TP,20.694077337248793,NAS100
17678,2023-02-21 16:59:00,1,12118.099,12111.359,12255.899,6.739999999999782,20.445103857567318,1,4H,1,-1.0,SL,-1.22255192878339,NAS100
17742,2023-02-27 16:59:00,1,12073.879,12038.249,12184.809,35.63000000000102,3.1133875947234158,1,12H,1,-1.0,SL,-1.0420993544765635,NAS100
17804,2023-03-03 12:59:00,-1,12063.539,12103.089,11807.899,39.54999999999927,6.463716814159442,1,12H,1,-1.0,SL,-1.0379266750948173,NAS100
17805,2023-03-03 15:59:00,-1,12165.819,12213.999,11807.899,48.18000000000029,7.428808634288043,1,12H,1,-1.0,SL,-1.0311332503113324,NAS100
17886,2023-03-10 19:59:00,1,11871.109,11795.079,12209.599,76.03000000000065,4.452058398000748,1,12H,1,-1.0,SL,-1.0197290543206627,NAS100
17917,2023-03-14 13:59:00,-1,12153.289,12189.569,11927.519,36.279999999998836,6.222987872106055,1,4H,1,-1.0,SL,-1.041345093715547,NAS100
17918,2023-03-14 15:59:00,-1,12182.139,12210.709,11927.519,28.570000000001528,8.912145607279852,1,4H,1,-1.0,SL,-1.0525026251312537,NAS100
17933,2023-03-15 17:59:00,-1,12245.359,12257.119,11916.209,11.760000000000218,27.98894557823074,1,12H,1,-1.0,SL,-1.127551020408161,NAS100
17948,2023-03-16 14:59:00,-1,12514.609,12536.889,11958.609,22.279999999998836,24.955116696590174,1,12H,1,-1.0,SL,-1.0673249551167001,NAS100
17949,2023-03-16 16:59:00,-1,12529.109,12554.347,11958.609,25.237999999999374,22.604802282273322,1,12H,1,-1.0,SL,-1.0594341865441017,NAS100
17952,2023-03-16 23:59:00,-1,12568.689,12586.489,12182.167,17.799999999999272,21.71471910112453,1,4H,1,-1.0,SL,-1.0842696629213517,NAS100
17967,2023-03-19 22:59:00,-1,12575.597,12591.317,12182.167,15.719999999999345,25.027353689568493,2,1D,2,-1.0,SL,-1.0954198473282482,NAS100
17982,2023-03-20 17:59:00,-1,12534.309,12556.619,12182.167,22.31000000000131,15.78404303003044,2,1D,2,-1.0,SL,-1.0672344240250968,NAS100
17983,2023-03-20 21:59:00,-1,12566.869,12573.209,12182.167,6.3400000000001455,60.67854889589784,2,1D,2,-1.0,SL,-1.236593059936903,NAS100
17994,2023-03-21 10:59:00,-1,12651.819,12662.209,12182.167,10.390000000001237,45.20230991337287,1,1D,2,-1.0,SL,-1.1443695861405025,NAS100
18010,2023-03-22 10:59:00,-1,12717.059,12735.299,12546.389,18.2400000000016,9.356907894736025,1,12H,2,-1.0,SL,-1.082236842105256,NAS100
18012,2023-03-22 13:59:00,-1,12781.309,12806.709,12546.389,25.400000000001455,9.248818897637268,1,12H,2,-1.0,SL,-1.0590551181102328,NAS100
18045,2023-03-24 13:59:00,-1,12678.869,12714.549,12571.629,35.68000000000029,3.0056053811658887,1,12H,1,-1.0,SL,-1.0420403587443943,NAS100
18048,2023-03-26 22:59:00,-1,12809.199,12818.619,12571.629,9.420000000000073,25.21974522292971,1,12H,1,-1.0,SL,-1.1592356687898078,NAS100
18049,2023-03-27 00:59:00,-1,12796.509,12825.899,12571.629,29.389999999999418,7.651582170806521,1,12H,1,-1.0,SL,-1.0510377679482827,NAS100
18079,2023-03-28 18:59:00,1,12562.699,12515.899,12851.199,46.80000000000109,6.164529914529771,1,12H,2,6.164529914529771,TP,6.13247863247849,NAS100
18095,2023-03-29 19:59:00,-1,12847.399,12870.589,12709.729,23.19000000000051,5.936610608020572,1,4H,1,-1.0,SL,-1.0646830530401021,NAS100
18107,2023-03-30 11:59:00,-1,12908.699,12918.109,12621.729,9.409999999999854,30.49628055260421,1,12H,1,-1.0,SL,-1.1594048884165806,NAS100
18109,2023-03-30 15:59:00,-1,12956.629,12990.919,12850.309,34.289999999999054,3.100612423447199,2,4H,1,-1.0,SL,-1.0437445319335095,NAS100
18127,2023-03-31 19:59:00,-1,13173.909,13188.899,12936.039,14.989999999999782,15.868579052701964,2,4H,1,-1.0,SL,-1.100066711140762,NAS100
18136,2023-04-03 07:59:00,-1,13118.129,13123.809,13047.809,5.679999999998472,12.380281690144445,2,4H,4,-1.0,SL,-1.2640845070423246,NAS100
18144,2023-04-03 22:59:00,-1,13123.559,13133.099,13047.809,9.540000000000873,7.940251572326317,2,4H,4,-1.0,SL,-1.1572327044025013,NAS100
18198,2023-04-06 22:59:00,1,13041.499,13035.849,13124.289,5.649999999999636,14.653097345133842,1,12H,2,-1.0,SL,-1.2654867256637339,NAS100
18247,2023-04-12 23:59:00,1,12822.769,12816.529,13131.399,6.239999999999782,49.4599358974375,1,4H,1,49.4599358974375,TP,49.219551282052876,NAS100
18261,2023-04-13 16:59:00,-1,13043.719,13055.249,12848.639,11.530000000000655,16.919340849955667,1,4H,1,-1.0,SL,-1.1300954032957429,NAS100
18262,2023-04-13 18:59:00,-1,13102.779,13115.089,12848.639,12.30999999999949,20.645004061739378,1,4H,1,-1.0,SL,-1.1218521527213698,NAS100
18274,2023-04-14 11:59:00,1,13040.719,13021.249,13131.399,19.469999999999345,4.657421674370998,1,1D,1,-1.0,SL,-1.077041602465334,NAS100
18278,2023-04-14 19:59:00,-1,13080.889,13091.829,12817.529,10.94000000000051,24.073126142594745,1,12H,1,-1.0,SL,-1.1371115173674524,NAS100
18279,2023-04-16 22:59:00,-1,13093.859,13109.199,12817.529,15.340000000000146,18.013689700130204,1,12H,1,-1.0,SL,-1.0977835723598426,NAS100
18424,2023-04-27 19:59:00,-1,13153.789,13176.489,12910.239,22.69999999999891,10.729074889868405,1,4H,1,-1.0,SL,-1.0660792951541882,NAS100
18441,2023-04-30 22:59:00,-1,13232.229,13246.169,12854.769,13.94000000000051,27.07747489239493,1,12H,1,-1.0,SL,-1.1076040172166388,NAS100
18455,2023-05-01 17:59:00,-1,13275.889,13289.889,13096.059,14.0,12.844999999999995,1,12H,1,12.844999999999995,TP,12.737857142857138,NAS100
18471,2023-05-02 16:59:00,1,13101.909,13041.019,13288.799,60.88999999999942,3.069305304647775,1,12H,1,-1.0,SL,-1.0246345869600921,NAS100
18473,2023-05-02 23:59:00,1,13110.609,13088.119,13288.799,22.48999999999978,7.923076923077023,1,12H,1,-1.0,SL,-1.0666963094708766,NAS100
18489,2023-05-03 23:59:00,1,13025.499,13003.209,13258.207,22.289999999999054,10.440017945267403,1,12H,1,-1.0,SL,-1.0672947510094242,NAS100
18501,2023-05-04 13:59:00,1,12976.259,12957.299,13141.389,18.959999999999127,8.709388185654367,1,12H,1,8.709388185654367,TP,8.63027426160373,NAS100
18504,2023-05-04 19:59:00,1,12983.589,12972.669,13141.389,10.920000000000073,14.450549450549287,1,12H,1,-1.0,SL,-1.1373626373626364,NAS100
18517,2023-05-05 14:59:00,-1,13191.379,13210.889,13008.809,19.5099999999984,9.357765248591312,1,4H,1,-1.0,SL,-1.076883649410565,NAS100
18519,2023-05-05 18:59:00,-1,13280.819,13292.709,13020.119,11.890000000001237,21.925988225397123,1,4H,1,-1.0,SL,-1.1261564339781198,NAS100
18535,2023-05-08 19:59:00,-1,13289.829,13302.899,13008.809,13.069999999999709,21.50114766641214,1,12H,1,-1.0,SL,-1.114766641162971,NAS100
18582,2023-05-11 17:59:00,-1,13369.549,13398.999,13140.129,29.44999999999891,7.790152801358525,1,12H,1,-1.0,SL,-1.0509337860781003,NAS100
18599,2023-05-12 17:59:00,1,13261.589,13256.339,13427.347,5.25,31.572952380952344,1,4H,1,31.572952380952344,TP,31.28723809523806,NAS100
18662,2023-05-18 15:59:00,-1,13771.569,13803.409,13413.539,31.840000000000146,11.244660804020013,1,12H,1,-1.0,SL,-1.047110552763819,NAS100
18665,2023-05-18 22:59:00,-1,13890.649,13905.989,13576.539,15.340000000000146,20.47653194263336,2,4H,1,-1.0,SL,-1.0977835723598426,NAS100
18682,2023-05-22 00:59:00,-1,13802.029,13807.857,13566.729,5.82799999999952,40.37405628003097,2,1D,1,-1.0,SL,-1.2573781743308379,NAS100
18693,2023-05-22 12:59:00,-1,13800.039,13814.389,13566.729,14.349999999998545,16.258536585367594,1,1D,1,-1.0,SL,-1.1045296167247494,NAS100
18694,2023-05-22 15:59:00,-1,13839.049,13872.529,13566.729,33.47999999999956,8.133811230585575,1,1D,1,-1.0,SL,-1.044802867383513,NAS100
18711,2023-05-23 17:59:00,1,13724.409,13715.369,13904.989,9.039999999999054,19.975663716816243,1,1D,1,-1.0,SL,-1.1659292035398403,NAS100
18724,2023-05-24 11:59:00,1,13616.889,13610.679,13922.799,6.209999999999127,49.26086956522459,1,12H,2,-1.0,SL,-1.2415458937198407,NAS100
18725,2023-05-24 13:59:00,1,13594.337,13570.349,13682.789,23.987999999999374,3.6873436718360613,2,4H,2,-1.0,SL,-1.062531265632818,NAS100
18726,2023-05-24 15:59:00,1,13549.589,13518.159,13682.789,31.43000000000029,4.237989182309879,2,4H,2,4.237989182309879,TP,4.190264078905488,NAS100
18741,2023-05-25 12:59:00,-1,13914.649,13921.619,13638.809,6.970000000001164,39.57532281204506,1,12H,1,-1.0,SL,-1.2152080344332497,NAS100
18743,2023-05-25 16:59:00,-1,13934.809,13964.287,13638.809,29.478000000000975,10.041386796932974,1,12H,1,-1.0,SL,-1.0508854060655388,NAS100
18756,2023-05-26 11:59:00,-1,13989.609,14004.789,13773.949,15.180000000000291,14.206851119894317,2,12H,1,-1.0,SL,-1.09881422924901,NAS100
18758,2023-05-26 15:59:00,-1,14247.859,14263.569,13903.029,15.709999999999127,21.949713558244373,3,4H,1,-1.0,SL,-1.0954805856142638,NAS100
18761,2023-05-28 22:59:00,-1,14371.839,14397.779,13938.449,25.94000000000051,16.7074016962217,2,4H,1,-1.0,SL,-1.0578257517347713,NAS100
18788,2023-05-30 13:59:00,-1,14404.537,14521.319,13883.969,116.78199999999924,4.457604767858099,1,1D,1,-1.0,SL,-1.012844445205597,NAS100
18838,2023-06-02 17:59:00,-1,14556.609,14576.089,14207.819,19.479999999999563,17.9050308008218,1,12H,1,-1.0,SL,-1.077002053388092,NAS100
18872,2023-06-06 19:59:00,-1,14554.229,14575.599,14475.399,21.3700000000008,3.688816097332568,1,4H,2,-1.0,SL,-1.070191857744499,NAS100
18915,2023-06-09 09:59:00,-1,14479.199,14497.789,14230.949,18.590000000000146,13.353953738569018,1,12H,1,-1.0,SL,-1.0806885422270032,NAS100
18918,2023-06-09 13:59:00,-1,14634.399,14650.799,14230.949,16.400000000001455,24.600609756095313,1,12H,1,-1.0,SL,-1.0914634146341382,NAS100
18952,2023-06-13 17:59:00,-1,14892.569,14921.109,14539.729,28.540000000000873,12.362999299228779,1,12H,1,-1.0,SL,-1.052557813594953,NAS100
18954,2023-06-13 23:59:00,-1,14906.799,14920.599,14539.729,13.799999999999272,26.599275362320355,2,1D,1,-1.0,SL,-1.1086956521739189,NAS100
18963,2023-06-14 08:59:00,-1,14935.169,14953.387,14539.729,18.218000000000757,21.706005049949724,2,1D,1,-1.0,SL,-1.0823361510593883,NAS100
18970,2023-06-14 22:59:00,-1,15024.629,15033.069,14797.429,8.43999999999869,26.919431279625115,1,12H,1,-1.0,SL,-1.1777251184834399,NAS100
18982,2023-06-15 14:59:00,-1,15067.487,15094.599,14883.199,27.11200000000099,6.797285334906754,1,12H,1,-1.0,SL,-1.0553260548834444,NAS100
18983,2023-06-15 16:59:00,-1,15111.559,15132.649,14883.199,21.090000000000146,10.827880512090905,1,12H,1,-1.0,SL,-1.0711237553342812,NAS100
19029,2023-06-20 15:59:00,1,14982.719,14965.299,15135.299,17.419999999998254,8.758897818600289,1,12H,1,-1.0,SL,-1.086107921928826,NAS100
19048,2023-06-21 23:59:00,1,14860.309,14848.629,15062.109,11.679999999998472,17.277397260276327,1,4H,1,-1.0,SL,-1.1284246575342634,NAS100
19059,2023-06-22 11:59:00,1,14816.049,14788.849,15088.297,27.200000000000728,10.009117647058542,1,12H,1,-1.0,SL,-1.0551470588235279,NAS100
19081,2023-06-26 00:59:00,-1,14924.849,14934.699,14789.849,9.850000000000364,13.705583756344671,2,12H,2,-1.0,SL,-1.1522842639593853,NAS100
19096,2023-06-26 23:59:00,1,14725.319,14709.149,15053.889,16.170000000000073,20.319727891156354,1,12H,1,-1.0,SL,-1.0927643784786638,NAS100
19112,2023-06-27 23:59:00,1,14888.719,14870.319,14945.997,18.399999999999636,3.1129347826087708,2,12H,1,-1.0,SL,-1.0815217391304364,NAS100
19125,2023-06-28 14:59:00,-1,15013.739,15043.287,14695.269,29.548000000000684,10.778056044402057,1,12H,1,-1.0,SL,-1.050764857181534,NAS100
19144,2023-06-29 22:59:00,-1,14948.069,14953.899,14850.779,5.829999999999927,16.68782161234996,1,12H,1,-1.0,SL,-1.2572898799313925,NAS100
19145,2023-06-30 00:59:00,-1,14950.719,14963.287,14850.779,12.56800000000112,7.951941438573344,1,12H,1,-1.0,SL,-1.1193507320178124,NAS100
19173,2023-07-04 22:59:00,-1,15185.779,15192.999,14940.549,7.219999999999345,33.96537396122186,1,12H,1,-1.0,SL,-1.2077562326869995,NAS100
19221,2023-07-09 23:59:00,1,15036.799,15028.819,15209.109,7.980000000001382,21.59273182957013,1,12H,1,-1.0,SL,-1.1879699248119975,NAS100
19265,2023-07-12 12:59:00,-1,15260.769,15284.989,15031.669,24.219999999999345,9.459124690338834,1,12H,1,-1.0,SL,-1.061932287365815,NAS100
19266,2023-07-12 14:59:00,-1,15316.769,15365.899,15031.669,49.1299999999992,5.802971707714329,1,12H,1,-1.0,SL,-1.0305312436393248,NAS100
19268,2023-07-12 18:59:00,-1,15311.029,15338.209,15144.729,27.18000000000029,6.118469462840299,2,4H,1,-1.0,SL,-1.0551876379690943,NAS100
19282,2023-07-13 14:59:00,-1,15472.259,15476.847,15114.519,4.587999999999738,77.97297297297737,2,12H,1,-1.0,SL,-1.3269398430688941,NAS100
19283,2023-07-13 16:59:00,-1,15515.089,15526.419,15389.889,11.329999999999927,11.050308914386719,3,4H,1,-1.0,SL,-1.1323918799646964,NAS100
19285,2023-07-13 22:59:00,-1,15570.229,15578.149,15389.889,7.920000000000073,22.77020202020183,2,4H,1,-1.0,SL,-1.1893939393939377,NAS100
19332,2023-07-18 19:59:00,-1,15842.209,15898.779,15527.679,56.56999999999971,5.560014141771297,1,12H,1,-1.0,SL,-1.0265158211065937,NAS100
19350,2023-07-19 22:59:00,1,15727.339,15714.759,15933.209,12.579999999999927,16.364864864865023,1,4H,1,-1.0,SL,-1.1192368839427669,NAS100
19379,2023-07-21 15:59:00,1,15490.899,15454.529,15795.729,36.36999999999898,8.38135826230433,1,12H,1,-1.0,SL,-1.0412427825130615,NAS100
19442,2023-07-27 13:59:00,-1,15762.749,15796.509,15434.779,33.76000000000022,9.714751184834041,1,1D,1,-1.0,SL,-1.0444312796208528,NAS100
19446,2023-07-27 23:59:00,1,15485.089,15476.149,15795.509,8.94000000000051,34.72259507829781,1,4H,1,-1.0,SL,-1.1677852348993194,NAS100
19524,2023-08-02 16:59:00,1,15388.517,15322.019,15751.299,66.49799999999959,5.455532497218011,1,12H,1,-1.0,SL,-1.0225570693855455,NAS100
387,2020-01-27 23:59:00,1,3247.955,3238.952,3337.4,9.002999999999702,9.935021659447198,1,1D,1,1.4661779406865167,tiempo,1.399533488837131,SPX500
563,2020-02-06 23:59:00,-1,3349.737,3351.6,3289.755,1.862999999999829,32.19645732689505,1,1D,2,-1.0,SL,-1.3220611916264386,SPX500
601,2020-02-10 15:59:00,-1,3338.346,3343.2,3289.755,4.8539999999998145,10.010506798517047,1,1D,2,-1.0,SL,-1.1236093943139727,SPX500
824,2020-02-24 23:59:00,1,3240.24,3214.937,3369.1,25.302999999999884,5.092676757696744,1,1D,1,-1.0,SL,-1.0237126032486268,SPX500
1026,2020-03-09 13:59:00,1,2783.034,2779.737,2986.546,3.2970000000000255,61.726417955716755,1,4H,1,-1.0,SL,-1.181983621474066,SPX500
1032,2020-03-09 21:59:00,1,2768.646,2698.434,2986.546,70.21199999999999,3.103458098330765,1,12H,1,-1.0,SL,-1.0085455477696121,SPX500
1161,2020-03-19 02:59:00,1,2297.8,2291.746,2469.243,6.054000000000087,28.318962669309098,1,12H,1,-1.0,SL,-1.0991080277502463,SPX500
1178,2020-03-19 21:59:00,1,2349.14,2344.134,2472.4,5.005999999999858,24.622453056333143,1,4H,1,-1.0,SL,-1.119856172592892,SPX500
1834,2020-05-03 22:59:00,1,2789.843,2784.137,2972.355,5.705999999999676,31.985979670524102,1,1D,1,-1.0,SL,-1.1051524710830765,SPX500
2962,2020-07-14 11:59:00,-1,3169.937,3173.755,3127.9,3.818000000000211,11.010214772131347,2,12H,2,-1.0,SL,-1.1571503404923957,SPX500
3208,2020-07-29 15:59:00,-1,3244.334,3247.352,3199.737,3.018000000000029,14.777004638833441,1,1D,1,-1.0,SL,-1.1988071570576522,SPX500
3257,2020-08-02 22:59:00,-1,3270.052,3279.455,3202.837,9.402999999999793,7.14825055833262,1,1D,1,-1.0,SL,-1.0638094225247277,SPX500
4004,2020-09-18 00:59:00,1,3351.549,3347.734,3448.2,3.8150000000000546,25.33446920052384,1,1D,4,-1.0,SL,-1.1572739187418064,SPX500
4300,2020-10-07 10:59:00,1,3384.849,3374.446,3431.7,10.403000000000247,4.50360472940484,2,12H,1,4.50360472940484,TP,4.445929058925172,SPX500
4808,2020-11-09 13:59:00,-1,3657.951,3674.554,3462.751,16.603000000000065,11.756911401553879,1,12H,1,6.336565680901025,tiempo,6.300427633560183,SPX500
5335,2020-12-14 13:58:00,-1,3687.339,3692.899,3628.339,5.559999999999945,10.61151079136701,1,12H,2,-1.0,SL,-1.1079136690647493,SPX500
6173,2021-02-08 23:59:00,-1,3916.239,3920.249,3866.836,4.0099999999997635,12.319950124689068,1,1D,1,-1.0,SL,-1.1496259351621037,SPX500
7586,2021-05-10 23:58:00,-1,4189.154,4192.499,4147.142,3.344999999999345,12.559641255608026,1,1D,2,12.559641255608026,TP,12.380269058298575,SPX500
7765,2021-05-21 02:59:00,1,4164.136,4158.951,4184.145,5.1850000000004,3.859016393442328,1,1D,2,3.859016393442328,TP,3.74329797492739,SPX500
7799,2021-05-24 14:59:00,-1,4199.599,4202.551,4164.433,2.9520000000002256,11.912601626015407,1,4H,1,-1.0,SL,-1.2032520325203095,SPX500
7962,2021-06-03 19:59:00,1,4192.699,4190.636,4220.151,2.0629999999991924,13.306834706743079,1,1D,2,-1.0,SL,-1.290838584585669,SPX500
8242,2021-06-22 15:59:00,-1,4236.245,4243.249,4175.442,7.003999999999905,8.681182181610609,1,12H,1,-1.0,SL,-1.0856653340948041,SPX500
8321,2021-06-28 06:59:00,-1,4284.148,4288.152,4242.239,4.003999999999905,10.466783216783604,1,1D,1,-1.0,SL,-1.1498501498501534,SPX500
8728,2021-07-22 22:58:00,-1,4377.454,4380.299,4318.133,2.8450000000002547,20.850966608082462,1,1D,1,-1.0,SL,-1.2108963093145682,SPX500
9349,2021-09-01 03:59:00,-1,4534.248,4537.242,4518.136,2.9940000000005966,5.3814295257167535,1,4H,1,-1.0,SL,-1.2004008016031664,SPX500
10067,2021-10-17 22:59:00,-1,4467.345,4479.154,4363.754,11.809000000000196,8.772207638241902,1,1D,1,-1.0,SL,-1.0508087052248276,SPX500
10513,2021-11-15 05:59:00,-1,4686.848,4688.848,4672.933,2.0,6.957499999999982,1,4H,2,-1.0,SL,-1.3,SPX500
10529,2021-11-15 23:58:00,-1,4684.836,4687.399,4651.733,2.563000000000102,12.915723761216835,2,12H,3,-1.0,SL,-1.2341006632852034,SPX500
10599,2021-11-19 03:59:00,-1,4723.545,4726.551,4695.139,3.006000000000313,9.449767132400863,1,4H,1,-1.0,SL,-1.199600798403173,SPX500
10621,2021-11-22 03:59:00,-1,4710.348,4712.697,4671.651,2.34900000000016,16.473818646231365,2,1D,2,-1.0,SL,-1.2554278416347207,SPX500
11487,2022-01-17 23:59:00,-1,4665.133,4668.199,4614.442,3.0659999999998035,16.533268101762246,1,12H,2,-1.0,SL,-1.195694716242674,SPX500
11868,2022-02-10 06:59:00,-1,4581.336,4584.597,4569.939,3.2609999999995125,3.4949402023924065,1,4H,1,-1.0,SL,-1.1839926402944156,SPX500
12979,2022-04-24 22:59:00,1,4265.151,4253.136,4371.645,12.014999999999418,8.863420724095361,1,4H,1,-1.0,SL,-1.049937578027468,SPX500
13584,2022-06-01 12:59:00,-1,4148.799,4155.297,4042.151,6.4979999999995925,16.412434595261132,1,1D,3,-1.0,SL,-1.0923361034164416,SPX500
13823,2022-06-16 09:59:00,1,3707.699,3692.054,3818.499,15.644999999999982,7.082134867369757,1,4H,1,-1.0,SL,-1.0383509108341324,SPX500
15183,2022-09-12 14:59:00,-1,4106.239,4120.299,4026.439,14.0600000000004,5.675675675675495,1,12H,1,-1.0,SL,-1.0426742532005677,SPX500
15189,2022-09-12 22:58:00,-1,4114.842,4120.899,4005.636,6.0570000000006985,18.02971768201867,1,1D,1,-1.0,SL,-1.0990589400693298,SPX500
15761,2022-10-18 22:59:00,-1,3747.826,3749.688,3583.265,1.86200000000008,88.37862513426052,1,1D,1,-1.0,SL,-1.322234156820609,SPX500
15773,2022-10-19 10:59:00,-1,3722.226,3742.06,3583.265,19.833999999999833,7.006201472219493,1,1D,1,-1.0,SL,-1.0302510839971768,SPX500
16503,2022-12-05 23:59:00,-1,4004.246,4007.422,3937.663,3.175999999999931,20.96442065491232,2,1D,2,-1.0,SL,-1.1889168765743114,SPX500
16927,2023-01-04 05:59:00,-1,3830.075,3833.356,3797.826,3.281000000000404,9.829015544040178,1,1D,1,-1.0,SL,-1.182871075891474,SPX500
17554,2023-02-13 23:59:00,-1,4137.296,4139.826,4050.636,2.5299999999997453,34.25296442688104,1,1D,1,-1.0,SL,-1.2371541501976524,SPX500
17642,2023-02-20 00:59:00,1,4068.722,4065.475,4157.425,3.2470000000002983,27.318447797964836,1,1D,1,-1.0,SL,-1.1847859562673067,SPX500
17654,2023-02-20 15:59:00,1,4067.217,4064.964,4157.425,2.2530000000001564,40.0390590323985,1,1D,1,-1.0,SL,-1.2663115845539097,SPX500
17768,2023-03-01 20:59:00,1,3952.474,3943.301,3983.627,9.17300000000023,3.3961626512590226,2,4H,1,-1.0,SL,-1.0654093535375542,SPX500
17798,2023-03-03 15:59:00,-1,4010.977,4019.909,3919.911,8.932000000000244,10.195476936855947,1,12H,1,-1.0,SL,-1.0671742051052377,SPX500
17808,2023-03-06 07:59:00,-1,4049.977,4054.67,3919.911,4.693000000000211,27.7148945237575,1,12H,1,-1.0,SL,-1.1278499893458285,SPX500
17814,2023-03-06 17:59:00,-1,4062.387,4078.839,3969.631,16.45199999999977,5.637977145635887,1,12H,1,5.637977145635887,TP,5.601507415511889,SPX500
17828,2023-03-07 12:59:00,1,4053.627,4050.177,4077.839,3.449999999999818,7.017971014493121,1,4H,2,-1.0,SL,-1.17391304347827,SPX500
17861,2023-03-09 14:58:00,-1,4011.004,4018.15,3980.961,7.1460000000001855,4.204170165127252,1,12H,1,4.204170165127252,TP,4.120207108872006,SPX500
17927,2023-03-15 17:59:00,-1,3886.623,3895.611,3855.044,8.987999999999829,3.5134623943036023,1,12H,1,-1.0,SL,-1.066755674232311,SPX500
17960,2023-03-19 21:59:00,-1,3937.387,3946.957,3878.867,9.569999999999709,6.114942528735816,1,12H,1,6.114942528735816,TP,6.052246603970924,SPX500
17972,2023-03-20 12:59:00,-1,3931.861,3937.123,3865.617,5.262000000000171,12.589129608513405,1,4H,1,-1.0,SL,-1.1140250855188105,SPX500
17973,2023-03-20 14:59:00,-1,3939.789,3957.442,3865.617,17.652999999999793,4.201665439302152,1,4H,1,-1.0,SL,-1.033988557185748,SPX500
17988,2023-03-21 12:59:00,-1,3993.882,3995.873,3865.617,1.9909999999999854,64.42240080361668,1,12H,1,-1.0,SL,-1.3013561024610771,SPX500
18003,2023-03-22 10:59:00,-1,4000.861,4008.927,3949.267,8.066000000000258,6.396479047854996,1,12H,1,-1.0,SL,-1.0743863129184206,SPX500
18005,2023-03-22 14:59:00,-1,4004.14,4009.873,3949.267,5.733000000000175,9.571428571428289,1,12H,1,-1.0,SL,-1.1046572475143872,SPX500
18019,2023-03-23 10:59:00,1,3958.246,3951.626,4007.062,6.619999999999891,7.374018126888309,1,12H,1,-1.0,SL,-1.0906344410876148,SPX500
18051,2023-03-27 12:59:00,-1,3994.302,4002.274,3916.731,7.971999999999753,9.730431510286293,1,12H,1,-1.0,SL,-1.0752634219769215,SPX500
18054,2023-03-27 19:59:00,-1,3979.026,3998.274,3916.731,19.248000000000047,3.236440149625907,1,12H,1,-1.0,SL,-1.0311720698254363,SPX500
18056,2023-03-28 00:59:00,-1,3981.763,3985.363,3916.731,3.599999999999909,18.064444444444817,2,12H,2,-1.0,SL,-1.166666666666671,SPX500
18071,2023-03-28 22:59:00,-1,3976.589,3979.097,3905.632,2.5080000000002656,28.292264752788025,1,1D,2,-1.0,SL,-1.2392344497607402,SPX500
18084,2023-03-29 14:59:00,-1,4002.88,4018.5,3905.632,15.61999999999989,6.225864276568548,1,1D,2,-1.0,SL,-1.0384122919334189,SPX500
18087,2023-03-29 22:59:00,-1,4025.657,4029.347,4000.746,3.6900000000000546,6.750948509485011,1,4H,1,-1.0,SL,-1.1626016260162577,SPX500
18100,2023-03-30 14:59:00,-1,4050.027,4058.627,3975.557,8.599999999999909,8.659302325581516,1,12H,1,-1.0,SL,-1.069767441860466,SPX500
18104,2023-03-31 00:59:00,-1,4063.172,4065.307,4042.529,2.1349999999997635,9.668852459017478,2,4H,1,-1.0,SL,-1.2810304449649024,SPX500
18119,2023-04-02 23:59:00,-1,4100.779,4105.532,4052.563,4.752999999999702,10.144329896907927,2,4H,1,-1.0,SL,-1.1262360614348912,SPX500
18127,2023-04-03 07:59:00,-1,4105.52,4107.523,4021.304,2.0029999999997017,42.04493260110479,1,12H,1,-1.0,SL,-1.299550673989061,SPX500
18133,2023-04-03 16:59:00,-1,4107.267,4113.98,4048.236,6.712999999999738,8.7935349322214,1,12H,1,-1.0,SL,-1.0893788172203223,SPX500
18135,2023-04-03 22:59:00,-1,4118.989,4123.227,4048.236,4.238000000000284,16.694903256251763,1,12H,1,-1.0,SL,-1.1415762151958375,SPX500
18145,2023-04-04 10:59:00,-1,4137.68,4142.124,4092.264,4.443999999999505,10.219621962197396,1,12H,1,10.219621962197396,TP,10.084608460847246,SPX500
18148,2023-04-04 16:59:00,1,4097.236,4085.361,4141.124,11.875,3.6958315789473617,1,4H,1,-1.0,SL,-1.0505263157894738,SPX500
18150,2023-04-04 22:59:00,-1,4103.456,4105.967,4092.264,2.5109999999995125,4.457188371167734,1,12H,1,-1.0,SL,-1.2389486260454465,SPX500
18163,2023-04-05 15:59:00,1,4083.221,4073.197,4128.216,10.023999999999887,4.488727055067923,1,12H,1,-1.0,SL,-1.0598563447725466,SPX500
18199,2023-04-10 09:59:00,-1,4105.373,4107.927,4097.336,2.5540000000000873,3.146828504306608,2,4H,1,3.146828504306608,TP,2.911902897415465,SPX500
18206,2023-04-11 00:59:00,-1,4112.472,4117.634,4069.169,5.162000000000262,8.38880278961598,2,1D,1,-1.0,SL,-1.1162340178225434,SPX500
18215,2023-04-11 10:59:00,-1,4116.207,4121.586,4069.169,5.378999999999905,8.744748094441587,1,1D,1,-1.0,SL,-1.1115448968209725,SPX500
18219,2023-04-11 18:59:00,-1,4121.863,4124.657,4069.169,2.793999999999869,18.85969935576338,1,1D,1,-1.0,SL,-1.2147458840372327,SPX500
18235,2023-04-12 19:59:00,1,4093.509,4085.93,4136.927,7.579000000000178,5.728724106082418,1,4H,1,-1.0,SL,-1.0791661169019642,SPX500
18236,2023-04-12 23:59:00,1,4084.096,4082.087,4136.927,2.0090000000000146,26.297162767545693,1,4H,1,26.297162767545693,TP,25.998506719760726,SPX500
18263,2023-04-14 11:59:00,-1,4143.699,4148.82,4083.087,5.121000000000095,11.835969537199475,1,12H,1,-1.0,SL,-1.1171646162858795,SPX500
18268,2023-04-16 23:59:00,-1,4145.927,4148.677,4083.087,2.75,22.850909090908978,1,12H,1,-1.0,SL,-1.2181818181818183,SPX500
18295,2023-04-18 11:59:00,-1,4167.56,4171.077,4138.111,3.5169999999998254,8.37332954222405,1,12H,1,8.37332954222405,TP,8.20272959909069,SPX500
18301,2023-04-19 00:59:00,1,4151.971,4149.211,4170.466,2.759999999999309,6.7010869565237074,1,4H,1,-1.0,SL,-1.2173913043478806,SPX500
18331,2023-04-20 17:59:00,-1,4143.873,4149.336,4121.266,5.463000000000648,4.13820245286423,1,4H,2,4.13820245286423,TP,4.028372688998235,SPX500
18379,2023-04-25 17:59:00,1,4080.82,4079.0,4122.747,1.8200000000001637,23.036813186811187,1,4H,1,-1.0,SL,-1.3296703296703,SPX500
18392,2023-04-26 11:59:00,1,4075.537,4067.751,4136.122,7.7859999999996035,7.7812740816855355,1,12H,1,-1.0,SL,-1.0770613922424905,SPX500
18396,2023-04-26 19:59:00,1,4054.572,4047.879,4136.122,6.693000000000211,12.184371731659587,1,12H,1,12.184371731659587,TP,12.094725832959455,SPX500
18429,2023-04-30 22:59:00,-1,4165.001,4172.751,4060.96,7.75,13.424645161290345,1,12H,1,-1.0,SL,-1.0774193548387097,SPX500
18442,2023-05-01 15:59:00,-1,4174.147,4183.539,4112.741,9.391999999999825,6.538117546848498,1,12H,1,-1.0,SL,-1.0638841567291324,SPX500
18443,2023-05-01 17:59:00,-1,4181.391,4185.061,4165.501,3.6700000000000728,4.32970027247932,2,4H,1,4.32970027247932,TP,4.166212534059705,SPX500
18450,2023-05-02 04:59:00,-1,4165.537,4167.877,4112.741,2.3400000000001455,22.562393162391878,1,12H,1,-1.0,SL,-1.2564102564102404,SPX500
18459,2023-05-02 16:59:00,1,4107.59,4094.089,4173.132,13.501000000000204,4.8546033627137595,2,4H,1,-1.0,SL,-1.044441152507221,SPX500
18473,2023-05-03 13:59:00,1,4132.493,4120.723,4173.132,11.770000000000437,3.4527612574339597,2,12H,1,-1.0,SL,-1.0509770603228528,SPX500
18477,2023-05-03 22:59:00,1,4072.661,4058.234,4173.132,14.427000000000135,6.964095099466182,1,12H,1,-1.0,SL,-1.0415886878768972,SPX500
18490,2023-05-04 14:59:00,1,4058.834,4046.982,4130.617,11.851999999999862,6.0566149173136345,1,12H,1,6.0566149173136345,TP,6.005990550118224,SPX500
18506,2023-05-05 15:59:00,-1,4120.336,4125.907,4070.15,5.570999999999913,9.008436546401173,1,4H,1,-1.0,SL,-1.1077005923532597,SPX500
18508,2023-05-05 19:59:00,-1,4136.379,4146.247,4083.774,9.868000000000393,5.330867450344337,1,4H,1,-1.0,SL,-1.0608025942440187,SPX500
18510,2023-05-08 00:59:00,1,4129.882,4126.361,4148.849,3.520999999999731,5.38682192558989,1,1D,2,-1.0,SL,-1.1704061346208594,SPX500
18521,2023-05-08 12:59:00,-1,4140.623,4146.132,4067.481,5.5090000000000146,13.276819749500667,1,12H,1,-1.0,SL,-1.10891268832819,SPX500
18523,2023-05-08 16:59:00,-1,4132.762,4138.756,4067.481,5.994000000000597,10.891057724389889,1,12H,1,-1.0,SL,-1.10010010010009,SPX500
18524,2023-05-08 18:59:00,-1,4141.01,4143.263,4067.481,2.2529999999997017,32.636040834447286,1,12H,1,-1.0,SL,-1.2663115845539634,SPX500
18541,2023-05-09 22:59:00,1,4121.882,4116.629,4148.849,5.252999999999702,5.133637921188289,1,1D,2,-1.0,SL,-1.1142204454597437,SPX500
18571,2023-05-11 16:59:00,-1,4128.684,4132.269,4106.121,3.5850000000000364,6.293723849372349,1,12H,1,-1.0,SL,-1.1673640167364,SPX500
18586,2023-05-12 15:59:00,1,4122.539,4113.751,4150.912,8.787999999999556,3.228607191625163,2,4H,2,-1.0,SL,-1.0682749203459296,SPX500
18588,2023-05-12 18:59:00,1,4106.787,4097.61,4150.397,9.17700000000059,4.752097635392489,2,4H,2,4.752097635392489,TP,4.686716791979613,SPX500
18617,2023-05-16 13:59:00,1,4123.109,4119.307,4150.397,3.8020000000005894,7.177275118357529,1,12H,2,-1.0,SL,-1.1578116780641523,SPX500
18621,2023-05-16 22:59:00,1,4113.89,4109.662,4150.397,4.2280000000000655,8.634578997161553,1,12H,2,-1.0,SL,-1.1419110690633847,SPX500
18653,2023-05-18 22:59:00,-1,4208.677,4212.912,4108.554,4.235000000000582,23.64179456906395,1,12H,1,-1.0,SL,-1.1416765053128495,SPX500
18671,2023-05-22 00:59:00,-1,4188.867,4191.629,4151.773,2.7619999999997162,13.430123099204874,2,12H,1,-1.0,SL,-1.2172338884866263,SPX500
18675,2023-05-22 04:59:00,-1,4191.611,4193.882,4151.773,2.270999999999731,17.542051959491175,2,12H,1,-1.0,SL,-1.2642007926024093,SPX500
18682,2023-05-22 12:59:00,-1,4193.876,4198.376,4149.814,4.5,9.791555555555533,1,1D,1,-1.0,SL,-1.1333333333333333,SPX500
18686,2023-05-22 22:59:00,1,4196.16,4192.637,4211.912,3.5230000000001382,4.471189327277829,3,12H,2,-1.0,SL,-1.1703093954016397,SPX500
18698,2023-05-23 12:59:00,1,4180.78,4178.553,4212.759,2.2269999999998618,14.359676695106536,2,4H,2,-1.0,SL,-1.2694207453974122,SPX500
18701,2023-05-23 18:59:00,1,4152.747,4140.763,4214.022,11.984000000000378,5.113067423230783,1,1D,1,-1.0,SL,-1.0500667556742307,SPX500
18713,2023-05-24 11:59:00,1,4129.71,4127.457,4209.919,2.2529999999997017,35.60097647581467,1,12H,1,-1.0,SL,-1.2663115845539634,SPX500
18715,2023-05-24 14:59:00,1,4109.396,4106.871,4209.919,2.524999999999636,39.81108910891668,1,12H,1,-1.0,SL,-1.2376237623762718,SPX500
18746,2023-05-26 11:59:00,-1,4160.454,4164.191,4121.11,3.73700000000008,10.528231201498317,1,12H,1,-1.0,SL,-1.1605565962001572,SPX500
18748,2023-05-26 15:59:00,-1,4195.556,4202.907,4139.401,7.3510000000005675,7.6390967215338605,2,4H,1,-1.0,SL,-1.081621548088689,SPX500
18749,2023-05-26 17:59:00,-1,4200.454,4206.032,4156.614,5.578000000000429,7.859447830763136,2,4H,1,-1.0,SL,-1.107565435640006,SPX500
18750,2023-05-26 19:59:00,-1,4204.964,4213.694,4156.614,8.730000000000473,5.5383734249711045,2,4H,1,-1.0,SL,-1.068728522336766,SPX500
18751,2023-05-28 22:59:00,-1,4222.527,4230.527,4156.614,8.0,8.239125000000058,2,4H,1,-1.0,SL,-1.075,SPX500
18764,2023-05-29 15:59:00,-1,4216.726,4219.476,4137.141,2.75,28.940000000000012,2,1D,2,-1.0,SL,-1.2181818181818183,SPX500
18782,2023-05-31 00:59:00,-1,4206.16,4208.927,4137.141,2.7669999999998254,24.94362125045341,1,1D,2,-1.0,SL,-1.216841344416349,SPX500
18792,2023-05-31 12:59:00,1,4185.487,4183.181,4230.277,2.3060000000004948,19.423243712051324,1,12H,1,-1.0,SL,-1.2601908065914447,SPX500
18795,2023-05-31 18:59:00,-1,4184.857,4191.812,4137.141,6.954999999999927,6.860675772825427,1,1D,2,-1.0,SL,-1.0862688713156012,SPX500
18796,2023-05-31 22:59:00,1,4183.031,4177.784,4230.277,5.247000000000298,9.004383457213152,1,12H,1,-1.0,SL,-1.1143510577472777,SPX500
18797,2023-06-01 00:59:00,-1,4180.391,4189.112,4137.141,8.721000000000458,4.959293658983801,1,1D,2,-1.0,SL,-1.0687994496043995,SPX500
18808,2023-06-01 12:59:00,1,4181.57,4177.794,4207.927,3.77599999999984,6.980137711864695,1,12H,1,-1.0,SL,-1.1588983050847526,SPX500
18810,2023-06-01 16:59:00,-1,4219.741,4222.372,4137.141,2.631000000000313,31.394906879509897,1,1D,2,-1.0,SL,-1.228050171037601,SPX500
18827,2023-06-02 18:59:00,-1,4286.299,4288.527,4173.151,2.2280000000000655,50.78456014362514,1,12H,1,-1.0,SL,-1.2692998204667785,SPX500
18841,2023-06-05 14:59:00,-1,4288.277,4298.623,4221.243,10.345999999999549,6.47921902184444,1,12H,1,-0.46481732070369286,tiempo,-0.5228107481152554,SPX500
18891,2023-06-08 17:59:00,-1,4283.953,4291.427,4258.781,7.473999999999251,3.36794219962577,1,4H,1,-1.0,SL,-1.0802782981000882,SPX500
18906,2023-06-09 14:59:00,-1,4313.407,4323.261,4256.737,9.85400000000027,5.750964075502185,1,12H,1,-1.0,SL,-1.0608889790947822,SPX500
18908,2023-06-09 18:59:00,-1,4304.924,4311.017,4285.611,6.092999999999847,3.1697029377975685,2,4H,1,-1.0,SL,-1.098473658296408,SPX500
18925,2023-06-12 23:59:00,-1,4340.479,4345.626,4280.024,5.1469999999999345,11.745677093452631,1,12H,1,-1.0,SL,-1.1165727608315539,SPX500
18950,2023-06-14 08:59:00,-1,4377.599,4380.322,4304.061,2.7229999999999563,27.00624311421287,2,1D,1,-1.0,SL,-1.2203452074917407,SPX500
19032,2023-06-21 12:59:00,1,4377.351,4374.37,4406.177,2.980999999999767,9.669909426367754,1,12H,1,-1.0,SL,-1.2012747400201431,SPX500
19033,2023-06-21 14:59:00,1,4368.714,4358.676,4406.177,10.037999999999556,3.7321179517833625,1,12H,1,-1.0,SL,-1.0597728631201462,SPX500
19036,2023-06-21 22:59:00,1,4364.731,4362.487,4392.812,2.243999999999687,12.513814616757596,2,4H,1,-1.0,SL,-1.2673796791444223,SPX500
19111,2023-06-28 11:59:00,-1,4370.304,4377.98,4332.887,7.675999999999476,4.874544033351085,1,12H,1,-1.0,SL,-1.0781657113079783,SPX500
19113,2023-06-28 15:59:00,-1,4382.086,4384.157,4332.887,2.0709999999999127,23.756156446162528,1,12H,1,-1.0,SL,-1.289715113471765,SPX500
19116,2023-06-28 23:59:00,-1,4385.54,4388.759,4332.887,3.219000000000051,16.356943150046416,1,12H,1,-1.0,SL,-1.1863932898415628,SPX500
19130,2023-06-29 16:59:00,-1,4392.341,4399.44,4366.374,7.098999999999251,3.657839132272615,1,12H,1,-1.0,SL,-1.084518946330478,SPX500
19133,2023-06-30 00:59:00,-1,4396.181,4399.987,4366.374,3.8060000000004948,7.83158171308353,2,12H,1,-1.0,SL,-1.1576458223856863,SPX500
19142,2023-06-30 10:59:00,-1,4414.513,4417.989,4374.821,3.475999999999658,11.418872266974658,2,12H,1,-1.0,SL,-1.1726121979286706,SPX500
19144,2023-06-30 14:59:00,-1,4442.084,4449.757,4396.983,7.6729999999997744,5.877883487553889,3,4H,1,-1.0,SL,-1.0781962726443395,SPX500
19146,2023-06-30 18:59:00,-1,4454.284,4457.503,4410.046,3.219000000000051,13.742777260018228,3,4H,1,13.742777260018228,TP,13.556383970176665,SPX500
19160,2023-07-03 14:59:00,-1,4447.7,4453.467,4394.171,5.766999999999825,9.281949020288046,1,12H,1,-1.0,SL,-1.1040402288885067,SPX500
19210,2023-07-09 23:59:00,1,4403.177,4400.114,4445.657,3.063000000000102,13.868756121449252,1,12H,1,-1.0,SL,-1.1958863858961737,SPX500
19238,2023-07-11 12:59:00,-1,4421.43,4423.412,4377.367,1.981999999999971,22.231584258325302,1,12H,1,-1.0,SL,-1.30272452068618,SPX500
19240,2023-07-11 16:59:00,-1,4424.926,4431.813,4377.367,6.886999999999716,6.905619282706861,1,12H,1,-1.0,SL,-1.0871206621170357,SPX500
19242,2023-07-11 23:58:00,-1,4437.592,4442.523,4377.367,4.931000000000495,12.213546947879419,1,12H,1,-1.0,SL,-1.1216791725816142,SPX500
19254,2023-07-12 13:59:00,-1,4482.823,4485.097,4404.337,2.2739999999994325,34.51451187335948,1,12H,1,-1.0,SL,-1.2638522427441292,SPX500
19257,2023-07-12 19:59:00,-1,4474.06,4478.377,4404.337,4.317000000000007,16.150799166087523,1,12H,1,-1.0,SL,-1.138985406532314,SPX500
19258,2023-07-12 23:59:00,-1,4477.161,4479.662,4404.337,2.5010000000002037,29.117952818869924,2,1D,1,-1.0,SL,-1.2399040383846267,SPX500
19270,2023-07-13 12:59:00,-1,4489.842,4493.404,4435.497,3.5620000000008076,15.25687815833437,2,12H,1,-1.0,SL,-1.1684446939921012,SPX500
19272,2023-07-13 16:59:00,-1,4499.964,4503.673,4479.901,3.7089999999998327,5.409274737126181,3,4H,1,-1.0,SL,-1.1617686708007622,SPX500
19274,2023-07-13 23:58:00,-1,4506.716,4509.917,4479.901,3.201000000000022,8.377069665729561,2,4H,1,-1.0,SL,-1.1874414245548253,SPX500
19286,2023-07-14 12:59:00,-1,4518.109,4520.339,4476.443,2.2299999999995634,18.68430493273916,1,12H,1,-1.0,SL,-1.2690582959641783,SPX500
19303,2023-07-17 14:59:00,-1,4513.014,4515.877,4476.443,2.8630000000002838,12.773663988821616,1,1D,1,-1.0,SL,-1.2095703807195042,SPX500
19304,2023-07-17 16:59:00,-1,4519.224,4521.777,4476.443,2.5529999999998836,16.75714845280137,1,1D,1,-1.0,SL,-1.235017626321985,SPX500
19319,2023-07-18 15:59:00,-1,4545.812,4548.586,4497.002,2.774000000000342,17.59552992068979,1,12H,1,-1.0,SL,-1.2162941600576518,SPX500
19330,2023-07-19 07:59:00,-1,4554.321,4562.047,4497.002,7.725999999999658,7.4189748899821435,1,12H,1,-1.0,SL,-1.077659849857627,SPX500
19345,2023-07-20 06:59:00,-1,4553.172,4562.857,4514.667,9.6850000000004,3.975735673722004,1,12H,1,-1.0,SL,-1.0619514713474418,SPX500
19352,2023-07-20 17:59:00,1,4546.894,4544.047,4561.047,2.847000000000662,4.9711977520182815,1,12H,1,-1.0,SL,-1.2107481559535864,SPX500
19371,2023-07-24 00:59:00,1,4534.423,4530.414,4561.857,4.0090000000000146,6.843103018209054,1,12H,1,6.843103018209054,TP,6.693439760538813,SPX500
19420,2023-07-27 01:59:00,-1,4576.104,4577.907,4553.396,1.8029999999998836,12.594564614532448,2,4H,1,-1.0,SL,-1.332778702163083,SPX500
19434,2023-07-27 19:59:00,1,4537.262,4527.163,4594.697,10.09900000000016,5.687196752153628,1,4H,1,5.687196752153628,TP,5.627784929200862,SPX500
19449,2023-07-28 16:59:00,-1,4582.956,4590.226,4547.861,7.269999999999527,4.827372764787144,1,4H,1,-1.0,SL,-1.08253094910592,SPX500
19513,2023-08-02 16:59:00,1,4520.172,4510.227,4584.506,9.944999999999709,6.468979386626709,1,12H,1,-1.0,SL,-1.0603318250377092,SPX500
20283,2023-09-20 22:59:00,1,4397.083,4394.599,4460.663,2.483999999999469,25.5958132045143,1,4H,1,-1.0,SL,-1.2415458937198585,SPX500
20863,2023-10-27 07:59:00,1,4156.117,4150.46,4249.579,5.657000000000153,16.521477815095814,1,1D,1,-1.0,SL,-1.1060632844263716,SPX500
20867,2023-10-27 11:59:00,1,4142.731,4140.74,4249.579,1.9909999999999854,53.66549472626858,1,1D,1,-1.0,SL,-1.3013561024610771,SPX500
21223,2023-11-20 16:59:00,-1,4533.377,4535.862,4487.316,2.4849999999996726,18.535613682095242,1,1D,1,-1.0,SL,-1.2414486921529493,SPX500
