tf,ema,fib,rr,n,bruto,zb,neto,zn,coste
15,10,0.382,1.0,51171,-0.019757284399366828,-4.470125743906758,-0.18293570923441424,-41.16498608522601,0.16317842483504744
15,10,0.382,2.0,49087,-0.0860716686699126,-13.810784909091085,-0.25350752120034037,-40.61879390676158,0.16743585253042778
15,10,0.382,3.0,47168,-0.16824966078697423,-22.509566572364147,-0.33920374807045733,-45.401568786905685,0.1709540872834831
15,10,0.5,1.0,47692,0.05212614274930806,11.398944124962716,-0.13828020601464205,-30.133812797885113,0.19040634876395013
15,10,0.5,2.0,46347,-0.016247006278723542,-2.4835023522600146,-0.20997114544917475,-32.058543548762735,0.1937241391704512
15,10,0.5,3.0,45057,-0.08329449364138758,-10.516474794969293,-0.2798675190363609,-35.336639455036504,0.19657302539497334
15,10,0.618,1.0,41789,0.15848668309842304,32.812743972684025,-0.06473952065694656,-13.389669407697943,0.22322620375536956
15,10,0.618,2.0,41007,0.05113761065183993,7.235087051282212,-0.17460438608692944,-24.700434384372247,0.22574199673876938
15,10,0.618,3.0,40256,-0.008346581875993641,-0.9695599835044346,-0.23622377679539885,-27.44743794093912,0.22787719491940517
15,10,0.705,1.0,34968,0.22391901166781056,42.9625739377766,-0.02804563407015866,-5.362895550013448,0.25196464573796923
15,10,0.705,2.0,34499,0.12194556363952579,15.60353441987287,-0.13186082537667237,-16.888186813362342,0.2538063890161982
15,10,0.705,3.0,34092,0.0463451836207908,4.867512976899399,-0.2090374456084239,-21.963565841091377,0.2553826292292146
15,10,0.786,1.0,25537,0.2588009554763676,42.815039879769365,-0.023989763103432843,-3.944670823339613,0.2827907185798005
15,10,0.786,2.0,25297,0.21318733446653754,23.02946669327203,-0.0708277571891621,-7.664408150535101,0.28401509165569966
15,10,0.786,3.0,25034,0.11080929935288009,9.786441421917836,-0.17449075422568322,-15.434987042713702,0.2853000535785633
15,20,0.382,1.0,56651,-0.0751090007237295,-17.927528257275075,-0.2343150277867105,-55.50900421515084,0.15920602706298104
15,20,0.382,2.0,54253,-0.14506110261183713,-24.950053346730442,-0.30855769509828435,-52.944836819295595,0.16349659248644718
15,20,0.382,3.0,52113,-0.23097883445589393,-33.45067248436977,-0.3979478008793993,-57.61560400766787,0.16696896642350542
15,20,0.5,1.0,53113,-0.0019016060098281024,-0.43824569067344393,-0.18806427349443755,-43.084101786988526,0.18616266748460944
15,20,0.5,2.0,51578,-0.06431036488425297,-10.508860004613025,-0.2538020593563325,-41.37803155076754,0.18949169447207953
15,20,0.5,3.0,50092,-0.13487183582208737,-18.329516092681118,-0.32724923652568516,-44.446013731758285,0.1923774007035978
15,20,0.618,1.0,46900,0.10434968017057569,22.722199367418497,-0.11452911070735358,-24.852165525387072,0.21887879087792927
15,20,0.618,2.0,45995,0.011501250135884336,1.7392009589738577,-0.20991926724203852,-31.705876131206203,0.22142051737792284
15,20,0.618,3.0,45127,-0.04748819996897644,-5.920970931459641,-0.2710888770311424,-33.795109078489496,0.22360067706216594
15,20,0.705,1.0,39657,0.18652444713417554,37.80764409545234,-0.06146536682070645,-12.39541946027892,0.24798981395488198
15,20,0.705,2.0,39110,0.08793147532600358,12.056748964688902,-0.16193424538830162,-22.202120815083113,0.24986572071430518
15,20,0.705,3.0,38622,0.02035109523069753,2.2937293909299563,-0.23117231781175338,-26.048113965993846,0.2515234130424509
15,20,0.786,1.0,29369,0.2431475365180973,42.95760974684149,-0.03619044651030881,-6.345700696973418,0.2793379830284061
15,20,0.786,2.0,29082,0.17835774706003713,20.759960354414666,-0.10225159306550807,-11.911503924376833,0.28060934012554517
15,20,0.786,3.0,28788,0.08434069751285257,8.047928805465673,-0.19755729884298687,-18.865482508792915,0.28189799635583945
15,50,0.382,1.0,62175,-0.20109368717330117,-51.187801015658486,-0.36592395273442907,-91.85628159175599,0.1648302655611279
15,50,0.382,2.0,59785,-0.26832817596387054,-50.926948430461636,-0.4373136610875966,-82.51291684754464,0.16898548512372613
15,50,0.382,3.0,57708,-0.3505926388022458,-57.09494031449697,-0.5228386282156441,-84.9182885899667,0.17224598941339833
15,50,0.5,1.0,58168,-0.12787099436116078,-31.09498099680051,-0.3186593937315106,-76.5517054961882,0.19078839937034986
15,50,0.5,2.0,56611,-0.1798237091731289,-31.998471801002,-0.3738697381472216,-66.15794207475071,0.1940460289740927
15,50,0.5,3.0,55176,-0.24938379005364653,-37.50851907657283,-0.44613848428471486,-66.91941902491564,0.1967546942310684
15,50,0.618,1.0,51256,-0.018222256906508506,-4.126125183763507,-0.24083091265860365,-54.00817994096686,0.22260865575209512
15,50,0.618,2.0,50294,-0.0950013918161212,-15.47275416901131,-0.32021963733660874,-51.93069149671717,0.22521824552048764
15,50,0.618,3.0,49428,-0.14922715869547626,-20.26848056613957,-0.3765323197274094,-51.034794583848225,0.22730516103193327
15,50,0.705,1.0,43103,0.07463517620583254,15.538362690590196,-0.1761525129438249,-36.3079650617662,0.25078768914965743
15,50,0.705,2.0,42556,-0.009610865682864931,-1.4053318419474885,-0.26219477976162475,-38.231993505017094,0.25258391407875985
15,50,0.705,3.0,42048,-0.06782724505327245,-8.224472112243593,-0.3220722702750966,-38.985648196713676,0.2542450252218242
15,50,0.786,1.0,31630,0.16218779639582676,29.231385971618767,-0.11816825962047334,-21.096664277644656,0.28035605601630004
15,50,0.786,2.0,31342,0.09779210005743093,11.980395524088266,-0.18377748218315046,-22.500020587701375,0.28156958224058143
15,50,0.786,3.0,31048,0.022288070085029633,2.250890140088446,-0.2605258323611491,-26.308253691518118,0.28281390244617877
15,100,0.382,1.0,64679,-0.2745404227028866,-72.6107918305454,-0.4443815540204464,-115.55654956816312,0.16984113131755985
15,100,0.382,2.0,62397,-0.3387182076061349,-68.03535986763664,-0.5125394351532786,-102.14226317861875,0.17382122754714371
15,100,0.382,3.0,60487,-0.41124539157174267,-71.36821522597494,-0.5880934133422987,-101.66137857772655,0.17684802177055595
15,100,0.5,1.0,60416,-0.20305879237288135,-50.972697988868376,-0.39875081285867,-98.59922560108345,0.19569202048578863
15,100,0.5,2.0,58926,-0.2503309235312086,-46.7849645465374,-0.44914899765022703,-83.31629785977755,0.1988180741190184
15,100,0.5,3.0,57549,-0.3183547933065735,-50.7792063693562,-0.5197852939144879,-82.55767874973924,0.2014305006079144
15,100,0.618,1.0,52929,-0.09973738404277428,-23.06065362131011,-0.3269412222399035,-74.65484894003451,0.22720383819712914
15,100,0.618,2.0,52027,-0.16418398139427604,-27.844445071704964,-0.39386975255217166,-66.39789670902202,0.2296857711578956
15,100,0.618,3.0,51213,-0.2157460019916818,-30.743930172794915,-0.4474020678302521,-63.537675751793515,0.2316560658385703
15,100,0.705,1.0,44107,-0.0057360509669666946,-1.2046724622600098,-0.25973528708508326,-53.86011708437705,0.2539992361181166
15,100,0.705,2.0,43584,-0.07729900881057268,-11.656079079354546,-0.33303850105506455,-49.995218405200426,0.2557394922444919
15,100,0.705,3.0,43111,-0.127832803692793,-16.06977094736449,-0.38514360885557547,-48.287508053870944,0.2573108051627825
15,100,0.786,1.0,32057,0.09717066475340799,17.480341540751986,-0.18526899038503178,-32.95950523614892,0.2824396551384397
15,100,0.786,2.0,31778,0.03005223739694128,3.7607657062164828,-0.2535578253085485,-31.675496793096396,0.2836100627054897
15,100,0.786,3.0,31489,-0.03483756232335101,-3.612038459595276,-0.3196888979624989,-33.119736091097415,0.2848513356391479
15,200,0.382,1.0,65618,-0.3249718065165046,-88.02166823649567,-0.49874730277888213,-132.63939413766298,0.17377549626237754
15,200,0.382,2.0,63500,-0.38644094488188974,-80.47538210860995,-0.5639668740300285,-116.38899984608156,0.17752592914813878
15,200,0.382,3.0,61763,-0.4516458073603938,-81.58587250531858,-0.6319939818872056,-113.62319084862185,0.1803481745268118
15,200,0.5,1.0,61158,-0.25851074266653584,-66.17908935006417,-0.45793664906764603,-115.28270808070262,0.19942590640111027
15,200,0.5,2.0,59782,-0.3020641664715132,-58.26588342549116,-0.5044303536294786,-96.45126875869799,0.2023661871579655
15,200,0.5,3.0,58524,-0.364841774314811,-60.37325100408237,-0.5696301519038021,-93.76288511116262,0.20478837758899102
15,200,0.618,1.0,53332,-0.15334133353333834,-35.83570822929526,-0.3838978759876746,-88.45400601120724,0.23055654245433632
15,200,0.618,2.0,52503,-0.21461630763956346,-37.28725872047584,-0.4474821497418199,-77.2131808278374,0.23286584210225642
15,200,0.618,3.0,51765,-0.260349657104221,-38.14394465001197,-0.4950380957981924,-72.2251003533829,0.2346884386939714
15,200,0.705,1.0,44173,-0.05539583003191995,-11.660521918691426,-0.31192039041989394,-64.73991382880673,0.25652456038797405
15,200,0.705,2.0,43675,-0.1279908414424728,-19.635636274029196,-0.38622358435970017,-58.92786340597469,0.25823274291722736
15,200,0.705,3.0,43238,-0.17535501179518018,-22.532859235414275,-0.4350655487147343,-55.724091287300936,0.25971053691955415
15,200,0.786,1.0,31922,0.04517260823256688,8.078988071067943,-0.23955470815374041,-42.317598630510055,0.28472731638630727
15,200,0.786,2.0,31657,-0.018416148087310864,-2.3278648279865926,-0.3042893741062312,-38.361030774845496,0.28587322601892035
15,200,0.786,3.0,31374,-0.08267992605342003,-8.708702171802175,-0.3697753345208562,-38.900929453863675,0.28709540846743614
60,10,0.382,1.0,14051,-0.014732047541100277,-1.7464188370799036,-0.09225837349108619,-10.910034319005948,0.07752632594998592
60,10,0.382,2.0,13429,-0.05413657010946459,-4.500570081583455,-0.13383305258779293,-11.114782362243613,0.07969648247832833
60,10,0.382,3.0,12830,-0.1407638347622759,-9.705403087505687,-0.2224333198615683,-15.340447225851847,0.08166948509929237
60,10,0.5,1.0,13614,0.07962391655648597,9.31969173276002,-0.016245077396928577,-1.8950781716985765,0.09586899395341454
60,10,0.5,2.0,13149,0.013232945471138489,1.0694444832412968,-0.08472223909274415,-6.842645538319575,0.09795518456388264
60,10,0.5,3.0,12761,-0.05336572368936604,-3.54574267702858,-0.15300458834200523,-10.164529925766043,0.09963886465263919
60,10,0.618,1.0,12939,0.1586675940953706,18.279258350818775,0.03403752325686261,3.892344185810135,0.124630070838508
60,10,0.618,2.0,12704,0.07564546599496222,5.925962957610676,-0.05039997185174891,-3.9452740239596684,0.12604543784671113
60,10,0.618,3.0,12418,-0.005636978579481398,-0.36334064247337533,-0.13335025197661546,-8.593331419554591,0.12771327339713404
60,10,0.705,1.0,12174,0.18991292919336292,21.34174375952002,0.0345959095664675,3.843835496291583,0.15531701962689543
60,10,0.705,2.0,12052,0.1612180550945901,12.111647305183107,0.005023437991573645,0.3769774075919359,0.15619461710301646
60,10,0.705,3.0,11913,0.07882145555275749,4.8459949165326455,-0.07843213131011113,-4.821607272222058,0.15725358686286864
60,10,0.786,1.0,10934,0.1512712639473203,16.001209967009537,-0.04269501448475717,-4.429155955953773,0.19396627843207745
60,10,0.786,2.0,10895,0.2002753556677375,14.222558236491272,0.005925497741489041,0.41970724068178267,0.19434985792624845
60,10,0.786,3.0,10829,0.15061409179056237,8.655641300794798,-0.04429580666534052,-2.5463526302920383,0.19490989845590292
60,20,0.382,1.0,15389,-0.07817272077457925,-9.726965351590865,-0.15503065290478704,-19.19285150300461,0.07685793213020779
60,20,0.382,2.0,14693,-0.10283808616347921,-9.075198103861203,-0.18191695830667629,-16.017594455798328,0.07907887214319705
60,20,0.382,3.0,14003,-0.19988573877026353,-14.782013862366485,-0.2810509528174766,-20.77384304945911,0.08116521404721315
60,20,0.5,1.0,14966,0.012561806761993853,1.5368261343993772,-0.08237779809262621,-10.010643671955174,0.09493960485462007
60,20,0.5,2.0,14454,-0.0369447903694479,-3.171151469683499,-0.13397454095480832,-11.471834029348301,0.09702975058536041
60,20,0.5,3.0,14001,-0.08977930147846583,-6.334366047521706,-0.18860401864793988,-13.291935964352641,0.09882471716947407
60,20,0.618,1.0,14235,0.09898138391289077,11.867382827919045,-0.02458509563260383,-2.917037319361612,0.1235664795454946
60,20,0.618,2.0,13970,0.025196850393700787,2.092971809445128,-0.09982943625172383,-8.2694915562899,0.12502628664542462
60,20,0.618,3.0,13652,-0.036038675651919136,-2.4613172861676755,-0.16275335368971805,-11.101443772288555,0.1267146780377989
60,20,0.705,1.0,13403,0.14198313810340968,16.605188897452138,-0.01201712682071866,-1.38594301073812,0.15400026492412833
60,20,0.705,2.0,13274,0.10087388880518307,8.037437761096532,-0.05396569877944022,-4.28717799633123,0.15483958758462327
60,20,0.705,3.0,13119,0.03513987346596539,2.297377603583692,-0.12078803252478178,-7.886056942765528,0.15592790599074716
60,20,0.786,1.0,12027,0.12297331005238214,13.588776024798072,-0.06875731090088068,-7.447931183906403,0.19173062095326282
60,20,0.786,2.0,11982,0.15473209814722083,11.602634617142888,-0.03740484615791291,-2.796782251641498,0.19213694430513373
60,20,0.786,3.0,11911,0.09982369238519016,6.099802520053721,-0.0928667826033589,-5.673635174075513,0.19269047498854905
60,50,0.382,1.0,16585,-0.1945734097075671,-25.54516608979122,-0.2757946183096681,-35.84645807416314,0.08122120860210104
60,50,0.382,2.0,15878,-0.2223201914598816,-21.30882008093039,-0.30582703901059755,-29.163891375843736,0.08350684755071591
60,50,0.382,3.0,15199,-0.3081123758141983,-25.106978729423446,-0.39372840463025083,-32.008842184294714,0.0856160288160525
60,50,0.5,1.0,16192,-0.11054841897233202,-14.153357198625022,-0.21050256701724496,-26.614623176157387,0.09995414804491295
60,50,0.5,2.0,15684,-0.15837796480489671,-14.715906880328374,-0.2604116798832998,-24.055057800069513,0.10203371507840307
60,50,0.5,3.0,15222,-0.20536066219944818,-15.875059708284347,-0.309248502573296,-23.825459987047136,0.10388784037384785
60,50,0.618,1.0,15445,-0.026092586597604404,-3.243731656075748,-0.1552134219185375,-18.97814904485339,0.12912083532093308
60,50,0.618,2.0,15180,-0.08814229249011858,-7.869775453807266,-0.2187052843955034,-19.398573480626066,0.13056299190538484
60,50,0.618,3.0,14855,-0.15260854930999662,-11.379508649132646,-0.2848609675390688,-21.16019154731313,0.13225241822907213
60,50,0.705,1.0,14548,0.02914489964256255,3.516687780193341,-0.13033838798186853,-15.425534057835993,0.15948328762443112
60,50,0.705,2.0,14421,-0.009361348034116913,-0.7967725533329924,-0.16965387404105803,-14.343215196845925,0.1602925260069411
60,50,0.705,3.0,14268,-0.063919259882254,-4.508195644792203,-0.2252559762820607,-15.826374226621603,0.1613367163998067
60,50,0.786,1.0,13009,0.02175417018986855,2.4817073897500346,-0.1751186566641182,-19.499090684790907,0.1968728268539867
60,50,0.786,2.0,12964,0.05846960814563407,4.643780150890963,-0.13879661315972952,-10.949599272354305,0.1972662213053636
60,50,0.786,3.0,12897,0.00798635341552299,0.5222361437325739,-0.189781121746546,-12.374638044721909,0.19776747516206902
60,100,0.382,1.0,16996,-0.26300305954342196,-35.53745652459307,-0.3475716787108287,-46.45978769424368,0.08456861916740675
60,100,0.382,2.0,16368,-0.2932551319648094,-29.46949158716307,-0.37994457828128525,-37.97618404934316,0.08668944631647582
60,100,0.382,3.0,15777,-0.3651518032579071,-31.37867660169027,-0.4537466084947158,-38.8923480579832,0.08859480523680868
60,100,0.5,1.0,16662,-0.18161085103829072,-23.83829331857275,-0.2855417459373939,-36.94953709543073,0.10393089489910314
60,100,0.5,2.0,16197,-0.23245045378773846,-22.599048709178025,-0.33835352230952037,-32.683684404555535,0.1059030685217819
60,100,0.5,3.0,15791,-0.2707238300297638,-22.02670835812545,-0.37832330046625057,-30.666852167962798,0.10759947043648675
60,100,0.618,1.0,15940,-0.09912170639899624,-12.576023823335335,-0.23268411988394963,-28.968596855247668,0.1335624134849534
60,100,0.618,2.0,15707,-0.1544534284077163,-14.341448825312934,-0.2893178910366666,-26.660861863050172,0.13486446262895024
60,100,0.618,3.0,15405,-0.22103213242453748,-17.31868320887821,-0.35752107515499076,-27.891936542545345,0.13648894273045326
60,100,0.705,1.0,15028,-0.04751131221719457,-5.830742932107104,-0.21197738270234134,-25.44367549986472,0.16446607048514678
60,100,0.705,2.0,14926,-0.08508642637009245,-7.52602033817644,-0.25023192839053265,-21.947045510546413,0.16514550202044018
60,100,0.705,3.0,14784,-0.1360930735930736,-10.052853677892989,-0.30222782564611334,-22.219629821987642,0.1661347520530398
60,100,0.786,1.0,13417,-0.042856078109860626,-4.968475338083586,-0.24474282296152988,-27.62010113171874,0.20188674485166924
60,100,0.786,2.0,13376,-0.010017942583732058,-0.8213188772385536,-0.21227741815193504,-17.24924526769597,0.202259475568203
60,100,0.786,3.0,13324,-0.05884118883218253,-4.002879638322717,-0.26150374157428885,-17.71775452376995,0.20266255274210632
60,200,0.382,1.0,17324,-0.30270145462941583,-41.801727709418415,-0.390374067522555,-53.29507509346818,0.08767261289313913
60,200,0.382,2.0,16746,-0.338946614116804,-35.27324819415154,-0.4286342419226773,-44.34091158746644,0.08968762780587329
60,200,0.382,3.0,16197,-0.41149595604124223,-36.95917764625222,-0.5030086586536123,-45.04390878080221,0.09151270261237011
60,200,0.5,1.0,17029,-0.22344236302777615,-29.913603418074356,-0.33131140220380334,-43.677528765824974,0.10786903917602718
60,200,0.5,2.0,16595,-0.2729135281711359,-27.34740472217392,-0.38269106675813336,-38.07258748940144,0.10977753858699753
60,200,0.5,3.0,16223,-0.31701904703199163,-26.82620727609632,-0.4283899380313173,-36.09007653160334,0.11137089099932573
60,200,0.618,1.0,16332,-0.1497673279451384,-19.35751454602253,-0.28807416425461463,-36.483889432029336,0.13830683630947618
60,200,0.618,2.0,16114,-0.1955442472384262,-18.67716990606802,-0.3351176597929788,-31.737672565414126,0.13957341255455252
60,200,0.618,3.0,15832,-0.26225366346639717,-21.269796929144338,-0.403392779264257,-32.55155267750267,0.14113911579785982
60,200,0.705,1.0,15392,-0.09381496881496881,-11.690287298323677,-0.2635151126031246,-32.05984603226528,0.16970014378815576
60,200,0.705,2.0,15298,-0.12753301085109164,-11.577454704620509,-0.2978938895257254,-26.7793196997995,0.1703608786746338
60,200,0.705,3.0,15166,-0.16998549386786233,-12.905106411989694,-0.34130777370125326,-25.76762870483849,0.171322279833391
60,200,0.786,1.0,13665,-0.08949871935601902,-10.503936923693832,-0.29547021032183335,-33.728482114489125,0.2059714909658143
60,200,0.786,2.0,13628,-0.049457000293513353,-4.136400769856466,-0.25577981742143197,-21.17611797671927,0.20632281712791864
60,200,0.786,3.0,13580,-0.09661266568483064,-6.731122861121426,-0.3033315216019107,-21.025347044517247,0.20671885591708003
240,10,0.382,1.0,3662,0.002730748225013654,0.16522780892358524,-0.030582070213181555,-1.8506044438437244,0.03331281843819521
240,10,0.382,2.0,3521,-0.03635330871911389,-1.5396776079562213,-0.0703613809085407,-2.9812683560367237,0.03400807218942681
240,10,0.382,3.0,3367,-0.12087912087912088,-4.233948561630764,-0.15556405035565019,-5.451069062492768,0.0346849294765293
240,10,0.5,1.0,3536,0.0831447963800905,4.960622139733513,0.04166621280376705,2.485140149632991,0.041478583576323454
240,10,0.5,2.0,3481,0.03418557885665039,1.4143668311477071,-0.0076514840271376,-0.316751773036443,0.041837062883787975
240,10,0.5,3.0,3377,0.005626295528575659,0.18838765868861057,-0.03679969154225217,-1.2328736310577593,0.04242598707082784
240,10,0.618,1.0,3366,0.21093285799168152,12.517562254480797,0.1560862058026945,9.251006244973127,0.05484665218898703
240,10,0.618,2.0,3332,0.10744297719087635,4.283316603756675,0.052296236369948186,2.085982788316218,0.055146740820928165
240,10,0.618,3.0,3291,0.053783044667274384,1.7507952816251675,-0.0017254541086550623,-0.056219771738138045,0.055508498775929435
240,10,0.705,1.0,3251,0.2832974469394033,16.84035337027328,0.2115292526805998,12.529289700324643,0.07176819425880347
240,10,0.705,2.0,3244,0.20684340320591862,8.00719821467354,0.1349675056287641,5.225760535123676,0.07187589757715449
240,10,0.705,3.0,3225,0.12868217054263567,4.058723145262046,0.05658193690145131,1.7859913368582634,0.07210023364118434
240,10,0.786,1.0,3135,0.24720893141945774,14.282585033906486,0.14769849029451865,8.448565345554822,0.09951044112493909
240,10,0.786,2.0,3130,0.3600638977635783,13.486188958627228,0.2604571194416182,9.7335034199398,0.09960677832196006
240,10,0.786,3.0,3129,0.19015659955257272,5.815695534011611,0.09052430984565761,2.7678394420036336,0.0996322897069151
240,20,0.382,1.0,3979,-0.04749937170143252,-2.999236643166383,-0.08048808843886333,-5.0795332505867945,0.03298871673743082
240,20,0.382,2.0,3831,-0.06812842599843383,-3.0371130528406933,-0.101789076621157,-4.537666387178741,0.033660650622723144
240,20,0.382,3.0,3644,-0.15916575192096596,-5.894375624891561,-0.19359161971182387,-7.170957217045713,0.03442586779085789
240,20,0.5,1.0,3844,0.033818938605619145,2.0977013777765054,-0.0072754901518462395,-0.45075096547705595,0.041094428757465384
240,20,0.5,2.0,3783,-0.0007930214115781126,-0.03449187983725461,-0.042244913340029555,-1.8375833262319599,0.04145189192845144
240,20,0.5,3.0,3662,-0.026761332605133806,-0.9434281572081755,-0.06885412944249034,-2.427964950621566,0.042092796837356526
240,20,0.618,1.0,3663,0.1526071526071526,9.344391099723346,0.09821494402208827,6.0010016479332355,0.054392208585064335
240,20,0.618,2.0,3628,0.05429988974641676,2.283245935731247,-0.00036861047408101653,-0.015498335519460296,0.05466850022049776
240,20,0.618,3.0,3580,0.02011173184357542,0.6900911496942005,-0.03494047243896787,-1.1995815540915518,0.05505220428254328
240,20,0.705,1.0,3533,0.22388904613642796,13.652439576144616,0.15263341436878455,9.266516357280716,0.07125563176764343
240,20,0.705,2.0,3526,0.1537152580828134,6.253136093599719,0.08236155438457082,3.348995748615371,0.07135370369824257
240,20,0.705,3.0,3506,0.07701083856246435,2.569639645485904,0.005446719674587371,0.1817921510128047,0.07156411888787698
240,20,0.786,1.0,3403,0.2253893623273582,13.493412219995317,0.12642744411712417,7.4849063512000855,0.09896191821023405
240,20,0.786,2.0,3398,0.3119482048263684,12.217406816402793,0.2128983546525964,8.314420464312601,0.09904985017377205
240,20,0.786,3.0,3397,0.1315866941418899,4.256288295328668,0.03251350920350906,1.0510453263193476,0.09907318493838083
240,50,0.382,1.0,4197,-0.14700976888253514,-9.627385174336332,-0.1812034616872976,-11.840185367205917,0.03419369280476245
240,50,0.382,2.0,4055,-0.16769420468557336,-7.94912742422439,-0.20255351176972192,-9.592702425055133,0.034859307084148555
240,50,0.382,3.0,3865,-0.2703751617076326,-10.88019698223363,-0.30605503916867416,-12.313204238967753,0.0356798774610416
240,50,0.5,1.0,4066,-0.07033939990162322,-4.495789460148386,-0.11276955104533697,-7.186463774178873,0.04243015114371375
240,50,0.5,2.0,4017,-0.10306198655713218,-4.755411563852744,-0.1457791651151555,-6.71966206421884,0.04271717855802334
240,50,0.5,3.0,3893,-0.1297200102748523,-4.903556095893063,-0.17311315395515475,-6.540745475924448,0.043393143680302476
240,50,0.618,1.0,3908,0.02456499488229273,1.5359230508854116,-0.0315815160238794,-1.9654793114709315,0.056146510906172134
240,50,0.618,2.0,3876,-0.03560371517027864,-1.581819007054685,-0.09200551054836074,-4.08112794170901,0.05640179537808208
240,50,0.618,3.0,3841,-0.06378547253319448,-2.333837023718695,-0.1204745050620103,-4.405816700726212,0.05668903252881581
240,50,0.705,1.0,3784,0.10306553911205074,6.373098580827148,0.029518918346082265,1.8112738068511718,0.07354662076596849
240,50,0.705,2.0,3777,0.051628276409849086,2.2163410116082947,-0.022014144872476504,-0.9430134858094144,0.07364242128232559
240,50,0.705,3.0,3761,-0.005583621377293273,-0.19804384142266845,-0.07939921855776427,-2.8129758797994833,0.07381559718047102
240,50,0.786,1.0,3666,0.10038188761593017,6.107894620538327,-0.0018230644338897899,-0.10935209912297023,0.10220495204981996
240,50,0.786,2.0,3661,0.19393608303742146,7.989913281427223,0.09164508674250452,3.754940245687291,0.10229099629491693
240,50,0.786,3.0,3660,0.04590163934426229,1.5796159248143768,-0.05641190048658285,-1.9376214509928096,0.10231353983084515
240,100,0.382,1.0,4249,-0.23417274652859496,-15.69911674180903,-0.2697038320614328,-18.03189558578014,0.03553108553283786
240,100,0.382,2.0,4124,-0.2565470417070805,-12.718173220445214,-0.29270007371604706,-14.491560641068638,0.03615303200896658
240,100,0.382,3.0,3954,-0.3434496712190187,-14.574548355667691,-0.3803971414290238,-16.135630133914052,0.036947470210005086
240,100,0.5,1.0,4136,-0.15570599613152805,-10.136139022193026,-0.1997733527496801,-12.95919862039661,0.04406735661815205
240,100,0.5,2.0,4094,-0.20200293111871032,-9.749199310627608,-0.24632973931275634,-11.870335666460678,0.044326808194046
240,100,0.5,3.0,3981,-0.22532027128862095,-8.992786493445058,-0.2702983082162541,-10.778164536795915,0.04497803692763313
240,100,0.618,1.0,4001,-0.06473381654586353,-4.102731242779546,-0.1229320295788931,-7.747761056942502,0.05819821303302958
240,100,0.618,2.0,3969,-0.11866969009826153,-5.470470243724899,-0.17714163635819488,-8.14811273828441,0.05847194625993332
240,100,0.618,3.0,3942,-0.15575849822425164,-5.990591964044517,-0.2144617196559355,-8.240878354156866,0.058703221431683834
240,100,0.705,1.0,3891,0.008995116936520175,0.5610469228643513,-0.06714883772722989,-4.151537770738838,0.07614395466375007
240,100,0.705,2.0,3884,-0.04376930998970134,-1.9509948350217008,-0.12001110705498727,-5.333469616809072,0.07624179706528593
240,100,0.705,3.0,3868,-0.07755946225439504,-2.862526123846969,-0.15399087888712937,-5.674158789835037,0.07643141663273434
240,100,0.786,1.0,3788,0.018479408658922915,1.1373912639327608,-0.08726364869605495,-5.288569886151913,0.10574305735497788
240,100,0.786,2.0,3783,0.09912767644726407,4.217500503491084,-0.006703326587815791,-0.28339082527558584,0.10583100303507985
240,100,0.786,3.0,3782,-0.040719196192490745,-1.466025417877076,-0.1465729515671363,-5.264435525920394,0.10585375537464554
240,200,0.382,1.0,4299,-0.29937194696441033,-20.569976855061153,-0.3364482743939383,-23.038340878897806,0.03707632742952799
240,200,0.382,2.0,4184,-0.32887189292543023,-17.013559208920682,-0.3665496093379862,-18.929669926529918,0.037677716412556
240,200,0.382,3.0,4024,-0.40059642147117297,-17.796920862279784,-0.43907173488181217,-19.494304026303716,0.03847531341063924
240,200,0.5,1.0,4191,-0.22357432593653065,-14.847858491259833,-0.26953996669178476,-17.827263487170026,0.045965640755254125
240,200,0.5,2.0,4153,-0.2754635203467373,-13.82380817594016,-0.32167315431831234,-16.112172737602336,0.04620963397157506
240,200,0.5,3.0,4047,-0.30417593278972077,-12.760170662602855,-0.351027357842767,-14.70830687786643,0.04685142505304623
240,200,0.618,1.0,4079,-0.13115959794067172,-8.448736024101514,-0.1917623219058339,-12.2705307767339,0.06060272396516214
240,200,0.618,2.0,4048,-0.1825592885375494,-8.694795663311831,-0.24343924519469104,-11.564228707617954,0.060879956657141625
240,200,0.618,3.0,4026,-0.21410829607550919,-8.546825411657982,-0.2751833120085486,-10.972086768537286,0.06107501593303941
240,200,0.705,1.0,3983,-0.0464474014561888,-2.9341412762842696,-0.12559966709313078,-7.853572293443831,0.07915226563694198
240,200,0.705,2.0,3976,-0.10890342052313884,-5.0086346448927666,-0.18815656092476332,-8.61997143938085,0.07925314040162448
240,200,0.705,3.0,3959,-0.13816620358676435,-5.285547604369336,-0.2176265303024864,-8.307873973496022,0.07946032671572208
240,200,0.786,1.0,3881,-0.03220819376449369,-2.007278401285692,-0.14209968849875143,-8.704967797750543,0.10989149473425773
240,200,0.786,2.0,3876,0.03715170278637771,1.620877027170738,-0.07283097891762258,-3.153751203967948,0.1099826817040003
240,200,0.786,3.0,3875,-0.12051612903225807,-4.527910422679666,-0.2305220884206213,-8.632939302781471,0.11000595938836323
