ses,min,salida,lado,ent,sl,tp,rgo,mot,R,neta,t,tanda,conf,ind,por,fallo,nota,dia,cuerpo_pct,toca,lleno,res
1,512,546,-1,1.0835,1.08379,1.08292,2.9,TP,2.0,1.506896551724138,0,1,claro,True,,,,2020-02-18,39.999999999982236,False,False,True
2,490,512,1,1.1736,1.17319,1.17442,4.1,TP,2.0,1.651219512195122,0,1,claro,False,,,,2020-07-29,70.96774193556243,True,True,True
2,515,517,1,1.17491,1.17453,1.17567,3.8,SL,-1.0,-1.3763157894736842,1,1,normal,False,,tarde,,2020-07-29,95.69892473117895,False,True,True
2,522,541,1,1.17469,1.17431,1.17545,3.8,TP,2.0,1.6236842105263158,1,1,claro,False,,,,2020-07-29,57.89473684211449,False,False,True
3,493,527,1,1.18057,1.17928,1.18315,12.9,SL,-1.0,-1.1108527131782946,2,1,claro,False,,,,2020-09-03,81.99999999999112,True,True,True
3,536,574,1,1.17973,1.1788,1.18159,9.3,TP,2.0,1.846236559139785,2,1,claro,False,,,,2020-09-03,41.176470588199436,False,False,True
5,492,535,1,1.22649,1.22588,1.22771,6.1,SL,-1.0,-1.2344262295081967,3,1,normal,True,,nivel,,2021-01-05,64.10256410256702,False,True,True
5,550,559,1,1.22681,1.22636,1.22771,4.5,TP,2.0,1.6822222222222225,4,1,normal,True,,,,2021-01-05,96.29629629627294,False,True,True
5,581,607,1,1.2267,1.2261,1.2279,6.0,TP,2.0,1.7616666666666667,4,1,normal,True,,,,2021-01-05,73.17073170730518,False,True,True
6,485,508,-1,1.20931,1.2098,1.20833,4.9,TP,2.0,1.7081632653061225,5,1,claro,False,,,,2021-01-28,87.09677419353683,False,True,True
6,510,517,1,1.20882,1.20814,1.21018,6.8,SL,-1.0,-1.2102941176470587,5,1,claro,False,,,,2021-01-28,22.641509433936967,False,False,True
6,520,562,1,1.20901,1.20802,1.21099,9.9,TP,2.0,1.855555555555556,5,1,claro,False,,,,2021-01-28,38.571428571431746,True,False,True
7,490,500,1,1.19654,1.19622,1.19718,3.2,SL,-1.0,-1.446875,6,1,normal,False,,nivel,,2021-02-05,28.571428571473888,False,False,True
7,514,545,1,1.19629,1.19585,1.19717,4.4,TP,2.0,1.675,6,1,normal,False,,,,2021-02-05,76.92307692309006,False,True,True
8,580,619,-1,1.21638,1.21708,1.21498,7.0,SL,-1.0,-1.2042857142857142,8,1,claro,True,,contexto,,2021-02-24,52.702702702720536,True,False,True
8,635,681,-1,1.21637,1.21694,1.21523,5.7,TP,2.0,1.7491228070175435,8,1,normal,True,,,,2021-02-24,63.768115942021055,True,True,True
11,490,507,-1,1.2198,1.22031,1.21878,5.1,TP,2.0,1.719607843137255,14,1,normal,False,,,,2021-05-27,63.93442622949029,True,True,True
14,505,544,1,1.05467,1.05383,1.05635,8.4,SL,-1.0,-1.1702380952380953,16,1,normal,True,,precipitada,,2022-04-29,70.0000000000222,True,True,True
15,490,510,-1,1.05011,1.05103,1.04827,9.2,SL,-1.0,-1.1554347826086957,16,1,normal,True,,,,2022-05-12,36.11111111109826,False,False,True
15,537,552,-1,1.05054,1.05159,1.04844,10.5,TP,2.0,1.863809523809524,17,1,normal,True,,,,2022-05-12,13.461538461539282,False,False,True
16,490,515,1,1.07566,1.07521,1.07656,4.5,SL,-1.0,-1.3177777777777775,17,1,normal,True,,contexto,,2022-06-03,92.30769230772515,False,True,True
16,560,578,1,1.0747,1.0743,1.0755,4.0,TP,2.0,1.6425,17,1,normal,True,,,,2022-06-03,66.66666666665215,True,True,True
18,536,542,-1,1.05319,1.05369,1.05219,5.0,SL,-1.0,-1.286,18,1,normal,False,,stopcorto,,2022-06-24,41.46341463416748,False,False,True
18,557,646,-1,1.05257,1.05325,1.05121,6.8,SL,-1.0,-1.2102941176470587,19,1,normal,False,,,,2022-06-24,82.53968253967136,False,True,True
19,485,546,-1,1.04359,1.04427,1.04223,6.8,TP,2.0,1.7897058823529413,19,1,claro,True,,,,2022-07-05,94.64285714286068,False,True,True
21,495,504,1,1.0176,1.01679,1.01922,8.1,SL,-1.0,-1.1765432098765432,21,1,claro,True,,,,2022-08-03,30.158730158710018,False,False,True
21,541,674,1,1.01675,1.01527,1.01971,14.8,TP,2.0,1.9033783783783784,21,1,normal,True,,,,2022-08-03,49.090909090923034,False,False,True
22,495,547,1,1.05808,1.0566,1.06104,14.8,TP,2.0,1.9033783783783784,22,1,normal,True,,,,2023-01-04,22.916666666676306,True,False,True
22,548,690,1,1.06137,1.05937,1.06537,20.0,cierre,0.15,0.0785,22,1,normal,True,,,,2023-01-04,65.2482269503507,False,True,False
23,493,551,1,1.06833,1.06756,1.06987,7.7,SL,-1.0,-1.1857142857142855,23,1,dudando,False,,nada,,2023-03-07,19.14893617019769,True,False,True
24,550,574,-1,1.09766,1.09822,1.09654,5.6,SL,-1.0,-1.2553571428571428,24,1,normal,False,,,,2023-05-10,27.450980392161984,True,False,True
24,581,600,-1,1.09754,1.09832,1.09598,7.8,TP,2.0,1.8166666666666669,24,1,normal,False,,,,2023-05-10,77.19298245614513,True,True,True
25,480,497,-1,1.09213,1.0926,1.09119,4.7,SL,-1.0,-1.304255319148936,26,1,normal,True,,,,2023-05-12,79.31034482759677,False,True,True
25,537,591,-1,1.0929,1.09357,1.09156,6.7,TP,2.0,1.7865671641791043,26,1,normal,True,,,,2023-05-12,72.72727272729567,True,True,True
26,497,507,-1,1.08607,1.08667,1.08487,6.0,SL,-1.0,-1.2383333333333333,27,1,normal,True,,stopcorto,,2023-07-06,78.57142857143991,False,True,True
26,552,562,-1,1.08593,1.08702,1.08375,10.9,SL,-1.0,-1.1311926605504588,27,1,normal,True,,,,2023-07-06,58.57142857143809,False,False,True
26,617,625,-1,1.0849,1.08559,1.08352,6.9,SL,-1.0,-1.2072463768115942,28,1,normal,True,,,,2023-07-06,87.30158730157275,True,True,True
28,566,620,1,1.0582,1.05762,1.05936,5.8,TP,2.0,1.7534482758620689,29,1,normal,True,,,,2023-09-26,53.03030303028977,True,False,True
29,560,576,-1,1.09107,1.09178,1.08965,7.1,TP,2.0,1.7985915492957747,29,1,normal,False,,,,2023-11-22,77.77777777778326,False,True,True
29,579,639,-1,1.08937,1.09013,1.08785,7.6,SL,-1.0,-1.188157894736842,30,1,normal,False,,,,2023-11-22,0.0,False,False,True
30,505,609,-1,1.07722,1.07779,1.07608,5.7,TP,2.0,1.7491228070175435,30,1,normal,False,,,,2024-02-13,55.10204081631358,True,False,True
30,611,666,1,1.07618,1.07561,1.07732,5.7,TP,2.0,1.7491228070175435,31,1,normal,False,,,,2024-02-13,78.72340425532015,True,True,True
31,485,520,1,1.08416,1.08365,1.08518,5.1,TP,2.0,1.719607843137255,34,1,normal,False,,,,2024-02-22,55.263157894741454,True,False,True
32,491,616,-1,1.08793,1.08832,1.08715,3.9,TP,2.0,1.6333333333333333,35,1,normal,True,,,,2024-05-16,71.11111111110891,True,True,True
34,486,514,-1,1.08418,1.08449,1.08356,3.1,TP,2.0,1.538709677419355,36,1,normal,False,,,,2024-07-25,47.22222222220509,False,False,True
34,526,536,1,1.08364,1.08335,1.08422,2.9,SL,-1.0,-1.493103448275862,36,1,normal,False,,stopcorto,,2024-07-25,37.499999999982656,True,False,True
34,571,591,1,1.08369,1.08329,1.08449,4.0,TP,2.0,1.6425,37,1,normal,False,,,,2024-07-25,20.000000000022204,True,False,True
35,502,555,1,1.11457,1.11402,1.11567,5.5,TP,2.0,1.74,37,1,normal,False,,,,2024-08-22,37.93103448276126,False,False,True
36,485,549,1,1.04044,1.03994,1.04144,5.0,TP,2.0,1.714,38,1,normal,True,,,,2024-12-31,37.03703703703399,False,False,True
36,563,568,1,1.04106,1.04071,1.04176,3.5,SL,-1.0,-1.4085714285714286,38,1,normal,True,,,,2024-12-31,25.00000000001262,False,False,True
36,573,596,1,1.04105,1.0407,1.04175,3.5,TP,2.0,1.5914285714285714,38,1,normal,True,,,,2024-12-31,75.86206896551329,False,True,True
37,601,610,1,1.04033,1.03983,1.04133,5.0,TP,2.0,1.714,40,1,normal,False,,,,2025-03-03,78.94736842106903,True,True,True
37,613,620,1,1.04158,1.04108,1.04258,5.0,SL,-1.0,-1.286,40,1,normal,False,,stopcorto,,2025-03-03,58.490566037708966,False,False,True
37,635,655,1,1.04162,1.04123,1.0424,3.9,TP,2.0,1.6333333333333333,40,1,normal,False,,,,2025-03-03,59.25925925927906,False,False,True
38,514,663,1,1.08067,1.0798,1.08241,8.7,TP,2.0,1.835632183908046,41,1,normal,False,,,,2025-04-01,16.279069767447865,False,False,True
39,490,579,1,1.11873,1.11788,1.12043,8.5,TP,2.0,1.831764705882353,41,1,normal,True,,,,2025-05-14,27.777777777796054,True,False,True
40,495,515,1,1.17468,1.17412,1.1758,5.6,TP,2.0,1.7446428571428572,42,1,normal,False,,,,2025-07-25,20.63492063491784,False,False,True
40,528,616,-1,1.17551,1.1762,1.17413,6.9,TP,2.0,1.7927536231884058,43,1,normal,False,,,,2025-07-25,29.629629629660087,True,False,True
41,505,537,-1,1.17149,1.17201,1.17045,5.2,TP,2.0,1.725,46,1,normal,False,,,,2025-09-10,70.37037037038102,True,True,True
42,491,500,-1,1.17264,1.17291,1.1721,2.7,TP,2.0,1.4703703703703703,47,1,normal,True,,,,2025-09-15,11.111111111101973,False,False,True
42,530,548,1,1.17244,1.17201,1.1733,4.3,TP,2.0,1.6674418604651162,47,1,normal,True,,,,2025-09-15,97.29729729727946,True,True,True
42,595,623,1,1.17345,1.17303,1.17429,4.2,TP,2.0,1.6595238095238096,48,1,normal,True,,,,2025-09-15,44.82758620694143,False,False,True
43,490,518,-1,1.14863,1.14905,1.14779,4.2,SL,-1.0,-1.3404761904761904,48,1,normal,True,,stopcorto,,2025-11-05,24.13793103449596,False,False,True
43,525,546,-1,1.14878,1.1492,1.14794,4.2,SL,-1.0,-1.3404761904761904,49,1,normal,True,,,,2025-11-05,80.0,False,True,True
43,562,664,-1,1.14896,1.14957,1.14774,6.1,TP,2.0,1.7655737704918033,49,1,normal,True,,,,2025-11-05,82.22222222220688,False,True,True
44,495,540,1,1.17468,1.17434,1.17536,3.4,TP,2.0,1.5794117647058823,50,1,normal,True,,,,2025-12-16,45.45454545458216,True,False,True
46,501,531,1,1.17193,1.17147,1.17285,4.6,TP,2.0,1.6891304347826086,51,1,normal,False,,,,2025-12-22,29.999999999977796,False,False,True
46,533,553,1,1.17295,1.17244,1.17397,5.1,SL,-1.0,-1.280392156862745,51,1,normal,False,,,,2025-12-22,85.18518518516996,False,True,True
46,581,690,1,1.17307,1.17256,1.17409,5.1,cierre,0.86,0.5796078431372549,51,1,normal,False,,,,2025-12-22,37.14285714283901,False,False,False
47,519,542,1,1.16225,1.16116,1.16443,10.9,SL,-1.0,-1.1311926605504588,52,1,normal,True,,,,2026-03-04,42.10526315790242,False,False,True
48,506,632,-1,1.14287,1.14362,1.14137,7.5,TP,2.0,1.8093333333333332,53,1,normal,False,,,,2026-07-23,18.181818181726427,False,False,True
50,508,586,1,1.16932,1.1688,1.17036,5.2,SL,-1.0,-1.275,53,1,normal,True,,,,2026-08-21,97.56097560979309,False,True,True
50,589,644,1,1.16895,1.16832,1.17021,6.3,TP,2.0,1.773015873015873,53,1,normal,True,,,,2026-08-21,77.58620689655899,False,True,True
