i_base,i_ent,k,alcista,entrada,objetivo,stop,nat,sim,rr,ts,riesgo_u,R,coste_R,R_neto,ins,coste,uni
19,20,1,True,1910.975,1920.745,1907.987,0.0,1.0,3.2697456492639025,2023-01-17 05:59:00,298.7999999999829,-1.0,0.11713520749665998,-1.11713520749666,XAUUSD,35.0,u
28,29,1,True,1923.765,1935.445,1911.248,1.0,1.0,0.9331309419189732,2023-01-23 17:59:00,1251.7000000000053,0.9331309419189732,0.027961971718462774,0.9051689702005103,XAUUSD,35.0,u
38,39,1,True,1924.255,1934.425,1920.585,0.0,0.0,2.771117166212437,2023-01-30 17:59:00,367.0000000000073,-1.0,0.09536784741144225,-1.0953678474114423,XAUUSD,35.0,u
21,22,1,False,4158.199,4122.389,4186.499,0.0,0.0,1.265371024734956,2023-02-01 17:59:00,28.300000000000182,-1.0,0.07067137809187234,-1.0706713780918724,GRXEUR,2.0,p
45,46,1,True,1914.885,1959.625,1911.225,0.0,0.0,12.224043715846724,2023-02-03 05:59:00,366.0000000000082,-1.0,0.0956284153005443,-1.0956284153005442,XAUUSD,35.0,u
23,24,1,False,4241.039,4191.339,4258.059,1.0,1.0,2.920094007050443,2023-02-03 17:59:00,17.020000000000437,2.920094007050443,0.11750881316098406,2.802585193889459,GRXEUR,2.0,p
47,48,1,True,1877.938,1918.145,1859.647,0.0,0.0,2.1981848996774103,2023-02-06 05:59:00,1829.1000000000167,-1.0,0.01913509376195926,-1.0191350937619592,XAUUSD,35.0,u
48,49,1,False,1865.885,1859.647,1881.198,0.0,0.0,0.4073662900803249,2023-02-06 17:59:00,1531.3000000000102,-1.0,0.022856396525827577,-1.0228563965258275,XAUUSD,35.0,u
51,52,1,True,1876.855,1884.348,1864.898,1.0,0.0,0.6266622062390124,2023-02-08 05:59:00,1195.7000000000107,0.6266622062390124,0.029271556410470592,0.5973906498285417,XAUUSD,35.0,u
52,53,1,False,1875.635,1864.898,1886.345,0.0,1.0,1.0025210084033653,2023-02-08 17:59:00,1071.0000000000036,-1.0,0.032679738562091394,-1.0326797385620914,XAUUSD,35.0,u
26,27,1,False,4214.059,4190.339,4241.379,0.0,0.0,0.8682284040995794,2023-02-08 17:59:00,27.31999999999971,-1.0,0.07320644216691147,-1.0732064421669114,GRXEUR,2.0,p
56,57,1,False,1861.625,1852.588,1872.035,1.0,1.0,0.8681075888568649,2023-02-10 17:59:00,1041.0000000000082,0.8681075888568649,0.03362151777137341,0.8344860710854914,XAUUSD,35.0,u
59,60,1,True,1859.265,1866.395,1850.325,0.0,0.0,0.7975391498881251,2023-02-14 05:59:00,894.0000000000055,-1.0,0.03914988814317649,-1.0391498881431764,XAUUSD,35.0,u
66,67,1,True,1840.745,1845.158,1818.805,1.0,0.0,0.2011394712853257,2023-02-17 17:59:00,2193.9999999999827,0.2011394712853257,0.015952597994530665,0.18518687329079503,XAUUSD,35.0,u
33,34,1,True,4275.069,4314.499,4230.339,0.0,0.0,0.881511289961971,2023-02-17 17:59:00,44.73000000000047,-1.0,0.04471272076905832,-1.0447127207690583,GRXEUR,2.0,p
68,69,1,False,1840.755,1837.145,1847.405,1.0,1.0,0.5428571428571731,2023-02-20 17:59:00,664.9999999999864,0.5428571428571731,0.0526315789473695,0.49022556390980365,XAUUSD,35.0,u
72,73,1,False,1833.025,1831.625,1845.905,1.0,1.0,0.1086956521739211,2023-02-22 16:59:00,1287.9999999999882,0.1086956521739211,0.02717391304347851,0.0815217391304426,XAUUSD,35.0,u
35,36,1,True,4249.199,4266.049,4203.369,1.0,0.0,0.36766310277111913,2023-02-22 17:58:00,45.82999999999993,0.36766310277111913,0.04363953742090341,0.3240235653502157,GRXEUR,2.0,p
79,80,1,False,1813.305,1807.065,1820.055,1.0,0.0,0.9244444444444458,2023-02-28 05:59:00,675.0,0.9244444444444458,0.05185185185185185,0.872592592592594,XAUUSD,35.0,u
81,82,1,False,1830.965,1804.594,1832.585,0.0,0.0,16.278395061727124,2023-03-01 05:59:00,162.00000000001182,-1.0,0.2160493827160336,-1.2160493827160337,XAUUSD,35.0,u
84,85,1,True,1833.615,1839.015,1829.854,1.0,1.0,1.435788354161164,2023-03-02 17:59:00,376.0999999999967,1.435788354161164,0.09306035628822203,1.342727997872942,XAUUSD,35.0,u
41,42,1,True,4242.199,4274.499,4175.349,1.0,1.0,0.483171278982804,2023-03-02 17:59:00,66.84999999999945,0.483171278982804,0.029917726252805033,0.45325355272999895,GRXEUR,2.0,p
45,46,1,True,4284.069,4299.379,4257.339,0.0,0.0,0.5727646838757658,2023-03-09 16:59:00,26.730000000000473,-1.0,0.07482229704451794,-1.074822297044518,GRXEUR,2.0,p
100,101,1,True,1906.685,1913.984,1895.228,0.0,0.0,0.6370777690494942,2023-03-14 16:59:00,1145.699999999988,-1.0,0.03054900933926889,-1.0305490093392689,XAUUSD,35.0,u
104,105,1,False,1914.755,1907.455,1932.255,0.0,0.0,0.41714285714286753,2023-03-16 15:59:00,1750.0,-1.0,0.02,-1.02,XAUUSD,35.0,u
105,106,1,False,1929.395,1912.335,1932.715,0.0,0.0,5.1385542168675515,2023-03-17 04:59:00,331.99999999999363,-1.0,0.10542168674698997,-1.10542168674699,XAUUSD,35.0,u
51,52,1,False,4070.059,4038.339,4174.379,1.0,1.0,0.3040644171779174,2023-03-17 16:59:00,104.31999999999971,0.3040644171779174,0.019171779141104347,0.28489263803681303,GRXEUR,2.0,p
52,53,1,True,4130.069,4174.379,3979.499,1.0,1.0,0.2942817294281683,2023-03-20 15:59:00,150.57000000000062,0.2942817294281683,0.013282858471142935,0.2809988709570254,GRXEUR,2.0,p
55,56,1,False,4178.089,4165.339,4213.499,1.0,1.0,0.3600677774639947,2023-03-23 16:59:00,35.409999999999854,0.3600677774639947,0.05648121999435211,0.3035865574696426,GRXEUR,2.0,p
58,59,1,False,4164.569,4138.839,4203.879,0.0,0.0,0.6545408293055407,2023-03-28 16:59:00,39.30999999999949,-1.0,0.05087763927753818,-1.050877639277538,GRXEUR,2.0,p
121,122,1,False,1966.145,1949.028,1974.998,0.0,0.0,1.9334688806054259,2023-03-29 04:59:00,885.3000000000065,-1.0,0.039534621032418095,-1.0395346210324181,XAUUSD,35.0,u
123,124,1,True,1960.735,1969.298,1955.204,1.0,1.0,1.5481829687217827,2023-03-30 04:59:00,553.0999999999949,1.5481829687217827,0.06327969625745855,1.484903272464324,XAUUSD,35.0,u
62,63,1,False,4312.049,4276.839,4345.369,0.0,0.0,1.0567226890756405,2023-04-04 16:59:00,33.31999999999971,-1.0,0.06002400960384206,-1.060024009603842,GRXEUR,2.0,p
134,135,1,True,2011.055,2023.148,2001.0,0.0,0.0,1.202685231228222,2023-04-06 15:59:00,1005.5000000000064,-1.0,0.03480855295872678,-1.0348085529587268,XAUUSD,35.0,u
140,141,1,False,2007.765,2002.755,2028.235,0.0,0.0,0.24474841231070052,2023-04-12 16:59:00,2046.99999999998,-1.0,0.017098192476795476,-1.0170981924767954,XAUUSD,35.0,u
153,154,1,False,2000.495,1991.275,2008.225,1.0,1.0,1.1927554980594797,2023-04-21 04:59:00,773.0000000000018,1.1927554980594797,0.04527813712807234,1.1474773609314073,XAUUSD,35.0,u
68,69,1,False,4399.089,4364.339,4411.499,1.0,1.0,2.8001611603545857,2023-04-24 16:58:00,12.409999999999854,2.8001611603545857,0.1611603545527819,2.6390008058018037,GRXEUR,2.0,p
158,159,1,True,1990.448,2000.865,1976.565,1.0,1.0,0.7503421450695014,2023-04-25 16:59:00,1388.3000000000038,0.7503421450695014,0.025210689332276815,0.7251314557372246,XAUUSD,35.0,u
169,170,1,False,2015.928,1978.324,2019.465,0.0,0.0,10.631608707945178,2023-05-03 04:59:00,353.6999999999807,-1.0,0.09895391574781427,-1.0989539157478143,XAUUSD,35.0,u
177,178,1,False,2026.844,2019.344,2032.754,0.0,0.0,1.2690355329949552,2023-05-09 15:59:00,590.9999999999854,-1.0,0.05922165820643124,-1.0592216582064313,XAUUSD,35.0,u
190,191,1,True,1979.735,1991.654,1979.435,0.0,0.0,39.73000000000634,2023-05-18 04:59:00,29.999999999995453,-1.0,1.1666666666668435,-2.1666666666668437,XAUUSD,35.0,u
192,193,1,True,1962.445,1981.444,1953.905,1.0,1.0,2.2247072599531736,2023-05-19 04:59:00,853.9999999999964,2.2247072599531736,0.040983606557377227,2.183723653395796,XAUUSD,35.0,u
197,198,1,True,1972.954,1978.778,1954.084,1.0,0.0,0.30863804981452586,2023-05-23 16:59:00,1886.999999999989,0.30863804981452586,0.01854795972443042,0.29009009009009545,XAUUSD,35.0,u
80,81,1,True,4271.079,4316.089,4248.349,1.0,1.0,1.9802023757149618,2023-05-25 16:59:00,22.729999999999563,1.9802023757149618,0.08798944126704965,1.8922129344479122,GRXEUR,2.0,p
203,204,1,False,1943.415,1936.655,1957.215,1.0,0.0,0.4898550724637691,2023-05-26 15:59:00,1379.9999999999955,0.4898550724637691,0.025362318840579795,0.4644927536231893,XAUUSD,35.0,u
205,206,1,False,1943.445,1940.145,1949.495,1.0,0.0,0.5454545454545421,2023-05-29 16:59:00,604.9999999999955,0.5454545454545421,0.05785123966942192,0.4876033057851202,XAUUSD,35.0,u
212,213,1,False,1979.655,1953.255,1983.315,1.0,1.0,7.213114754098162,2023-06-02 04:59:00,366.0000000000082,7.213114754098162,0.0956284153005443,7.117486338797617,XAUUSD,35.0,u
216,217,1,False,1961.084,1938.045,1964.495,0.0,1.0,6.754324245089748,2023-06-06 04:59:00,341.0999999999831,-1.0,0.10260920551158527,-1.1026092055115853,XAUUSD,35.0,u
218,219,1,False,1964.328,1954.255,1966.688,0.0,1.0,4.268220338982763,2023-06-07 04:59:00,236.00000000001273,-1.0,0.1483050847457547,-1.1483050847457548,XAUUSD,35.0,u
220,221,1,True,1946.455,1969.575,1939.544,1.0,1.0,3.3453914050066103,2023-06-08 04:59:00,691.0999999999831,3.3453914050066103,0.05064390102734895,3.294747503979261,XAUUSD,35.0,u
85,86,1,False,4289.049,4271.359,4305.499,0.0,0.0,1.075379939209714,2023-06-09 16:59:00,16.449999999999818,-1.0,0.12158054711246336,-1.1215805471124634,GRXEUR,2.0,p
224,225,1,True,1956.915,1966.845,1954.185,1.0,0.0,3.6373626373626364,2023-06-12 04:59:00,273.0000000000018,3.6373626373626364,0.12820512820512736,3.509157509157509,XAUUSD,35.0,u
228,229,1,True,1948.665,1966.098,1939.935,0.0,0.0,1.9969072164948403,2023-06-14 04:59:00,873.0000000000018,-1.0,0.04009163802978227,-1.0400916380297822,XAUUSD,35.0,u
236,237,1,True,1949.835,1958.685,1945.005,0.0,0.0,1.8322981366459714,2023-06-20 04:59:00,482.9999999999927,-1.0,0.07246376811594311,-1.072463768115943,XAUUSD,35.0,u
240,241,1,False,1929.675,1924.145,1937.505,1.0,1.0,0.7062579821200337,2023-06-22 04:59:00,783.0000000000155,0.7062579821200337,0.0446998722860783,0.6615581098339554,XAUUSD,35.0,u
242,243,1,True,1916.408,1931.425,1910.065,1.0,1.0,2.3674917231594534,2023-06-23 04:59:00,634.2999999999847,2.3674917231594534,0.05517893741132089,2.3123127857481327,XAUUSD,35.0,u
244,245,1,False,1923.695,1912.795,1933.245,1.0,1.0,1.1413612565444937,2023-06-26 16:59:00,954.9999999999955,1.1413612565444937,0.03664921465968604,1.1047120418848078,XAUUSD,35.0,u
91,92,1,True,4284.089,4293.499,4236.339,1.0,1.0,0.19706806282722208,2023-06-26 16:59:00,47.75,0.19706806282722208,0.041884816753926704,0.15518324607329537,GRXEUR,2.0,p
245,246,1,True,1928.405,1933.245,1921.615,0.0,0.0,0.7128129602356325,2023-06-27 04:59:00,678.9999999999964,-1.0,0.051546391752577594,-1.0515463917525776,XAUUSD,35.0,u
250,251,1,True,1910.835,1913.245,1895.435,1.0,1.0,0.1564935064934961,2023-06-29 14:59:00,1540.000000000009,0.1564935064934961,0.022727272727272593,0.1337662337662235,XAUUSD,35.0,u
257,258,1,True,1925.425,1930.555,1923.115,0.0,0.0,2.2207792207793204,2023-07-05 04:59:00,230.99999999999454,-1.0,0.1515151515151551,-1.1515151515151552,XAUUSD,35.0,u
92,93,1,False,4292.199,4236.339,4300.369,0.0,0.0,6.837209302325481,2023-07-11 16:59:00,8.170000000000073,-1.0,0.2447980416156649,-1.244798041615665,GRXEUR,2.0,p
270,271,1,False,1960.305,1954.625,1963.585,1.0,1.0,1.7317073170732045,2023-07-14 04:59:00,327.99999999999727,1.7317073170732045,0.10670731707317162,1.6250000000000329,XAUUSD,35.0,u
271,272,1,True,1958.915,1963.585,1950.875,0.0,0.0,0.5808457711442903,2023-07-14 16:59:00,803.9999999999964,-1.0,0.04353233830845791,-1.0435323383084578,XAUUSD,35.0,u
286,287,1,False,1963.035,1951.898,1966.125,0.0,0.0,3.6042071197412513,2023-07-26 04:59:00,308.9999999999918,-1.0,0.11326860841424248,-1.1132686084142425,XAUUSD,35.0,u
95,96,1,False,4468.049,4422.389,4490.839,1.0,1.0,2.003510311540146,2023-07-31 16:58:00,22.789999999999964,2.003510311540146,0.08775778850372985,1.915752523036416,GRXEUR,2.0,p
296,297,1,True,1946.315,1960.085,1941.118,0.0,0.0,2.649605541658586,2023-08-02 04:59:00,519.7000000000116,-1.0,0.06734654608427788,-1.067346546084278,XAUUSD,35.0,u
304,305,1,True,1934.385,1941.605,1931.075,0.0,0.0,2.181268882175271,2023-08-08 04:59:00,330.99999999999454,-1.0,0.10574018126888392,-1.1057401812688838,XAUUSD,35.0,u
102,103,1,False,4320.059,4258.339,4354.499,0.0,0.0,1.7921022067363812,2023-08-09 16:59:00,34.4399999999996,-1.0,0.05807200929152216,-1.0580720092915221,GRXEUR,2.0,p
105,106,1,True,4327.069,4368.089,4303.359,0.0,0.0,1.7300716997047434,2023-08-14 16:59:00,23.710000000000036,-1.0,0.08435259384226051,-1.0843525938422605,GRXEUR,2.0,p
107,108,1,True,4277.199,4347.199,4258.039,0.0,0.0,3.6534446764092134,2023-08-16 16:59:00,19.159999999999854,-1.0,0.10438413361169181,-1.1043841336116917,GRXEUR,2.0,p
320,321,1,True,1892.095,1903.375,1884.925,0.0,1.0,1.5732217573221559,2023-08-18 04:59:00,717.0000000000073,-1.0,0.04881450488144999,-1.04881450488145,XAUUSD,35.0,u
321,322,1,False,1889.475,1884.925,1896.678,1.0,0.0,0.6316812439261179,2023-08-18 16:59:00,720.3000000000202,0.6316812439261179,0.048590864917394165,0.5830903790087237,XAUUSD,35.0,u
322,323,1,True,1892.415,1896.678,1884.755,1.0,1.0,0.5565274151436329,2023-08-21 04:59:00,765.9999999999854,0.5565274151436329,0.0456919060052228,0.5108355091384101,XAUUSD,35.0,u
323,324,1,False,1892.535,1884.755,1898.665,0.0,0.0,1.269168026101162,2023-08-21 16:59:00,612.9999999999882,-1.0,0.05709624796084939,-1.0570962479608494,XAUUSD,35.0,u
112,113,1,False,4262.089,4239.089,4293.499,0.0,0.0,0.7322508755173546,2023-08-23 16:58:00,31.409999999999854,-1.0,0.06367398917542214,-1.063673989175422,GRXEUR,2.0,p
114,115,1,True,4243.199,4320.389,4214.589,1.0,1.0,2.698007689619063,2023-08-25 16:59:00,28.609999999999673,2.698007689619063,0.06990562740300674,2.628102062216056,GRXEUR,2.0,p
336,337,1,False,1935.965,1914.355,1938.095,0.0,0.0,10.14553990610272,2023-08-30 04:59:00,213.0000000000109,-1.0,0.16431924882628265,-1.1643192488262826,XAUUSD,35.0,u
117,118,1,False,4320.489,4286.739,4339.789,1.0,1.0,1.7487046632124188,2023-08-30 16:59:00,19.300000000000182,1.7487046632124188,0.10362694300518037,1.6450777202072384,GRXEUR,2.0,p
340,341,1,True,1939.935,1947.825,1938.105,1.0,1.0,4.311475409836292,2023-09-01 04:59:00,182.99999999999272,4.311475409836292,0.1912568306011005,4.120218579235191,XAUUSD,35.0,u
344,345,1,True,1938.418,1946.185,1934.845,0.0,0.0,2.1738035264484594,2023-09-05 04:59:00,357.29999999998654,-1.0,0.09795689896445933,-1.0979568989644592,XAUUSD,35.0,u
346,347,1,True,1927.165,1938.905,1924.098,0.0,0.0,3.8278447994783114,2023-09-06 04:59:00,306.7000000000007,-1.0,0.11411803064884225,-1.1141180306488423,XAUUSD,35.0,u
349,350,1,False,1917.938,1915.835,1923.495,0.0,0.0,0.37844160518267866,2023-09-07 16:59:00,555.6999999999789,-1.0,0.0629836242576954,-1.0629836242576953,XAUUSD,35.0,u
124,125,1,True,4240.039,4252.389,4178.349,1.0,1.0,0.20019452099206425,2023-09-08 16:59:00,61.6899999999996,0.20019452099206425,0.032420165342843456,0.1677743556492208,GRXEUR,2.0,p
352,353,1,True,1926.445,1929.595,1916.584,1.0,0.0,0.31944021904473485,2023-09-11 04:59:00,986.0999999999876,0.31944021904473485,0.03549335767163618,0.28394686137309866,XAUUSD,35.0,u
353,354,1,False,1923.335,1916.584,1930.558,1.0,1.0,0.9346531911947967,2023-09-11 16:59:00,722.2999999999956,0.9346531911947967,0.048456320088606133,0.8861968711061906,XAUUSD,35.0,u
354,355,1,True,1922.165,1930.558,1920.245,0.0,0.0,4.371354166666516,2023-09-12 04:59:00,192.00000000000728,-1.0,0.18229166666665975,-1.1822916666666599,XAUUSD,35.0,u
126,127,1,True,4247.089,4278.389,4227.349,0.0,1.0,1.5856129685917189,2023-09-12 16:57:00,19.73999999999978,-1.0,0.10131712259371946,-1.1013171225937195,GRXEUR,2.0,p
359,360,1,True,1910.138,1912.825,1900.898,1.0,1.0,0.2908008658008791,2023-09-14 16:59:00,924.0000000000009,0.2908008658008791,0.03787878787878784,0.25292207792209126,XAUUSD,35.0,u
129,130,1,False,4292.089,4204.379,4326.389,1.0,1.0,2.5571428571428445,2023-09-15 16:55:00,34.30000000000018,2.5571428571428445,0.05830903790087433,2.49883381924197,GRXEUR,2.0,p
131,132,1,True,4237.379,4284.499,4226.039,1.0,0.0,4.155202821869426,2023-09-19 16:59:00,11.340000000000146,4.155202821869426,0.17636684303350744,3.9788359788359187,GRXEUR,2.0,p
134,135,1,True,4201.059,4245.389,4174.349,0.0,0.0,1.659678023212275,2023-09-22 16:59:00,26.710000000000036,-1.0,0.07487832272557085,-1.074878322725571,GRXEUR,2.0,p
137,138,1,True,4113.589,4153.199,4110.589,0.0,1.0,13.203333333333225,2023-09-27 16:59:00,3.0,-1.0,0.6666666666666666,-1.6666666666666665,GRXEUR,2.0,p
142,143,1,True,4110.049,4145.499,4058.499,1.0,1.0,0.6876818622696351,2023-10-04 16:59:00,51.55000000000018,0.6876818622696351,0.03879728419010656,0.6488845780795286,GRXEUR,2.0,p
393,394,1,True,1849.965,1855.435,1844.135,1.0,1.0,0.9382504288164829,2023-10-09 16:59:00,582.9999999999927,0.9382504288164829,0.06003430531732493,0.878216123499158,XAUUSD,35.0,u
396,397,1,False,1859.625,1852.888,1862.665,0.0,0.0,2.2161184210526845,2023-10-11 04:59:00,303.99999999999636,-1.0,0.11513157894736979,-1.1151315789473697,XAUUSD,35.0,u
148,149,1,False,4198.569,4169.339,4233.889,1.0,1.0,0.8275764439411301,2023-10-12 16:59:00,35.31999999999971,0.8275764439411301,0.05662514156285437,0.7709513023782757,GRXEUR,2.0,p
400,401,1,True,1876.178,1884.885,1867.825,1.0,1.0,1.0423799832395322,2023-10-13 04:59:00,835.3000000000065,1.0423799832395322,0.041901113372440714,1.0004788698670914,XAUUSD,35.0,u
402,403,1,False,1920.055,1875.648,1929.355,0.0,0.0,4.774946236559179,2023-10-16 04:59:00,929.9999999999955,-1.0,0.03763440860215072,-1.0376344086021507,XAUUSD,35.0,u
403,404,1,True,1921.768,1929.355,1908.085,1.0,1.0,0.5544836658627489,2023-10-16 16:59:00,1368.2999999999993,0.5544836658627489,0.02557918585105607,0.5289044800116928,XAUUSD,35.0,u
151,152,1,False,4155.569,4107.849,4166.699,1.0,1.0,4.287511230907788,2023-10-17 16:59:00,11.1299999999992,4.287511230907788,0.17969451931717376,4.107816711590615,GRXEUR,2.0,p
155,156,1,True,4048.089,4066.499,3991.359,1.0,0.0,0.3245196545037872,2023-10-23 16:59:00,56.73000000000002,0.3245196545037872,0.03525471531817379,0.2892649391856134,GRXEUR,2.0,p
157,158,1,False,4057.059,4025.339,4084.389,1.0,1.0,1.1606293450420908,2023-10-25 16:59:00,27.329999999999927,1.1606293450420908,0.07317965605561673,1.087449688986474,GRXEUR,2.0,p
421,422,1,True,1983.585,1989.835,1976.755,1.0,1.0,0.9150805270863933,2023-10-27 16:59:00,682.9999999999927,0.9150805270863933,0.051244509516838024,0.8638360175695553,XAUUSD,35.0,u
423,424,1,True,1997.855,2006.685,1990.835,0.0,0.0,1.2578347578347506,2023-10-30 16:59:00,701.9999999999982,-1.0,0.04985754985754998,-1.04985754985755,XAUUSD,35.0,u
424,425,1,True,1992.965,2002.435,1990.475,1.0,0.0,3.8032128514056196,2023-10-31 04:59:00,249.0000000000009,3.8032128514056196,0.14056224899598344,3.662650602409636,XAUUSD,35.0,u
428,429,1,True,1985.325,1991.898,1969.815,1.0,1.0,0.42379110251449836,2023-11-02 04:59:00,1550.999999999999,0.42379110251449836,0.022566086395873642,0.4012250161186247,XAUUSD,35.0,u
429,430,1,False,1984.935,1969.815,1990.935,0.0,0.0,2.519999999999982,2023-11-02 16:59:00,600.0,-1.0,0.058333333333333334,-1.0583333333333333,XAUUSD,35.0,u
433,434,1,True,1983.578,1992.955,1979.855,0.0,0.0,2.5186677410690472,2023-11-06 17:59:00,372.29999999999563,-1.0,0.09401020682245612,-1.0940102068224562,XAUUSD,35.0,u
440,441,1,False,1957.235,1944.575,1965.498,1.0,1.0,1.5321311872200931,2023-11-10 05:59:00,826.3000000000147,1.5321311872200931,0.04235749727701728,1.4897736899430758,XAUUSD,35.0,u
169,170,1,True,4215.069,4233.369,4174.339,1.0,1.0,0.4493002700711775,2023-11-10 17:56:00,40.73000000000047,0.4493002700711775,0.04910385465258966,0.40019641541858786,GRXEUR,2.0,p
452,453,1,True,1980.585,1993.335,1973.265,0.0,0.0,1.7418032786885398,2023-11-20 05:59:00,731.9999999999936,-1.0,0.04781420765027364,-1.0478142076502737,XAUUSD,35.0,u
453,454,1,True,1973.745,1985.085,1965.355,1.0,1.0,1.3516090584028984,2023-11-20 17:59:00,838.9999999999873,1.3516090584028984,0.041716328963051885,1.3098927294398464,XAUUSD,35.0,u
458,459,1,True,1996.235,2006.318,1986.805,1.0,1.0,1.069247083775213,2023-11-23 05:59:00,942.9999999999836,1.069247083775213,0.037115588547190465,1.0321314952280225,XAUUSD,35.0,u
459,460,1,False,1992.705,1986.805,1998.408,0.0,0.0,1.0345432228651394,2023-11-23 17:59:00,570.2999999999975,-1.0,0.06137120813606901,-1.061371208136069,XAUUSD,35.0,u
464,465,1,False,2015.115,2005.608,2017.975,0.0,0.0,3.324125874126012,2023-11-28 05:59:00,285.99999999999,-1.0,0.12237762237762666,-1.1223776223776267,XAUUSD,35.0,u
467,468,1,True,2044.955,2051.865,2035.205,0.0,1.0,0.7087179487179338,2023-11-29 17:59:00,975.0,-1.0,0.035897435897435895,-1.035897435897436,XAUUSD,35.0,u
468,469,1,False,2041.508,2035.205,2049.438,1.0,0.0,0.7948297604035385,2023-11-30 05:59:00,793.0000000000064,0.7948297604035385,0.04413619167717493,0.7506935687263635,XAUUSD,35.0,u
191,192,1,True,16642.769,16667.199,16591.799,1.0,,0.4793015499313269,2023-12-07 17:59:00,50.970000000001164,0.4793015499313269,0.03923876790268696,0.4400627820286399,GRXEUR,2.0,p
194,195,1,False,16781.649,16628.389,16819.789,0.0,,4.018353434714325,2023-12-11 05:58:00,38.13999999999942,-1.0,0.05243838489774595,-1.0524383848977459,GRXEUR,2.0,p
195,196,1,True,16817.189,16819.789,16732.379,1.0,,0.030656762174298482,2023-12-11 17:59:00,84.80999999999767,0.030656762174298482,0.02358212474944057,0.007074637424857911,GRXEUR,2.0,p
484,485,1,True,1987.378,2000.515,1975.725,0.0,1.0,1.1273491804685616,2023-12-12 05:59:00,1165.300000000002,-1.0,0.03003518407277091,-1.0300351840727708,XAUUSD,35.0,u
485,486,1,False,1977.645,1975.725,1996.625,1.0,0.0,0.10115911485774873,2023-12-12 17:59:00,1898.0000000000018,0.10115911485774873,0.01844046364594308,0.08271865121180565,XAUUSD,35.0,u
489,490,1,False,2036.025,1979.575,2047.775,0.0,,4.80425531914894,2023-12-14 17:59:00,1175.0,-1.0,0.029787234042553193,-1.0297872340425531,XAUUSD,35.0,u
203,204,1,False,16745.199,16696.659,16888.899,1.0,,0.3377870563674365,2023-12-15 17:59:00,143.70000000000073,0.3377870563674365,0.013917884481558732,0.32386917188587777,GRXEUR,2.0,p
494,495,1,False,2024.055,2018.658,2033.615,0.0,0.0,0.5645397489539951,2023-12-19 05:59:00,955.9999999999945,-1.0,0.03661087866108807,-1.0366108786610881,XAUUSD,35.0,u
209,210,1,True,16759.179,16813.079,16692.299,0.0,0.0,0.8059210526315884,2023-12-20 17:59:00,66.88000000000102,-1.0,0.02990430622009524,-1.0299043062200952,GRXEUR,2.0,p
498,499,1,True,2036.105,2043.375,2027.258,1.0,1.0,0.8217474850231715,2023-12-21 05:59:00,884.699999999998,0.8217474850231715,0.039561433254210555,0.7821860517689609,XAUUSD,35.0,u
212,213,1,False,16667.399,16622.559,16734.179,0.0,0.0,0.6714585205151382,2023-12-22 05:59:00,66.77999999999884,-1.0,0.02994908655286066,-1.0299490865528607,GRXEUR,2.0,p
504,505,1,False,2064.615,2054.465,2068.948,0.0,0.0,2.3424878836832312,2023-12-27 05:59:00,433.30000000000837,-1.0,0.0807754442649419,-1.080775444264942,XAUUSD,35.0,u
508,509,1,True,2072.115,2087.455,2064.448,0.0,0.0,2.0007825746707075,2023-12-29 05:59:00,766.6999999999916,-1.0,0.045650189122212574,-1.0456501891222125,XAUUSD,35.0,u
510,511,1,False,2074.415,2058.105,2074.745,0.0,1.0,49.42424242425316,2024-01-02 05:59:00,32.999999999992724,-1.0,1.0606060606062944,-2.060606060606294,XAUUSD,35.0,u
521,522,1,False,2027.575,2025.978,2041.898,1.0,0.0,0.11149898764225337,2024-01-09 17:59:00,1432.2999999999865,0.11149898764225337,0.02443622146198445,0.08706276618026892,XAUUSD,35.0,u
522,523,1,True,2026.575,2041.898,2025.375,0.0,1.0,12.76916666666607,2024-01-10 05:59:00,120.00000000000455,-1.0,0.29166666666665564,-1.2916666666666556,XAUUSD,35.0,u
524,525,1,True,2032.885,2040.135,2020.395,1.0,0.0,0.5804643714971973,2024-01-11 05:59:00,1249.000000000001,0.5804643714971973,0.028022417934347458,0.5524419535628499,XAUUSD,35.0,u
529,530,1,False,2055.248,2045.675,2058.505,1.0,1.0,2.9392078599938323,2024-01-15 17:59:00,325.7000000000062,2.9392078599938323,0.10746085354620613,2.831747006447626,XAUUSD,35.0,u
534,535,1,True,2009.125,2028.898,2001.755,1.0,1.0,2.682903663500706,2024-01-18 05:59:00,736.9999999999891,2.682903663500706,0.0474898236092273,2.635413839891479,XAUUSD,35.0,u
243,244,1,False,16420.088,16343.255,16437.699,0.0,0.0,4.362784623246671,2024-01-18 05:59:00,17.611000000000786,-1.0,0.11356538527056446,-1.1135653852705645,GRXEUR,2.0,p
541,542,1,False,2024.195,2019.055,2037.808,1.0,0.0,0.3775802541687983,2024-01-23 17:59:00,1361.3000000000056,0.3775802541687983,0.025710717696319586,0.3518695364724787,XAUUSD,35.0,u
254,255,1,True,16891.699,16917.299,16781.788,1.0,1.0,0.23291572272109734,2024-01-25 17:59:00,109.91100000000006,0.23291572272109734,0.018196540837586764,0.21471918188351058,GRXEUR,2.0,p
547,548,1,False,2016.565,2013.355,2026.715,0.0,0.0,0.3162561576354758,2024-01-26 17:59:00,1014.9999999999864,-1.0,0.03448275862069012,-1.0344827586206902,XAUUSD,35.0,u
548,549,1,False,2025.435,2015.845,2028.384,0.0,0.0,3.2519498134959965,2024-01-29 05:59:00,294.9000000000069,-1.0,0.11868429976262862,-1.1186842997626285,XAUUSD,35.0,u
260,261,1,False,16956.688,16928.166,17015.766,1.0,1.0,0.4827854700564772,2024-01-30 17:59:00,59.07800000000134,0.4827854700564772,0.033853549544668994,0.4489319205118082,GRXEUR,2.0,p
261,262,1,True,16968.577,17015.766,16906.577,0.0,0.0,0.7611129032257821,2024-01-31 05:59:00,62.0,-1.0,0.03225806451612903,-1.032258064516129,GRXEUR,2.0,p
554,555,1,True,2044.455,2055.878,2031.0,0.0,0.0,0.8489780750650532,2024-02-01 05:59:00,1345.4999999999927,-1.0,0.026012634708287023,-1.026012634708287,XAUUSD,35.0,u
264,265,1,True,16909.177,16923.677,16783.677,1.0,1.0,0.11553784860557768,2024-02-01 17:59:00,125.5,0.11553784860557768,0.01593625498007968,0.099601593625498,GRXEUR,2.0,p
565,566,1,True,2031.615,2038.635,2020.095,0.0,0.0,0.6093749999999993,2024-02-08 17:59:00,1151.9999999999982,-1.0,0.030381944444444493,-1.0303819444444444,XAUUSD,35.0,u
278,279,1,False,16986.699,16952.566,17042.299,1.0,1.0,0.6139028776978871,2024-02-13 05:59:00,55.599999999998545,0.6139028776978871,0.035971223021583676,0.5779316546763034,GRXEUR,2.0,p
573,574,1,True,1994.265,1995.695,1984.088,1.0,1.0,0.14051292129309398,2024-02-14 17:59:00,1017.7000000000135,0.14051292129309398,0.03439127444236959,0.1061216468507244,XAUUSD,35.0,u
574,575,1,False,1991.835,1984.088,1996.025,0.0,0.0,1.8489260143198019,2024-02-15 05:59:00,419.00000000000546,-1.0,0.08353221957040464,-1.0835322195704047,XAUUSD,35.0,u
579,580,1,False,2017.195,2009.935,2022.895,0.0,0.0,1.273684210526304,2024-02-19 17:59:00,570.0000000000045,-1.0,0.061403508771929335,-1.0614035087719293,XAUUSD,35.0,u
287,288,1,True,17084.055,17107.588,17047.677,0.0,1.0,0.6469019737203544,2024-02-19 17:59:00,36.37800000000061,-1.0,0.05497828357798577,-1.0549782835779857,GRXEUR,2.0,p
289,290,1,True,17050.599,17088.199,17017.655,1.0,1.0,1.141330743079248,2024-02-20 17:59:00,32.943999999999505,1.141330743079248,0.06070908207867988,1.0806216610005681,GRXEUR,2.0,p
584,585,1,True,2028.335,2031.475,2019.915,1.0,0.0,0.3729216152018819,2024-02-22 05:59:00,842.0000000000073,0.3729216152018819,0.04156769596199489,0.331353919239887,XAUUSD,35.0,u
586,587,1,True,2022.335,2034.708,2019.555,0.0,1.0,4.450719424460492,2024-02-23 05:59:00,277.99999999999727,-1.0,0.1258992805755408,-1.1258992805755408,XAUUSD,35.0,u
302,303,1,False,17613.588,17554.399,17629.199,0.0,0.0,3.7914931778870993,2024-02-29 05:59:00,15.611000000000786,-1.0,0.12811479085259747,-1.1281147908525975,GRXEUR,2.0,p
598,599,1,False,2081.384,2038.915,2086.145,0.0,0.0,8.920184835118745,2024-03-04 05:59:00,476.0999999999967,-1.0,0.07351396765385473,-1.0735139676538548,XAUUSD,35.0,u
310,311,1,True,17719.077,17747.777,17623.655,0.0,0.0,0.3007692146464798,2024-03-06 05:59:00,95.4220000000023,-1.0,0.020959527153066922,-1.020959527153067,GRXEUR,2.0,p
312,313,1,True,17700.777,17745.599,17677.288,0.0,1.0,1.9082123547194172,2024-03-07 05:59:00,23.48899999999776,-1.0,0.0851462386649151,-1.085146238664915,GRXEUR,2.0,p
609,610,1,True,2179.545,2188.925,2174.695,0.0,0.0,1.9340206185567599,2024-03-11 16:59:00,484.9999999999909,-1.0,0.0721649484536096,-1.0721649484536095,XAUUSD,35.0,u
610,611,1,True,2176.055,2185.595,2174.125,0.0,0.0,4.943005181347551,2024-03-12 04:59:00,192.99999999998363,-1.0,0.18134715025908274,-1.1813471502590827,XAUUSD,35.0,u
612,613,1,True,2159.935,2181.868,2150.455,0.0,1.0,2.3136075949367036,2024-03-13 04:59:00,948.0000000000018,-1.0,0.03691983122362862,-1.0369198312236285,XAUUSD,35.0,u
322,323,1,True,17959.788,18015.388,17936.266,1.0,1.0,2.3637445795424092,2024-03-14 04:59:00,23.522000000000844,2.3637445795424092,0.08502678343677954,2.2787177961056297,GRXEUR,2.0,p
324,325,1,True,17901.099,18038.899,17862.655,1.0,1.0,3.5844345021330946,2024-03-15 04:59:00,38.443999999999505,3.5844345021330946,0.0520237228176055,3.532410779315489,GRXEUR,2.0,p
325,326,1,False,17960.655,17862.655,18043.399,0.0,0.0,1.1843759064100978,2024-03-15 16:59:00,82.74400000000242,-1.0,0.0241709368655122,-1.0241709368655123,GRXEUR,2.0,p
330,331,1,False,17978.299,17881.088,18010.055,0.0,0.0,3.0611852878194856,2024-03-20 04:59:00,31.756000000001222,-1.0,0.06298022420959576,-1.0629802242095958,GRXEUR,2.0,p
333,334,1,False,18165.688,18027.755,18207.277,0.0,0.0,3.3165740941113624,2024-03-21 16:59:00,41.58899999999994,-1.0,0.04808963908725872,-1.0480896390872587,GRXEUR,2.0,p
338,339,1,False,18281.099,18175.899,18302.088,0.0,0.0,5.012149221020063,2024-03-26 04:59:00,20.989000000001397,-1.0,0.09528800800418633,-1.0952880080041862,GRXEUR,2.0,p
634,635,1,False,2197.175,2176.435,2200.545,0.0,0.0,6.154302670623415,2024-03-28 04:59:00,336.9999999999891,-1.0,0.103857566765582,-1.103857566765582,XAUUSD,35.0,u
350,351,1,False,18399.677,18327.155,18428.255,1.0,1.0,2.5376863321435175,2024-04-04 16:59:00,28.57800000000134,2.5376863321435175,0.06998390370214523,2.467702428441372,GRXEUR,2.0,p
352,353,1,True,18209.199,18400.199,18083.899,0.0,1.0,1.5243415802075109,2024-04-05 16:59:00,125.29999999999927,-1.0,0.015961691939345664,-1.0159616919393457,GRXEUR,2.0,p
649,650,1,False,2344.905,2327.475,2365.185,1.0,0.0,0.8594674556213269,2024-04-09 16:59:00,2027.9999999999745,0.8594674556213269,0.017258382642998244,0.8422090729783286,XAUUSD,35.0,u
655,656,1,False,2369.135,2348.018,2431.385,1.0,1.0,0.3392289156626536,2024-04-12 16:59:00,6225.0,0.3392289156626536,0.005622489959839358,0.33360642570281424,XAUUSD,35.0,u
363,364,1,True,17931.055,18161.299,17842.666,1.0,1.0,2.6048942741743977,2024-04-15 04:59:00,88.38899999999921,2.6048942741743977,0.022627249997171795,2.582267024177226,GRXEUR,2.0,p
657,658,1,True,2357.085,2372.435,2323.858,1.0,1.0,0.46197369609052796,2024-04-15 16:59:00,3322.699999999986,0.46197369609052796,0.0105336021909893,0.45144009389953865,XAUUSD,35.0,u
662,663,1,True,2374.928,2395.448,2354.435,1.0,1.0,1.0013175230566556,2024-04-18 04:59:00,2049.299999999994,1.0013175230566556,0.017079002586249014,0.9842385204704065,XAUUSD,35.0,u
664,665,1,False,2383.405,2369.468,2417.745,1.0,1.0,0.40585323238207566,2024-04-19 04:59:00,3433.999999999969,0.40585323238207566,0.010192195690157342,0.3956610366919183,XAUUSD,35.0,u
665,666,1,True,2399.515,2417.745,2372.805,0.0,0.0,0.6825159116435789,2024-04-19 16:59:00,2671.0000000000036,-1.0,0.013103706476974899,-1.013103706476975,XAUUSD,35.0,u
372,373,1,False,17730.688,17396.799,17771.799,0.0,0.0,8.121646274719486,2024-04-19 16:59:00,41.111000000000786,-1.0,0.048648780131837266,-1.0486487801318374,GRXEUR,2.0,p
669,670,1,True,2330.204,2334.765,2291.265,1.0,0.0,0.11713192429183232,2024-04-23 16:59:00,3893.9000000000306,0.11713192429183232,0.00898841778165842,0.1081435065101739,XAUUSD,35.0,u
672,673,1,True,2315.198,2337.128,2304.898,1.0,1.0,2.1291262135923175,2024-04-25 04:59:00,1029.9999999999727,2.1291262135923175,0.033980582524272746,2.0951456310680445,XAUUSD,35.0,u
673,674,1,False,2328.605,2304.898,2344.708,0.0,1.0,1.472210147177531,2024-04-25 16:59:00,1610.3000000000065,-1.0,0.021735080419797465,-1.0217350804197975,XAUUSD,35.0,u
675,676,1,False,2333.505,2326.108,2352.418,1.0,1.0,0.39110664622217156,2024-04-26 16:59:00,1891.300000000001,0.39110664622217156,0.018505789668481987,0.3726008565536896,XAUUSD,35.0,u
383,384,1,False,18120.299,17984.088,18238.199,1.0,1.0,1.155309584393534,2024-04-29 16:59:00,117.90000000000146,1.155309584393534,0.016963528413909884,1.1383460559796241,GRXEUR,2.0,p
678,679,1,True,2326.345,2346.585,2324.835,0.0,0.0,13.40397350993603,2024-04-30 04:59:00,150.99999999997635,-1.0,0.23178807947023497,-1.231788079470235,XAUUSD,35.0,u
384,385,1,True,18113.566,18238.199,18081.655,0.0,0.0,3.9056438218796465,2024-04-30 04:59:00,31.911000000000058,-1.0,0.06267431293284435,-1.0626743129328444,GRXEUR,2.0,p
683,684,1,True,2299.498,2328.225,2285.358,0.0,1.0,2.0316124469589902,2024-05-02 16:59:00,1413.9999999999873,-1.0,0.024752475247524976,-1.024752475247525,XAUUSD,35.0,u
390,391,1,False,17947.077,17872.788,18008.577,0.0,0.0,1.207951219512206,2024-05-03 04:59:00,61.5,-1.0,0.032520325203252036,-1.032520325203252,GRXEUR,2.0,p
395,396,1,False,18416.077,18199.077,18461.788,0.0,0.0,4.747216206164888,2024-05-08 04:59:00,45.71099999999933,-1.0,0.04375314475728007,-1.04375314475728,GRXEUR,2.0,p
397,398,1,False,18496.477,18410.055,18552.599,0.0,0.0,1.539895228252728,2024-05-09 04:59:00,56.12199999999939,-1.0,0.03563664872955386,-1.0356366487295539,GRXEUR,2.0,p
700,701,1,False,2356.905,2335.985,2360.895,0.0,0.0,5.243107769423864,2024-05-15 04:59:00,398.9999999999782,-1.0,0.08771929824561883,-1.0877192982456187,XAUUSD,35.0,u
708,709,1,True,2412.318,2449.985,2406.158,0.0,0.0,6.114772727272407,2024-05-21 04:59:00,616.0000000000309,-1.0,0.056818181818178964,-1.056818181818179,XAUUSD,35.0,u
412,413,1,True,18720.688,18762.188,18631.799,0.0,0.0,0.46687441640698363,2024-05-21 16:59:00,88.88899999999921,-1.0,0.022499971875035354,-1.0224999718750354,GRXEUR,2.0,p
413,414,1,False,18741.055,18631.799,18760.099,1.0,1.0,5.737030035707436,2024-05-22 04:59:00,19.04399999999805,5.737030035707436,0.10501995379123108,5.632010081916205,GRXEUR,2.0,p
415,416,1,True,18723.555,18744.699,18589.166,1.0,0.0,0.15733430563513648,2024-05-23 04:59:00,134.3889999999992,0.15733430563513648,0.014882170415733517,0.14245213521940298,GRXEUR,2.0,p
416,417,1,False,18673.155,18589.166,18766.799,1.0,1.0,0.8968967579342783,2024-05-23 16:59:00,93.64400000000023,0.8968967579342783,0.02135748152577843,0.8755392764084998,GRXEUR,2.0,p
420,421,1,False,18791.199,18670.666,18806.055,0.0,1.0,8.113422186322115,2024-05-28 04:59:00,14.855999999999767,-1.0,0.13462574044157455,-1.1346257404415745,GRXEUR,2.0,p
422,423,1,True,18637.555,18853.899,18616.799,0.0,0.0,10.423202929272895,2024-05-29 04:59:00,20.756000000001222,-1.0,0.09635767970706698,-1.0963576797070669,GRXEUR,2.0,p
427,428,1,False,18481.799,18416.788,18540.899,0.0,0.0,1.100016920473709,2024-05-31 16:59:00,59.10000000000218,-1.0,0.033840947546530054,-1.03384094754653,GRXEUR,2.0,p
430,431,1,True,18570.577,18700.399,18502.155,0.0,0.0,1.8973721902311502,2024-06-04 04:59:00,68.4220000000023,-1.0,0.029230364502644365,-1.0292303645026444,GRXEUR,2.0,p
733,734,1,False,2372.725,2351.555,2378.408,0.0,1.0,3.7251451698046982,2024-06-06 16:59:00,568.2999999999993,-1.0,0.061587189864508264,-1.0615871898645082,XAUUSD,35.0,u
435,436,1,False,18627.299,18578.166,18785.299,1.0,1.0,0.310968354430367,2024-06-06 16:59:00,158.0,0.310968354430367,0.012658227848101266,0.29831012658226574,GRXEUR,2.0,p
436,437,1,True,18632.199,18785.299,18596.677,0.0,0.0,4.310005067282105,2024-06-07 04:57:00,35.522000000000844,-1.0,0.05630313608467858,-1.0563031360846786,GRXEUR,2.0,p
439,440,1,True,18492.799,18523.499,18356.066,1.0,0.0,0.22452516949091067,2024-06-10 16:59:00,136.73300000000017,0.22452516949091067,0.014627046872371683,0.209898122618539,GRXEUR,2.0,p
440,441,1,False,18497.199,18356.066,18529.299,0.0,1.0,4.396666666666917,2024-06-11 04:59:00,32.099999999998545,-1.0,0.06230529595015859,-1.0623052959501587,GRXEUR,2.0,p
742,743,1,True,2311.685,2341.495,2307.985,0.0,1.0,8.056756756757139,2024-06-13 04:59:00,369.9999999999818,-1.0,0.09459459459459925,-1.0945945945945992,XAUUSD,35.0,u
450,451,1,False,18135.699,17968.755,18177.566,0.0,0.0,3.987484176081544,2024-06-18 04:59:00,41.86699999999837,-1.0,0.04777032029999947,-1.0477703202999995,GRXEUR,2.0,p
758,759,1,False,2327.318,2320.625,2334.595,0.0,1.0,0.9197471485503077,2024-06-25 04:59:00,727.6999999999589,-1.0,0.048096743163394226,-1.0480967431633943,XAUUSD,35.0,u
760,761,1,True,2316.685,2337.018,2310.455,0.0,0.0,3.2637239165329093,2024-06-26 04:59:00,623.0000000000018,-1.0,0.056179775280898715,-1.0561797752808988,XAUUSD,35.0,u
466,467,1,False,18228.199,18189.777,18355.277,1.0,0.0,0.30234973795623943,2024-06-28 16:59:00,127.0779999999977,0.30234973795623943,0.01573836541336845,0.286611372542871,GRXEUR,2.0,p
467,468,1,False,18329.166,18193.277,18462.788,1.0,1.0,1.0169657691099032,2024-07-01 16:59:00,133.6219999999994,1.0169657691099032,0.014967595156486276,1.001998173953417,GRXEUR,2.0,p
773,774,1,True,2357.685,2362.385,2350.364,1.0,1.0,0.6419887993443968,2024-07-04 16:59:00,732.0999999999913,0.6419887993443968,0.04780767654692039,0.5941811227974764,XAUUSD,35.0,u
776,777,1,False,2384.848,2347.515,2390.935,0.0,1.0,6.133234762608863,2024-07-08 04:59:00,608.6999999999989,-1.0,0.05749958928864804,-1.057499589288648,XAUUSD,35.0,u
488,489,1,False,18554.555,18449.155,18583.166,1.0,1.0,3.68389780154481,2024-07-17 04:59:00,28.611000000000786,3.68389780154481,0.06990318409003338,3.6139946174547766,GRXEUR,2.0,p
792,793,1,True,2465.138,2483.548,2451.425,0.0,0.0,1.3425216947422305,2024-07-18 04:59:00,1371.2999999999738,-1.0,0.02552322613578405,-1.025523226135784,XAUUSD,35.0,u
793,794,1,False,2456.108,2451.425,2474.805,1.0,1.0,0.25046798951703897,2024-07-18 16:59:00,1869.6999999999662,0.25046798951703897,0.018719580681393077,0.2317484088356459,XAUUSD,35.0,u
492,493,1,True,18345.588,18535.788,18288.155,0.0,0.0,3.3116849198195766,2024-07-19 04:59:00,57.4330000000009,-1.0,0.03482318527675672,-1.0348231852767567,GRXEUR,2.0,p
496,497,1,False,18465.599,18194.299,18505.399,0.0,0.0,6.816582914572348,2024-07-23 04:59:00,39.80000000000291,-1.0,0.05025125628140336,-1.0502512562814033,GRXEUR,2.0,p
501,502,1,True,18341.177,18398.199,18094.788,1.0,1.0,0.23143078627698893,2024-07-25 16:59:00,246.3889999999992,0.23143078627698893,0.008117245493914122,0.2233135407830748,GRXEUR,2.0,p
804,805,1,True,2369.668,2382.485,2353.005,1.0,1.0,0.7691892216287582,2024-07-26 04:59:00,1666.300000000001,0.7691892216287582,0.021004621016623645,0.7481846006121347,XAUUSD,35.0,u
502,503,1,False,18286.699,18094.788,18369.699,0.0,0.0,2.312180722891567,2024-07-26 04:59:00,83.0,-1.0,0.024096385542168676,-1.0240963855421688,GRXEUR,2.0,p
508,509,1,True,18449.366,18470.077,18292.188,1.0,0.0,0.1317678046545882,2024-07-31 04:59:00,157.17800000000352,0.1317678046545882,0.012724427082670318,0.11904337757191788,GRXEUR,2.0,p
510,511,1,False,18493.855,18431.799,18576.477,1.0,1.0,0.7510832465929287,2024-08-01 04:58:00,82.62199999999939,0.7510832465929287,0.024206627774684887,0.7268766188182438,GRXEUR,2.0,p
820,821,1,True,2392.668,2416.195,2378.868,1.0,1.0,1.7048550724637488,2024-08-07 04:59:00,1380.0000000000182,1.7048550724637488,0.025362318840579375,1.6794927536231694,XAUUSD,35.0,u
519,520,1,False,17544.688,17272.055,17670.977,1.0,1.0,2.15880242934853,2024-08-07 16:59:00,126.28900000000067,2.15880242934853,0.01583669203176832,2.1429657373167617,GRXEUR,2.0,p
520,521,1,True,17448.055,17670.977,17268.055,1.0,1.0,1.238455555555548,2024-08-08 04:59:00,180.0,1.238455555555548,0.011111111111111112,1.227344444444437,GRXEUR,2.0,p
822,823,1,True,2394.218,2406.858,2380.855,1.0,1.0,0.9458953827733659,2024-08-08 04:59:00,1336.299999999983,0.9458953827733659,0.026191723415401068,0.9197036593579648,XAUUSD,35.0,u
522,523,1,False,17667.699,17435.277,17759.655,0.0,0.0,2.5275349079995495,2024-08-09 04:59:00,91.95599999999831,-1.0,0.02174953238505412,-1.021749532385054,GRXEUR,2.0,p
824,825,1,False,2423.755,2392.345,2428.845,0.0,0.0,6.170923379175289,2024-08-09 04:59:00,508.9999999999691,-1.0,0.06876227897839318,-1.0687622789783933,XAUUSD,35.0,u
828,829,1,False,2461.895,2428.975,2476.845,0.0,1.0,2.2020066889632424,2024-08-13 04:59:00,1494.9999999999818,-1.0,0.02341137123745848,-1.0234113712374584,XAUUSD,35.0,u
830,831,1,True,2461.675,2475.505,2455.225,1.0,0.0,2.144186046511526,2024-08-14 04:59:00,645.0000000000273,2.144186046511526,0.05426356589147057,2.0899224806200554,XAUUSD,35.0,u
529,530,1,False,17868.199,17809.199,17923.788,0.0,0.0,1.061361060641495,2024-08-14 16:59:00,55.58899999999994,-1.0,0.035978341038694746,-1.0359783410386947,GRXEUR,2.0,p
532,533,1,False,18200.066,17907.255,18244.999,0.0,0.0,6.516613624729976,2024-08-16 04:59:00,44.9330000000009,-1.0,0.04451071595486524,-1.0445107159548652,GRXEUR,2.0,p
534,535,1,False,18301.699,18201.099,18356.499,0.0,0.0,1.8357664233577284,2024-08-19 04:59:00,54.79999999999927,-1.0,0.036496350364963986,-1.036496350364964,GRXEUR,2.0,p
837,838,1,True,2505.418,2509.998,2485.515,1.0,1.0,0.23011606290508316,2024-08-19 16:59:00,1990.3000000000247,0.23011606290508316,0.01758528864995205,0.21253077425513112,XAUUSD,35.0,u
838,839,1,False,2500.664,2485.515,2508.065,0.0,0.0,2.0468855560060355,2024-08-20 04:59:00,740.099999999984,-1.0,0.04729090663423964,-1.0472909066342397,XAUUSD,35.0,u
538,539,1,True,18381.577,18496.399,18315.299,1.0,1.0,1.732430067292262,2024-08-21 04:59:00,66.27800000000207,1.732430067292262,0.030175925646518265,1.7022541416457437,GRXEUR,2.0,p
841,842,1,True,2506.985,2519.795,2493.698,0.0,0.0,0.9641002483630385,2024-08-21 16:59:00,1328.7000000000262,-1.0,0.02634153684052029,-1.0263415368405202,XAUUSD,35.0,u
540,541,1,False,18445.555,18349.766,18502.288,0.0,0.0,1.6884176757795353,2024-08-22 04:56:00,56.733000000000175,-1.0,0.03525285107433053,-1.0352528510743306,GRXEUR,2.0,p
541,542,1,False,18486.666,18429.066,18552.266,1.0,0.0,0.8780487804878576,2024-08-22 16:59:00,65.59999999999854,0.8780487804878576,0.030487804878049456,0.8475609756098081,GRXEUR,2.0,p
542,543,1,True,18492.588,18552.266,18424.599,1.0,1.0,0.8777596375884137,2024-08-23 04:58:00,67.9890000000014,0.8777596375884137,0.029416523261115164,0.8483431143272985,GRXEUR,2.0,p
849,850,1,True,2514.275,2523.255,2503.325,1.0,0.0,0.8200913242008945,2024-08-27 16:59:00,1095.0000000000273,0.8200913242008945,0.0319634703196339,0.7881278538812606,XAUUSD,35.0,u
850,851,1,False,2511.385,2503.325,2528.888,1.0,1.0,0.4604924870022589,2024-08-28 04:59:00,1750.2999999999702,0.4604924870022589,0.019996572016226132,0.4404959149860328,XAUUSD,35.0,u
550,551,1,True,18782.566,18858.266,18669.599,1.0,1.0,0.6701071994476294,2024-08-29 04:59:00,112.96700000000055,0.6701071994476294,0.01770428532226217,0.6524029141253672,GRXEUR,2.0,p
854,855,1,False,2513.235,2503.515,2528.558,1.0,1.0,0.6343405338380435,2024-08-30 04:59:00,1532.2999999999865,0.6343405338380435,0.02284148012791249,0.6114990537101309,XAUUSD,35.0,u
555,556,1,True,18936.188,18947.077,18769.255,1.0,0.0,0.06522976283900146,2024-09-02 16:59:00,166.93299999999726,0.06522976283900146,0.011980854594358412,0.05324890824464305,GRXEUR,2.0,p
857,858,1,False,2500.435,2489.915,2507.125,1.0,1.0,1.5724962630792072,2024-09-02 16:59:00,669.0000000000055,1.5724962630792072,0.052316890881912874,1.5201793721972943,XAUUSD,35.0,u
556,557,1,False,18929.088,18769.255,18951.199,0.0,1.0,7.228664465650266,2024-09-03 04:59:00,22.111000000000786,-1.0,0.09045271584278997,-1.09045271584279,GRXEUR,2.0,p
858,859,1,True,2495.798,2507.125,2489.534,0.0,0.0,1.8082694763730562,2024-09-03 04:59:00,626.3999999999669,-1.0,0.05587484035760193,-1.055874840357602,XAUUSD,35.0,u
559,560,1,True,18590.666,18744.899,18470.999,0.0,0.0,1.2888515630875557,2024-09-04 16:59:00,119.66700000000128,-1.0,0.01671304536756147,-1.0167130453675615,GRXEUR,2.0,p
564,565,1,True,18357.055,18609.277,18218.266,0.0,1.0,1.817305406048006,2024-09-09 04:59:00,138.78900000000067,-1.0,0.014410363933741076,-1.0144103639337412,GRXEUR,2.0,p
868,869,1,False,2501.618,2485.405,2507.515,0.0,0.0,2.7493640834322397,2024-09-10 04:59:00,589.6999999999935,-1.0,0.059352212989656414,-1.0593522129896564,XAUUSD,35.0,u
566,567,1,False,18418.066,18331.588,18506.477,1.0,1.0,0.9781362047708894,2024-09-10 04:59:00,88.41100000000006,0.9781362047708894,0.022621619481738683,0.9555145852891507,GRXEUR,2.0,p
572,573,1,False,18583.199,18378.755,18602.599,0.0,0.0,10.538350515465078,2024-09-13 04:58:00,19.399999999997817,-1.0,0.10309278350516624,-1.1030927835051663,GRXEUR,2.0,p
878,879,1,True,2576.728,2589.515,2574.755,0.0,1.0,6.48099341104921,2024-09-17 04:59:00,197.29999999999563,-1.0,0.1773948302078093,-1.1773948302078092,XAUUSD,35.0,u
880,881,1,True,2568.585,2586.835,2560.984,1.0,1.0,2.4009998684383276,2024-09-18 04:59:00,760.1000000000113,2.4009998684383276,0.04604657281936519,2.3549532956189623,XAUUSD,35.0,u
881,882,1,False,2574.775,2560.984,2580.575,0.0,0.0,2.377758620689796,2024-09-18 16:59:00,579.9999999999727,-1.0,0.06034482758620974,-1.0603448275862097,XAUUSD,35.0,u
588,589,1,True,18914.888,19003.499,18841.455,1.0,1.0,1.206691814306975,2024-09-25 16:59:00,73.43299999999726,1.206691814306975,0.027235711464873757,1.1794561028421011,GRXEUR,2.0,p
891,892,1,True,2653.645,2670.348,2649.715,1.0,1.0,4.250127226463275,2024-09-25 16:59:00,392.99999999998363,4.250127226463275,0.0890585241730317,4.161068702290243,XAUUSD,35.0,u
898,899,1,True,2639.464,2660.495,2624.538,1.0,1.0,1.4090178212515105,2024-10-01 04:59:00,1492.599999999993,1.4090178212515105,0.02344901514136417,1.3855688061101463,XAUUSD,35.0,u
595,596,1,True,19391.077,19463.099,19305.188,0.0,0.0,0.8385474274935651,2024-10-01 04:59:00,85.88900000000285,-1.0,0.02328586897041453,-1.0232858689704145,GRXEUR,2.0,p
597,598,1,True,19235.555,19447.777,19130.799,0.0,0.0,2.025869639925116,2024-10-02 04:59:00,104.75600000000122,-1.0,0.019091985184619274,-1.0190919851846192,GRXEUR,2.0,p
903,904,1,True,2659.925,2662.775,2636.255,1.0,0.0,0.12040557667933673,2024-10-03 16:59:00,2367.0000000000073,0.12040557667933673,0.014786649767638315,0.10561892691169841,XAUUSD,35.0,u
908,909,1,True,2642.945,2659.465,2633.665,0.0,0.0,1.780172413793063,2024-10-08 04:59:00,928.00000000002,-1.0,0.0377155172413785,-1.0377155172413786,XAUUSD,35.0,u
607,608,1,False,19057.577,18906.666,19116.655,0.0,0.0,2.5544365076679294,2024-10-09 04:59:00,59.0779999999977,-1.0,0.033853549544671076,-1.033853549544671,GRXEUR,2.0,p
912,913,1,True,2613.725,2624.165,2605.045,0.0,1.0,1.2027649769585542,2024-10-10 04:59:00,867.9999999999836,-1.0,0.04032258064516205,-1.0403225806451621,XAUUSD,35.0,u
613,614,1,False,19363.055,19175.255,19382.099,0.0,0.0,9.861373660996561,2024-10-14 04:57:00,19.04399999999805,-1.0,0.10501995379123108,-1.105019953791231,GRXEUR,2.0,p
917,918,1,False,2648.435,2643.058,2666.705,1.0,0.0,0.2943076081007093,2024-10-14 16:59:00,1826.9999999999982,0.2943076081007093,0.019157088122605383,0.2751505199781039,XAUUSD,35.0,u
918,919,1,True,2644.248,2666.705,2642.815,0.0,1.0,15.671318911374733,2024-10-15 04:59:00,143.29999999999927,-1.0,0.24424284717376257,-1.2442428471737625,XAUUSD,35.0,u
617,618,1,True,19477.499,19637.899,19444.855,0.0,1.0,4.913613527753961,2024-10-16 04:59:00,32.64400000000023,-1.0,0.06126700159294161,-1.0612670015929415,GRXEUR,2.0,p
920,921,1,False,2666.595,2637.955,2669.935,0.0,0.0,8.574850299400786,2024-10-16 04:59:00,334.00000000001455,-1.0,0.10479041916167207,-1.104790419161672,XAUUSD,35.0,u
928,929,1,True,2734.595,2740.418,2714.165,1.0,1.0,0.285022026431736,2024-10-22 04:59:00,2042.9999999999836,0.285022026431736,0.017131669114048106,0.2678903573176879,XAUUSD,35.0,u
628,629,1,True,19368.366,19470.799,19298.977,1.0,1.0,1.4762138091050894,2024-10-24 04:59:00,69.38900000000285,1.4762138091050894,0.02882301229301356,1.4473907968120758,GRXEUR,2.0,p
632,633,1,False,19478.977,19350.999,19527.466,0.0,0.0,2.639320258202798,2024-10-28 04:59:00,48.4890000000014,-1.0,0.041246468271153094,-1.041246468271153,GRXEUR,2.0,p
942,943,1,False,2784.985,2770.795,2790.005,1.0,1.0,2.8266932270916545,2024-10-31 04:59:00,501.9999999999982,2.8266932270916545,0.06972111553784886,2.7569721115538055,XAUUSD,35.0,u
947,948,1,False,2738.275,2730.0,2748.015,1.0,1.0,0.8495893223819586,2024-11-04 17:59:00,973.9999999999782,0.8495893223819586,0.03593429158110963,0.813655030800849,XAUUSD,35.0,u
948,949,1,True,2732.435,2748.015,2724.695,1.0,0.0,2.012919896640874,2024-11-05 05:59:00,773.9999999999782,2.012919896640874,0.045219638242895335,1.9677002583979788,XAUUSD,35.0,u
950,951,1,True,2738.915,2749.875,2730.425,0.0,0.0,1.290930506478247,2024-11-06 05:59:00,848.9999999999782,-1.0,0.041224970553593525,-1.0412249705535934,XAUUSD,35.0,u
952,953,1,True,2659.045,2739.205,2643.134,0.0,1.0,5.038024008547518,2024-11-07 05:59:00,1591.1000000000058,-1.0,0.02199736031676191,-1.0219973603167618,XAUUSD,35.0,u
650,651,1,False,19419.055,19080.166,19449.699,0.0,1.0,11.058902232084474,2024-11-08 05:59:00,30.644000000000233,-1.0,0.06526563111865243,-1.0652656311186524,GRXEUR,2.0,p
955,956,1,True,2687.778,2710.244,2680.215,0.0,0.0,2.9705143461591166,2024-11-08 17:59:00,756.2999999999647,-1.0,0.0462779320375534,-1.0462779320375535,XAUUSD,35.0,u
963,964,1,True,2572.855,2585.365,2536.664,1.0,1.0,0.34566604957033054,2024-11-14 17:59:00,3619.0999999999804,0.34566604957033054,0.009670912657843162,0.3359951369124874,XAUUSD,35.0,u
965,966,1,True,2562.835,2576.795,2554.335,1.0,1.0,1.6423529411764748,2024-11-15 17:59:00,850.0,1.6423529411764748,0.041176470588235294,1.6011764705882394,XAUUSD,35.0,u
662,663,1,False,19268.055,19119.777,19293.555,1.0,1.0,5.8148235294118455,2024-11-18 05:59:00,25.5,5.8148235294118455,0.0784313725490196,5.736392156862826,GRXEUR,2.0,p
970,971,1,False,2636.765,2617.625,2641.665,0.0,0.0,3.9061224489794935,2024-11-20 05:59:00,490.0000000000091,-1.0,0.0714285714285701,-1.07142857142857,XAUUSD,35.0,u
670,671,1,False,19159.577,18898.277,19214.199,0.0,0.0,4.783786752590638,2024-11-22 05:59:00,54.62199999999939,-1.0,0.03661528321921611,-1.0366152832192161,GRXEUR,2.0,p
979,980,1,False,2624.784,2605.085,2641.774,0.0,0.0,1.159446733372591,2024-11-26 17:59:00,1698.9999999999782,-1.0,0.02060035314891139,-1.0206003531489114,XAUUSD,35.0,u
981,982,1,False,2637.104,2619.414,2658.098,0.0,,0.8426217014384815,2024-11-27 17:59:00,2099.400000000014,-1.0,0.016671429932361516,-1.0166714299323616,XAUUSD,35.0,u
680,681,1,False,19408.177,19307.899,19440.377,0.0,0.0,3.114223602484353,2024-11-29 05:59:00,32.20000000000073,-1.0,0.06211180124223462,-1.0621118012422346,GRXEUR,2.0,p
985,986,1,False,2660.465,2633.925,2666.195,1.0,1.0,4.63176265270504,2024-11-29 17:59:00,573.0000000000018,4.63176265270504,0.06108202443280958,4.570680628272231,XAUUSD,35.0,u
994,995,1,True,2637.775,2654.418,2612.585,1.0,1.0,0.6606986899563316,2024-12-06 05:59:00,2519.0000000000055,0.6606986899563316,0.01389440254069072,0.6468042874156409,XAUUSD,35.0,u
996,997,1,False,2638.195,2623.864,2650.515,0.0,0.0,1.1632305194805577,2024-12-09 05:59:00,1231.999999999971,-1.0,0.02840909090909158,-1.0284090909090915,XAUUSD,35.0,u
695,696,1,False,20341.099,20257.455,20395.666,0.0,0.0,1.5328678505322337,2024-12-10 17:59:00,54.567000000002736,-1.0,0.03665218905198929,-1.0366521890519893,GRXEUR,2.0,p
1000,1001,1,False,2686.775,2661.064,2704.098,0.0,0.0,1.484211741615219,2024-12-11 05:59:00,1732.2999999999865,-1.0,0.0202043525948163,-1.0202043525948163,XAUUSD,35.0,u
1002,1003,1,False,2713.074,2685.148,2725.675,1.0,1.0,2.216173319577786,2024-12-12 05:59:00,1260.1000000000113,2.216173319577786,0.027775573367192833,2.188397746210593,XAUUSD,35.0,u
707,708,1,False,20255.188,20181.977,20330.199,1.0,1.0,0.976003519483771,2024-12-18 17:59:00,75.01100000000224,0.976003519483771,0.026662756129100268,0.9493407633546707,GRXEUR,2.0,p
711,712,1,True,19926.677,19998.177,19644.766,1.0,0.0,0.2536261444214663,2024-12-20 17:59:00,281.91100000000006,0.2536261444214663,0.007094437606194861,0.24653170681527145,GRXEUR,2.0,p
712,713,1,False,19921.566,19644.766,19951.488,0.0,1.0,9.25071853485656,2024-12-23 05:59:00,29.9220000000023,-1.0,0.06684045184144931,-1.0668404518414494,GRXEUR,2.0,p
1019,1020,1,False,2616.845,2608.955,2621.205,0.0,0.0,1.8096330275228538,2024-12-24 17:59:00,436.00000000001273,-1.0,0.08027522935779582,-1.0802752293577957,XAUUSD,35.0,u
719,720,1,True,19932.866,20014.055,19797.155,0.0,0.0,0.5982492207705838,2024-12-27 17:59:00,135.71100000000297,-1.0,0.01473719890060464,-1.0147371989006047,GRXEUR,2.0,p
720,721,1,False,19947.288,19797.155,19999.288,1.0,1.0,2.887173076923108,2024-12-30 05:59:00,52.0,2.887173076923108,0.038461538461538464,2.8487115384615698,GRXEUR,2.0,p
1030,1031,1,False,2658.405,2630.985,2665.185,1.0,1.0,4.044247787610782,2025-01-03 05:59:00,677.9999999999745,4.044247787610782,0.05162241887905799,3.992625368731724,XAUUSD,35.0,u
1044,1045,1,True,2668.275,2691.235,2656.615,1.0,1.0,1.969125214408184,2025-01-14 05:59:00,1166.000000000031,1.969125214408184,0.030017152658661297,1.9391080617495229,XAUUSD,35.0,u
1048,1049,1,False,2694.605,2676.439,2702.008,0.0,0.0,2.4538700526814368,2025-01-16 05:59:00,740.2999999999793,-1.0,0.04727813048764147,-1.0472781304876415,XAUUSD,35.0,u
744,745,1,False,20583.499,20265.355,20658.399,0.0,0.0,4.247583444592711,2025-01-16 05:59:00,74.90000000000146,-1.0,0.02670226969292338,-1.0267022696929233,GRXEUR,2.0,p
1051,1052,1,True,2712.425,2723.148,2702.555,0.0,0.0,1.0864235055723992,2025-01-17 17:59:00,987.0000000000346,-1.0,0.03546099290780018,-1.0354609929078002,XAUUSD,35.0,u
1053,1054,1,False,2706.995,2689.308,2713.655,0.0,0.0,2.655705705705567,2025-01-20 17:59:00,666.0000000000309,-1.0,0.05255255255255011,-1.05255255255255,XAUUSD,35.0,u
1059,1060,1,True,2757.565,2759.265,2735.665,1.0,1.0,0.07762557077624709,2025-01-23 17:59:00,2190.000000000009,0.07762557077624709,0.015981735159817285,0.061643835616429804,XAUUSD,35.0,u
1061,1062,1,False,2773.118,2751.078,2785.825,1.0,1.0,1.7344770598882642,2025-01-24 17:59:00,1270.699999999988,1.7344770598882642,0.027543873455575928,1.7069331864326882,XAUUSD,35.0,u
1068,1069,1,True,2760.455,2765.928,2745.0,1.0,1.0,0.35412487868003767,2025-01-30 05:59:00,1545.4999999999927,0.35412487868003767,0.022646392753154426,0.3314784859268832,XAUUSD,35.0,u
1070,1071,1,False,2795.445,2760.045,2799.375,0.0,0.0,9.007633587786659,2025-01-31 05:59:00,392.99999999998363,-1.0,0.0890585241730317,-1.0890585241730317,XAUUSD,35.0,u
767,768,1,False,21769.588,21667.166,21801.666,1.0,1.0,3.192904794563077,2025-01-31 17:59:00,32.07800000000134,3.192904794563077,0.06234802668495282,3.130556767878124,GRXEUR,2.0,p
770,771,1,False,21390.455,21176.477,21547.299,0.0,0.0,1.3642727805973225,2025-02-04 05:59:00,156.84399999999732,-1.0,0.012751523807095166,-1.0127515238070952,GRXEUR,2.0,p
1081,1082,1,False,2859.895,2849.685,2886.605,0.0,0.0,0.3822538375140405,2025-02-07 17:59:00,2671.0000000000036,-1.0,0.013103706476974899,-1.013103706476975,XAUUSD,35.0,u
778,779,1,True,21789.566,21947.288,21696.255,1.0,1.0,1.6902830320112865,2025-02-10 05:59:00,93.31099999999788,1.6902830320112865,0.021433700206835694,1.6688493318044508,GRXEUR,2.0,p
1085,1086,1,True,2905.365,2942.665,2881.635,0.0,0.0,1.5718499789296616,2025-02-11 17:59:00,2372.9999999999563,-1.0,0.014749262536873428,-1.0147492625368735,XAUUSD,35.0,u
787,788,1,False,22502.799,22421.455,22612.255,0.0,0.0,0.7431662037713408,2025-02-14 17:59:00,109.45600000000195,-1.0,0.018272182429469052,-1.0182721824294692,GRXEUR,2.0,p
1092,1093,1,True,2895.915,2939.935,2878.015,1.0,1.0,2.4592178770949586,2025-02-17 05:59:00,1790.000000000009,2.4592178770949586,0.019553072625698224,2.4396648044692606,XAUUSD,35.0,u
1093,1094,1,False,2898.385,2878.015,2906.215,0.0,0.0,2.6015325670498766,2025-02-17 17:59:00,782.9999999999927,-1.0,0.0446998722860796,-1.0446998722860796,XAUUSD,35.0,u
792,793,1,False,22867.377,22713.199,22887.399,0.0,1.0,7.700429527519398,2025-02-19 05:59:00,20.022000000000844,-1.0,0.09989012086704203,-1.099890120867042,GRXEUR,2.0,p
1098,1099,1,True,2946.655,2946.865,2918.365,1.0,0.0,0.007423117709423065,2025-02-20 05:59:00,2829.000000000042,0.007423117709423065,0.01237186284906309,-0.004948745139640024,XAUUSD,35.0,u
794,795,1,True,22470.566,22936.599,22369.188,0.0,0.0,4.596983566454227,2025-02-20 05:59:00,101.37800000000061,-1.0,0.01972814614610653,-1.0197281461461065,GRXEUR,2.0,p
1102,1103,1,False,2936.275,2916.615,2944.575,0.0,1.0,2.368674698795296,2025-02-24 05:59:00,829.9999999999727,-1.0,0.042168674698796565,-1.0421686746987966,XAUUSD,35.0,u
799,800,1,True,22406.155,22586.055,22230.299,1.0,1.0,1.0229960877081345,2025-02-24 17:59:00,175.85599999999977,1.0229960877081345,0.011372941497588952,1.0116231462105456,GRXEUR,2.0,p
1107,1108,1,True,2913.625,2929.995,2890.588,0.0,0.0,0.7105959977427628,2025-02-26 17:59:00,2303.6999999999807,-1.0,0.015192950470981592,-1.0151929504709816,XAUUSD,35.0,u
807,808,1,False,22434.799,22217.666,22574.788,0.0,0.0,1.5510718699326078,2025-02-28 17:59:00,139.9890000000014,-1.0,0.014286836822893084,-1.014286836822893,GRXEUR,2.0,p
1112,1113,1,False,2863.695,2832.455,2876.905,0.0,0.0,2.364875094625295,2025-03-03 05:59:00,1321.0000000000036,-1.0,0.026495079485238382,-1.0264950794852383,XAUUSD,35.0,u
1114,1115,1,False,2889.485,2858.735,2894.985,0.0,0.0,5.590909090909091,2025-03-04 05:59:00,550.0,-1.0,0.06363636363636363,-1.0636363636363637,XAUUSD,35.0,u
1119,1120,1,True,2915.225,2926.425,2890.815,1.0,0.0,0.4588283490372937,2025-03-06 17:59:00,2440.9999999999854,0.4588283490372937,0.01433838590741508,0.4444899631298786,XAUUSD,35.0,u
1121,1122,1,False,2908.085,2895.698,2930.185,1.0,0.0,0.5604977375565712,2025-03-07 17:59:00,2209.999999999991,0.5604977375565712,0.015837104072398255,0.5446606334841729,XAUUSD,35.0,u
1124,1125,1,True,2895.655,2915.275,2879.935,1.0,1.0,1.248091603053408,2025-03-11 04:59:00,1572.0000000000255,1.248091603053408,0.022264631043256638,1.2258269720101513,XAUUSD,35.0,u
820,821,1,True,22671.488,23211.666,22410.977,0.0,0.0,2.0735324036220937,2025-03-11 04:59:00,260.51100000000224,-1.0,0.0076772190041878565,-1.0076772190041878,GRXEUR,2.0,p
1128,1129,1,False,2939.895,2905.755,2946.975,0.0,0.0,4.822033898305117,2025-03-13 04:59:00,707.9999999999927,-1.0,0.04943502824858808,-1.049435028248588,XAUUSD,35.0,u
1137,1138,1,True,3029.528,3045.155,3022.315,1.0,1.0,2.1665049216693437,2025-03-19 16:59:00,721.2999999999738,2.1665049216693437,0.04852349923748963,2.1179814224318543,XAUUSD,35.0,u
1139,1140,1,True,3041.535,3057.245,3025.428,0.0,0.0,0.9753523312845387,2025-03-20 16:59:00,1610.699999999997,-1.0,0.021729682746631937,-1.021729682746632,XAUUSD,35.0,u
1140,1141,1,True,3027.865,3051.405,3021.305,0.0,0.0,3.588414634146435,2025-03-21 04:59:00,655.9999999999945,-1.0,0.05335365853658581,-1.053353658536586,XAUUSD,35.0,u
836,837,1,True,22883.088,23014.599,22716.188,1.0,1.0,0.7879628520071746,2025-03-21 16:59:00,166.90000000000146,0.7879628520071746,0.01198322348711793,0.7759796285200568,GRXEUR,2.0,p
1144,1145,1,True,3018.125,3033.135,3002.145,1.0,1.0,0.9392991239048937,2025-03-25 04:59:00,1598.0000000000018,0.9392991239048937,0.021902377972465557,0.9173967459324281,XAUUSD,35.0,u
1148,1149,1,False,3029.498,3012.125,3038.495,0.0,0.0,1.9309769923308158,2025-03-27 04:59:00,899.6999999999844,-1.0,0.03890185617428099,-1.0389018561742809,XAUUSD,35.0,u
844,845,1,True,22648.999,23714.499,22464.588,0.0,0.0,5.777854900195757,2025-03-27 16:59:00,184.41100000000006,-1.0,0.010845340028523241,-1.0108453400285233,GRXEUR,2.0,p
1151,1152,1,False,3077.255,3052.365,3086.725,0.0,0.0,2.6282998944034692,2025-03-28 16:59:00,946.99999999998,-1.0,0.03695881731784661,-1.0369588173178466,XAUUSD,35.0,u
848,849,1,False,22265.677,21969.455,22340.766,0.0,0.0,3.9449453315398815,2025-04-01 04:59:00,75.08899999999994,-1.0,0.026635059729121464,-1.0266350597291214,GRXEUR,2.0,p
851,852,1,True,22420.199,22566.166,22139.766,0.0,0.0,0.5205057892616065,2025-04-02 16:59:00,280.4330000000009,-1.0,0.0071318282798386555,-1.0071318282798387,GRXEUR,2.0,p
1159,1160,1,True,3107.348,3167.548,3053.935,0.0,0.0,1.1270664444985268,2025-04-03 16:59:00,5341.300000000001,-1.0,0.006552711886619361,-1.0065527118866193,XAUUSD,35.0,u
1162,1163,1,True,3035.325,3136.435,2970.305,0.0,0.0,1.5550599815441426,2025-04-07 04:59:00,6501.999999999998,-1.0,0.005382959089510921,-1.005382959089511,XAUUSD,35.0,u
1164,1165,1,True,3001.915,3045.965,2956.125,1.0,1.0,0.9620004367765935,2025-04-08 04:59:00,4578.999999999996,0.9620004367765935,0.007643590303559735,0.9543568464730338,XAUUSD,35.0,u
1165,1166,1,False,2985.825,2956.125,3022.485,0.0,0.0,0.8101472995089899,2025-04-08 16:59:00,3666.000000000031,-1.0,0.009547190398254147,-1.0095471903982542,XAUUSD,35.0,u
859,860,1,False,20025.488,19761.399,20471.299,1.0,1.0,0.5923788331826743,2025-04-08 16:59:00,445.8109999999979,0.5923788331826743,0.004486206037984728,0.5878926271446895,GRXEUR,2.0,p
1166,1167,1,True,3011.985,3022.485,2969.605,1.0,1.0,0.24775837659273178,2025-04-09 04:59:00,4238.000000000011,0.24775837659273178,0.00825861255309106,0.2394997640396407,XAUUSD,35.0,u
1172,1173,1,False,3227.135,3186.605,3245.515,0.0,0.0,2.2051142546246445,2025-04-14 04:59:00,1837.9999999999654,-1.0,0.019042437431991653,-1.0190424374319917,XAUUSD,35.0,u
866,867,1,False,20847.788,20101.199,21048.777,0.0,0.0,3.7145764196050943,2025-04-14 16:59:00,200.98899999999776,-1.0,0.009950793326998105,-1.009950793326998,GRXEUR,2.0,p
872,873,1,False,21309.499,21012.155,21437.866,1.0,0.0,2.31635856567495,2025-04-17 16:59:00,128.367000000002,2.31635856567495,0.015580328277516563,2.3007782373974335,GRXEUR,2.0,p
1186,1187,1,False,3325.805,3259.485,3367.015,0.0,1.0,1.609318126668276,2025-04-24 04:59:00,4121.000000000004,-1.0,0.008493084202863375,-1.0084930842028634,XAUUSD,35.0,u
1188,1189,1,False,3324.545,3306.245,3370.065,1.0,1.0,0.40202108963093564,2025-04-25 04:59:00,4551.999999999998,0.40202108963093564,0.007688927943760988,0.39433216168717466,XAUUSD,35.0,u
1190,1191,1,False,3298.725,3264.785,3335.995,0.0,1.0,0.9106519989267526,2025-04-28 04:59:00,3726.999999999998,-1.0,0.009390931043734911,-1.009390931043735,XAUUSD,35.0,u
1192,1193,1,False,3309.005,3273.065,3352.835,1.0,1.0,0.819986310746067,2025-04-29 04:59:00,4382.999999999993,0.819986310746067,0.00798539812913531,0.8120009126169316,XAUUSD,35.0,u
1195,1196,1,True,3310.305,3329.435,3266.875,0.0,0.0,0.4404789316140958,2025-04-30 16:59:00,4342.999999999984,-1.0,0.008058945429426694,-1.0080589454294266,XAUUSD,35.0,u
890,891,1,False,22702.399,22459.077,22826.099,0.0,0.0,1.9670331447049785,2025-05-01 16:59:00,123.69999999999709,-1.0,0.01616814874696885,-1.016168148746969,GRXEUR,2.0,p
1200,1201,1,False,3256.275,3222.395,3272.205,0.0,0.0,2.1268047708725963,2025-05-05 04:59:00,1592.9999999999836,-1.0,0.021971123666039146,-1.0219711236660391,XAUUSD,35.0,u
895,896,1,False,23314.599,23024.488,23406.699,0.0,1.0,3.1499565689466915,2025-05-06 04:59:00,92.10000000000218,-1.0,0.021715526601519573,-1.0217155266015197,GRXEUR,2.0,p
1204,1205,1,False,3381.905,3349.745,3437.655,1.0,1.0,0.5768609865470907,2025-05-07 04:59:00,5575.0,0.5768609865470907,0.006278026905829596,0.5705829596412612,XAUUSD,35.0,u
899,900,1,True,23296.555,23323.177,23031.166,1.0,1.0,0.10031312526140672,2025-05-08 04:59:00,265.3889999999992,0.10031312526140672,0.007536107374457894,0.09277701788694882,GRXEUR,2.0,p
901,902,1,False,23412.088,23216.199,23472.666,0.0,0.0,3.233665687213095,2025-05-09 04:59:00,60.57800000000134,-1.0,0.03301528607745313,-1.033015286077453,GRXEUR,2.0,p
1208,1209,1,True,3324.335,3383.935,3274.295,0.0,0.0,1.1910471622701828,2025-05-09 04:59:00,5003.999999999996,-1.0,0.00699440447641887,-1.006994404476419,XAUUSD,35.0,u
902,903,1,False,23468.299,23318.577,23546.777,0.0,0.0,1.9078213002370032,2025-05-09 16:59:00,78.47799999999916,-1.0,0.02548484925711692,-1.025484849257117,GRXEUR,2.0,p
907,908,1,True,23578.099,23654.199,23521.055,1.0,1.0,1.3340579202020333,2025-05-14 04:59:00,57.04399999999805,1.3340579202020333,0.03506065493303535,1.2989972652689978,GRXEUR,2.0,p
909,910,1,True,23451.066,23694.799,23426.677,0.0,1.0,9.993562671696585,2025-05-15 04:59:00,24.388999999999214,-1.0,0.08200418221329552,-1.0820041822132955,GRXEUR,2.0,p
911,912,1,False,23698.588,23330.755,23735.788,0.0,0.0,9.887983870967513,2025-05-16 04:59:00,37.20000000000073,-1.0,0.053763440860214,-1.053763440860214,GRXEUR,2.0,p
1220,1221,1,False,3215.645,3153.475,3249.505,0.0,0.0,1.8360897814530373,2025-05-19 04:59:00,3386.0000000000127,-1.0,0.010336680448907226,-1.0103366804489071,XAUUSD,35.0,u
1222,1223,1,True,3216.935,3248.285,3204.205,1.0,1.0,2.4626865671641682,2025-05-20 04:59:00,1273.0000000000018,2.4626865671641682,0.027494108405341673,2.4351924587588267,XAUUSD,35.0,u
1225,1226,1,False,3302.875,3278.115,3320.455,0.0,0.0,1.4084186575654334,2025-05-21 16:59:00,1757.9999999999927,-1.0,0.019908987485779378,-1.0199089874857794,XAUUSD,35.0,u
920,921,1,True,23998.688,24118.299,23838.266,1.0,0.0,0.7456022241338581,2025-05-22 16:59:00,160.42199999999866,0.7456022241338581,0.012467117976337514,0.7331351061575206,GRXEUR,2.0,p
921,922,1,False,24019.588,23838.266,24086.299,0.0,1.0,2.7180225150275357,2025-05-23 04:59:00,66.71099999999933,-1.0,0.029980063257933776,-1.0299800632579337,GRXEUR,2.0,p
1231,1232,1,True,3341.748,3356.598,3323.298,0.0,0.0,0.804878048780471,2025-05-26 16:59:00,1845.0000000000273,-1.0,0.018970189701896737,-1.0189701897018968,XAUUSD,35.0,u
1239,1240,1,True,3293.015,3325.645,3271.095,1.0,1.0,1.488594890510949,2025-05-30 16:59:00,2192.0000000000073,1.488594890510949,0.01596715328467148,1.4726277372262775,XAUUSD,35.0,u
934,935,1,True,23971.688,24019.299,23734.899,1.0,1.0,0.20106930642893625,2025-06-02 16:59:00,236.78899999999703,0.20106930642893625,0.008446338301188083,0.19262296812774818,GRXEUR,2.0,p
1242,1243,1,False,3362.498,3313.515,3391.935,0.0,1.0,1.6639942928967064,2025-06-03 04:59:00,2943.69999999999,-1.0,0.011889798552841703,-1.0118897985528417,XAUUSD,35.0,u
1244,1245,1,False,3354.505,3332.575,3372.445,0.0,0.0,1.2224080267558652,2025-06-04 04:59:00,1794.0000000000055,-1.0,0.0195094760312151,-1.0195094760312151,XAUUSD,35.0,u
1253,1254,1,False,3321.065,3301.698,3348.895,0.0,0.0,0.6959037010420496,2025-06-10 16:59:00,2782.9999999999927,-1.0,0.01257635644987427,-1.0125763564498742,XAUUSD,35.0,u
1255,1256,1,False,3330.045,3315.245,3360.405,0.0,0.0,0.48748353096179575,2025-06-11 16:59:00,3036.0000000000127,-1.0,0.011528326745718001,-1.011528326745718,XAUUSD,35.0,u
948,949,1,False,23953.655,23873.077,24152.288,1.0,1.0,0.4056627045858293,2025-06-11 16:59:00,198.63300000000163,0.4056627045858293,0.010068820387347438,0.39559388419848185,GRXEUR,2.0,p
950,951,1,True,23766.188,23969.655,23613.399,0.0,0.0,1.3316861815968721,2025-06-12 16:59:00,152.78899999999703,-1.0,0.013089947574760218,-1.0130899475747601,GRXEUR,2.0,p
952,953,1,True,23530.177,23800.799,23284.555,0.0,0.0,1.1017824136274441,2025-06-13 16:59:00,245.6219999999994,-1.0,0.008142593090195525,-1.0081425930901955,GRXEUR,2.0,p
1260,1261,1,False,3427.335,3407.755,3451.085,1.0,1.0,0.8244210526315758,2025-06-16 04:59:00,2375.0,0.8244210526315758,0.014736842105263158,0.8096842105263127,XAUUSD,35.0,u
958,959,1,False,23316.655,23246.855,23506.266,1.0,1.0,0.36812210262062317,2025-06-18 16:59:00,189.6110000000008,0.36812210262062317,0.0105479112498747,0.3575741913707485,GRXEUR,2.0,p
959,960,1,True,23272.066,23506.266,23211.099,0.0,0.0,3.841422408844106,2025-06-19 04:58:00,60.96700000000055,-1.0,0.03280463201404008,-1.03280463201404,GRXEUR,2.0,p
1266,1267,1,True,3374.325,3396.648,3362.355,0.0,0.0,1.8649122807018124,2025-06-19 04:59:00,1196.99999999998,-1.0,0.029239766081871833,-1.0292397660818717,XAUUSD,35.0,u
1267,1268,1,True,3370.795,3395.598,3347.265,0.0,0.0,1.0541011474712993,2025-06-19 16:59:00,2353.00000000002,-1.0,0.014874628134296516,-1.0148746281342964,XAUUSD,35.0,u
1269,1270,1,True,3371.248,3375.198,3340.175,1.0,0.0,0.127120007723742,2025-06-20 16:59:00,3107.2999999999865,0.127120007723742,0.011263798152737151,0.11585620957100484,XAUUSD,35.0,u
1270,1271,1,False,3358.285,3340.175,3396.648,1.0,1.0,0.4720694419101618,2025-06-23 04:59:00,3836.3000000000284,0.4720694419101618,0.009123374084404176,0.46294606782575765,XAUUSD,35.0,u
1271,1272,1,True,3389.695,3396.648,3346.675,0.0,0.0,0.1616225011622496,2025-06-23 16:59:00,4301.999999999998,-1.0,0.008135750813575085,-1.008135750813575,XAUUSD,35.0,u
1272,1273,1,True,3348.348,3393.348,3332.865,0.0,0.0,2.906413485758541,2025-06-24 04:59:00,1548.3000000000175,-1.0,0.022605438222566433,-1.0226054382225664,XAUUSD,35.0,u
1276,1277,1,False,3333.748,3311.705,3342.985,0.0,1.0,2.386380859586438,2025-06-26 04:59:00,923.700000000008,-1.0,0.037891090180794305,-1.0378910901807943,XAUUSD,35.0,u
969,970,1,True,23542.588,23754.666,23460.166,1.0,1.0,2.5730751498386932,2025-06-26 04:59:00,82.42199999999866,2.5730751498386932,0.024265366043047153,2.548809783795646,GRXEUR,2.0,p
1280,1281,1,True,3285.298,3300.725,3244.925,1.0,1.0,0.38211180739603917,2025-06-30 04:59:00,4037.2999999999593,0.38211180739603917,0.008669160082233262,0.3734426473138059,XAUUSD,35.0,u
978,979,1,True,23790.688,23855.088,23610.799,1.0,1.0,0.35799854354630767,2025-07-02 16:59:00,179.8889999999992,0.35799854354630767,0.011117967190878868,0.3468805763554288,GRXEUR,2.0,p
1286,1287,1,False,3350.498,3327.275,3365.455,1.0,1.0,1.5526509326736742,2025-07-03 04:59:00,1495.699999999988,1.5526509326736742,0.023400414521628856,1.5292505181520453,XAUUSD,35.0,u
979,980,1,False,23834.099,23610.799,23848.088,0.0,0.0,15.962541997281933,2025-07-03 04:59:00,13.989000000001397,-1.0,0.1429694760168561,-1.142969476016856,GRXEUR,2.0,p
1289,1290,1,False,3336.248,3323.345,3344.905,1.0,1.0,1.4904701397712856,2025-07-04 16:58:00,865.7000000000153,1.4904701397712856,0.04042971006122142,1.4500404297100642,XAUUSD,35.0,u
983,984,1,False,23831.555,23700.777,23878.699,0.0,0.0,2.7740115391142335,2025-07-07 04:59:00,47.14400000000023,-1.0,0.04242321398269112,-1.0424232139826912,GRXEUR,2.0,p
1291,1292,1,True,3327.265,3342.348,3296.195,1.0,0.0,0.48545220469907385,2025-07-07 16:59:00,3106.999999999971,0.48545220469907385,0.011264885741873296,0.47418731895720057,XAUUSD,35.0,u
985,986,1,False,24012.088,23796.799,24128.688,0.0,0.0,1.8463893653516583,2025-07-08 04:59:00,116.59999999999854,-1.0,0.01715265866209284,-1.017152658662093,GRXEUR,2.0,p
1297,1298,1,False,3314.965,3307.575,3330.085,0.0,0.0,0.4887566137566389,2025-07-10 16:59:00,1511.999999999989,-1.0,0.023148148148148317,-1.0231481481481484,XAUUSD,35.0,u
1308,1309,1,False,3336.875,3309.575,3344.048,0.0,0.0,3.805938937683123,2025-07-18 04:59:00,717.2999999999774,-1.0,0.0487940889446551,-1.0487940889446552,XAUUSD,35.0,u
1005,1006,1,True,24190.566,24331.288,24169.199,0.0,0.0,6.585950297187828,2025-07-22 04:59:00,21.36699999999837,-1.0,0.09360228389573419,-1.0936022838957342,GRXEUR,2.0,p
1312,1313,1,False,3390.798,3357.585,3402.475,0.0,0.0,2.844309326025465,2025-07-22 04:59:00,1167.7000000000135,-1.0,0.029973452085295536,-1.0299734520852954,XAUUSD,35.0,u
1314,1315,1,False,3423.435,3383.115,3438.655,1.0,1.0,2.649145860709559,2025-07-23 04:59:00,1522.0000000000255,2.649145860709559,0.022996057818659273,2.6261498028909,XAUUSD,35.0,u
1316,1317,1,True,3382.375,3433.648,3374.348,0.0,0.0,6.387566961504904,2025-07-24 04:59:00,802.7000000000044,-1.0,0.04360284041360385,-1.043602840413604,XAUUSD,35.0,u
1012,1013,1,True,24255.355,24306.777,24061.488,1.0,1.0,0.26524369799913905,2025-07-25 16:59:00,193.86699999999837,0.26524369799913905,0.010316350900359612,0.25492734709877946,GRXEUR,2.0,p
1320,1321,1,True,3339.405,3362.065,3316.938,0.0,0.0,1.008590376997363,2025-07-28 04:59:00,2246.70000000001,-1.0,0.015578403881247985,-1.015578403881248,XAUUSD,35.0,u
1015,1016,1,True,23993.777,24561.877,23923.888,0.0,1.0,8.128603929087676,2025-07-29 04:59:00,69.88899999999921,-1.0,0.028616806650546188,-1.0286168066505461,GRXEUR,2.0,p
1326,1327,1,True,3297.915,3333.815,3267.955,1.0,1.0,1.1982643524699614,2025-07-31 04:59:00,2996.0000000000036,1.1982643524699614,0.011682242990654191,1.1865821094793072,XAUUSD,35.0,u
1327,1328,1,False,3294.789,3267.955,3314.705,0.0,0.0,1.3473589074111607,2025-07-31 16:59:00,1991.5999999999713,-1.0,0.01757381000200869,-1.0175738100020086,XAUUSD,35.0,u
1328,1329,1,True,3291.948,3314.705,3281.435,1.0,1.0,2.1646532864073276,2025-08-01 04:59:00,1051.299999999992,2.1646532864073276,0.03329211452487422,2.131361171882453,XAUUSD,35.0,u
1336,1337,1,False,3377.285,3358.015,3384.005,0.0,0.0,2.8675595238094123,2025-08-07 04:59:00,672.0000000000255,-1.0,0.05208333333333136,-1.0520833333333313,XAUUSD,35.0,u
1338,1339,1,False,3393.899,3371.498,3408.675,1.0,1.0,1.5160395235516644,2025-08-08 04:59:00,1477.6000000000295,1.5160395235516644,0.02368706009745486,1.4923524634542096,XAUUSD,35.0,u
1339,1340,1,True,3397.275,3408.675,3380.035,0.0,0.0,0.6612529002320148,2025-08-08 16:59:00,1724.0000000000236,-1.0,0.020301624129930116,-1.02030162412993,XAUUSD,35.0,u
1032,1033,1,True,24170.188,24304.599,24089.766,0.0,1.0,1.6713212802467272,2025-08-08 16:59:00,80.42199999999866,-1.0,0.024868816990376182,-1.0248688169903761,GRXEUR,2.0,p
1033,1034,1,False,24252.066,24089.766,24283.699,1.0,1.0,5.130717921157997,2025-08-11 04:59:00,31.63300000000163,5.130717921157997,0.06322511301488626,5.06749280814311,GRXEUR,2.0,p
1346,1347,1,False,3360.235,3345.398,3374.555,1.0,1.0,1.0361033519553275,2025-08-14 04:59:00,1431.999999999971,1.0361033519553275,0.024441340782123403,1.0116620111732042,XAUUSD,35.0,u
1349,1350,1,False,3337.998,3331.648,3348.595,1.0,1.0,0.5992261960932393,2025-08-15 16:59:00,1059.6999999999753,0.5992261960932393,0.033028215532698704,0.5661979805605406,XAUUSD,35.0,u
1351,1352,1,False,3334.098,3323.335,3358.215,1.0,0.0,0.446282705145741,2025-08-18 16:59:00,2411.700000000019,0.446282705145741,0.014512584483973846,0.4317701206617671,XAUUSD,35.0,u
1352,1353,1,True,3337.525,3358.215,3325.885,0.0,0.0,1.777491408934732,2025-08-19 04:59:00,1163.9999999999873,-1.0,0.0300687285223371,-1.030068728522337,XAUUSD,35.0,u
1047,1048,1,True,24283.077,24443.266,24262.566,0.0,0.0,7.809906879234605,2025-08-20 04:59:00,20.51100000000224,-1.0,0.09750865389302235,-1.0975086538930223,GRXEUR,2.0,p
1354,1355,1,True,3318.598,3345.165,3311.255,1.0,1.0,3.6180035407872206,2025-08-20 04:59:00,734.2999999999847,3.6180035407872206,0.04766444232602578,3.570339098461195,XAUUSD,35.0,u
1356,1357,1,False,3338.115,3317.935,3351.935,0.0,0.0,1.460202604920376,2025-08-21 04:59:00,1382.0000000000164,-1.0,0.02532561505065093,-1.025325615050651,XAUUSD,35.0,u
1357,1358,1,True,3339.548,3351.935,3324.948,0.0,1.0,0.8484246575342635,2025-08-21 16:59:00,1459.999999999991,-1.0,0.023972602739726175,-1.0239726027397262,XAUUSD,35.0,u
1056,1057,1,True,24182.655,24293.199,24031.799,0.0,0.0,0.7327782786233352,2025-08-26 16:59:00,150.85599999999977,-1.0,0.013257676194516645,-1.0132576761945167,GRXEUR,2.0,p
1364,1365,1,False,3374.735,3366.985,3394.195,0.0,0.0,0.3982528263103795,2025-08-27 04:59:00,1946.0000000000036,-1.0,0.017985611510791335,-1.0179856115107913,XAUUSD,35.0,u
1366,1367,1,False,3390.105,3373.665,3399.175,0.0,0.0,1.8125689084894991,2025-08-28 04:59:00,907.0000000000164,-1.0,0.03858875413450868,-1.0385887541345087,XAUUSD,35.0,u
1368,1369,1,False,3408.695,3387.415,3423.069,0.0,0.0,1.4804508139697024,2025-08-29 04:59:00,1437.3999999999796,-1.0,0.02434951996660672,-1.0243495199666066,XAUUSD,35.0,u
1371,1372,1,False,3477.185,3436.548,3489.595,0.0,0.0,3.274536663980713,2025-09-01 16:59:00,1240.9999999999854,-1.0,0.028203062046736834,-1.0282030620467368,XAUUSD,35.0,u
1065,1066,1,False,24009.066,23936.599,24099.588,1.0,1.0,0.8005457236914769,2025-09-02 04:59:00,90.52200000000084,0.8005457236914769,0.022094076578069215,0.7784516471134078,GRXEUR,2.0,p
1378,1379,1,False,3558.315,3524.145,3558.965,0.0,0.0,52.56923076922352,2025-09-05 04:59:00,65.0000000000091,-1.0,0.5384615384614632,-1.5384615384614633,XAUUSD,35.0,u
1384,1385,1,True,3642.775,3673.645,3618.505,0.0,1.0,1.2719406674907257,2025-09-10 04:59:00,2426.999999999998,-1.0,0.014421096003296262,-1.0144210960032962,XAUUSD,35.0,u
1387,1388,1,True,3635.895,3649.598,3611.465,1.0,1.0,0.5609087187883777,2025-09-11 16:59:00,2442.9999999999836,0.5609087187883777,0.01432664756447001,0.5465820712239077,XAUUSD,35.0,u
1389,1390,1,False,3648.985,3630.225,3656.435,1.0,0.0,2.518120805369218,2025-09-12 16:59:00,744.9999999999818,2.518120805369218,0.04697986577181323,2.471140939597405,XAUUSD,35.0,u
1390,1391,1,True,3645.445,3656.435,3626.148,1.0,1.0,0.5695185780172963,2025-09-15 04:59:00,1929.7000000000025,0.5695185780172963,0.01813753433176139,0.551381043685535,XAUUSD,35.0,u
1083,1084,1,False,23737.155,23600.266,23855.777,1.0,1.0,1.1539933570501248,2025-09-15 16:59:00,118.62199999999939,1.1539933570501248,0.01686027886901258,1.1371330781811122,GRXEUR,2.0,p
1392,1393,1,False,3684.105,3633.469,3689.169,0.0,1.0,9.999210110584807,2025-09-16 04:59:00,506.3999999999851,-1.0,0.06911532385466239,-1.0691153238546625,XAUUSD,35.0,u
1395,1396,1,True,3684.515,3695.185,3659.815,1.0,0.0,0.4319838056680223,2025-09-17 16:59:00,2469.999999999982,0.4319838056680223,0.014170040485830064,0.41781376518219226,XAUUSD,35.0,u
1088,1089,1,False,23469.055,23282.288,23512.055,0.0,0.0,4.343418604651159,2025-09-18 04:59:00,43.0,-1.0,0.046511627906976744,-1.0465116279069768,GRXEUR,2.0,p
1106,1107,1,False,23881.199,23673.266,23952.688,0.0,0.0,2.9086013232806085,2025-10-01 04:59:00,71.48899999999776,-1.0,0.027976332023109327,-1.0279763320231092,GRXEUR,2.0,p
1415,1416,1,False,3870.655,3839.498,3895.145,0.0,1.0,1.2722335647203116,2025-10-01 16:59:00,2448.999999999978,-1.0,0.01429154757043704,-1.014291547570437,XAUUSD,35.0,u
1416,1417,1,True,3863.995,3895.145,3852.635,1.0,0.0,2.7420774647888195,2025-10-02 04:59:00,1135.9999999999673,2.7420774647888195,0.030809859154930466,2.711267605633889,XAUUSD,35.0,u
1426,1427,1,True,4038.725,4059.098,4001.025,0.0,0.0,0.5403978779840888,2025-10-09 04:59:00,3769.999999999982,-1.0,0.00928381962864726,-1.0092838196286473,XAUUSD,35.0,u
1120,1121,1,True,24630.555,24773.299,24571.655,0.0,0.0,2.4234974533106155,2025-10-10 04:57:00,58.900000000001455,-1.0,0.03395585738539814,-1.0339558573853982,GRXEUR,2.0,p
1429,1430,1,False,3983.195,3943.788,4022.748,0.0,0.0,0.9963087502844353,2025-10-10 16:59:00,3955.2999999999884,-1.0,0.00884888630445228,-1.0088488863044522,XAUUSD,35.0,u
1124,1125,1,False,24316.699,24255.899,24482.055,1.0,1.0,0.367691526161732,2025-10-14 04:59:00,165.35599999999977,0.367691526161732,0.012095115992162382,0.3555964101695696,GRXEUR,2.0,p
1442,1443,1,False,4341.725,4221.005,4381.298,1.0,1.0,3.0505647790160477,2025-10-21 04:59:00,3957.299999999941,3.0505647790160477,0.00884441412073902,3.041720364895309,XAUUSD,35.0,u
1444,1445,1,True,4127.865,4344.085,4003.298,0.0,0.0,1.7357727166906183,2025-10-22 04:59:00,12456.7,-1.0,0.0028097329148169255,-1.002809732914817,XAUUSD,35.0,u
1445,1446,1,False,4059.005,4003.298,4161.165,1.0,1.0,0.5452916992952273,2025-10-22 16:59:00,10215.999999999985,0.5452916992952273,0.0034259984338292923,0.541865700861398,XAUUSD,35.0,u
1449,1450,1,True,4129.135,4144.145,4043.618,0.0,0.0,0.17552065671153302,2025-10-24 16:59:00,8551.700000000028,-1.0,0.004092753487610637,-1.0040927534876107,XAUUSD,35.0,u
1454,1455,1,False,3962.305,3886.199,3982.075,0.0,,3.84957005563985,2025-10-29 04:59:00,1976.9999999999982,-1.0,0.017703591299949435,-1.0177035912999495,XAUUSD,35.0,u
1146,1147,1,True,24202.199,24344.299,24158.088,0.0,0.0,3.2214186937497677,2025-10-29 04:59:00,44.111000000000786,-1.0,0.04534016458479664,-1.0453401645847966,GRXEUR,2.0,p
1460,1461,1,True,4013.615,4036.035,3962.325,0.0,,0.43712224605186367,2025-11-03 05:59:00,5128.999999999996,-1.0,0.006823942288945218,-1.0068239422889451,XAUUSD,35.0,u
1461,1462,1,False,4005.849,3962.325,4030.385,1.0,0.0,1.7738832735572319,2025-11-03 17:59:00,2453.600000000006,1.7738832735572319,0.014264753831105282,1.7596185197261265,XAUUSD,35.0,u
1156,1157,1,True,23799.199,23975.899,23579.077,1.0,1.0,0.8027366642134871,2025-11-05 05:59:00,220.1219999999994,0.8027366642134871,0.00908587056268799,0.7936507936507992,GRXEUR,2.0,p
1158,1159,1,False,24050.099,23728.288,24120.799,1.0,1.0,4.551782178217745,2025-11-06 05:59:00,70.70000000000073,4.551782178217745,0.028288543140028,4.523493635077717,GRXEUR,2.0,p
1467,1468,1,False,3985.945,3964.355,4019.275,0.0,0.0,0.6477647764776535,2025-11-06 17:59:00,3332.9999999999927,-1.0,0.010501050105010524,-1.0105010501050105,XAUUSD,35.0,u
1160,1161,1,True,23754.599,24104.188,23650.588,0.0,0.0,3.361077193758397,2025-11-07 05:59:00,104.0109999999986,-1.0,0.019228735422215218,-1.0192287354222151,GRXEUR,2.0,p
1164,1165,1,False,24030.599,23851.399,24106.699,0.0,0.0,2.3547963206306433,2025-11-11 05:59:00,76.10000000000218,-1.0,0.026281208935610284,-1.0262812089356104,GRXEUR,2.0,p
1477,1478,1,False,4201.545,4179.625,4244.925,1.0,1.0,0.5053019824804061,2025-11-13 17:59:00,4338.000000000011,0.5053019824804061,0.008068234209313027,0.4972337482710931,XAUUSD,35.0,u
1478,1479,1,True,4189.598,4244.925,4144.965,0.0,0.0,1.2395985033495498,2025-11-14 05:59:00,4463.299999999981,-1.0,0.007841731454305143,-1.0078417314543051,XAUUSD,35.0,u
1170,1171,1,True,24092.099,24503.555,23931.188,0.0,0.0,2.557040848667908,2025-11-14 05:59:00,160.91100000000006,-1.0,0.012429231065620121,-1.0124292310656202,GRXEUR,2.0,p
1175,1176,1,True,23252.677,23588.799,23081.777,0.0,0.0,1.9667758923346783,2025-11-18 17:59:00,170.90000000000146,-1.0,0.011702750146284278,-1.0117027501462843,GRXEUR,2.0,p
1176,1177,1,True,23134.077,23358.899,23071.066,1.0,1.0,3.5679801939342672,2025-11-19 05:59:00,63.01100000000224,3.5679801939342672,0.0317404897557558,3.5362397041785116,GRXEUR,2.0,p
1485,1486,1,False,4078.615,4055.248,4132.675,1.0,0.0,0.4322419533851195,2025-11-19 17:59:00,5406.00000000004,0.4322419533851195,0.006474287828338835,0.4257676655567807,XAUUSD,35.0,u
1177,1178,1,False,23208.655,23071.066,23380.399,0.0,0.0,0.8011284237003796,2025-11-19 17:59:00,171.74400000000242,-1.0,0.011645239426122438,-1.0116452394261224,GRXEUR,2.0,p
1181,1182,1,False,23207.655,22897.166,23261.399,0.0,0.0,5.777184429889547,2025-11-21 17:59:00,53.744000000002416,-1.0,0.037213456385827445,-1.0372134563858275,GRXEUR,2.0,p
1493,1494,1,False,4145.935,4087.685,4159.045,0.0,0.0,4.443173150267118,2025-11-25 17:59:00,1310.9999999999673,-1.0,0.026697177726926678,-1.0266971777269267,XAUUSD,35.0,u
1188,1189,1,False,23743.199,23444.288,23762.799,0.0,1.0,15.250561224490932,2025-11-27 05:57:00,19.599999999998545,-1.0,0.10204081632653819,-1.1020408163265383,GRXEUR,2.0,p
1192,1193,1,True,23725.199,23887.299,23679.599,0.0,0.0,3.5548245614033065,2025-12-01 05:59:00,45.60000000000218,-1.0,0.04385964912280492,-1.043859649122805,GRXEUR,2.0,p
1501,1502,1,False,4232.025,4204.348,4264.385,1.0,1.0,0.8552843016068968,2025-12-01 17:59:00,3236.000000000058,0.8552843016068968,0.010815822002471994,0.8444684796044248,XAUUSD,35.0,u
1502,1503,1,True,4224.715,4264.385,4197.895,0.0,0.0,1.4791200596569911,2025-12-02 05:59:00,2681.999999999971,-1.0,0.013049962714392386,-1.0130499627143923,XAUUSD,35.0,u
1505,1506,1,False,4210.795,4182.985,4241.235,1.0,,0.9136005256242039,2025-12-03 17:59:00,3043.99999999996,0.9136005256242039,0.01149802890932998,0.902102496714874,XAUUSD,35.0,u
1507,1508,1,False,4216.405,4175.005,4219.255,0.0,0.0,14.526315789471703,2025-12-04 17:59:00,285.0000000000364,-1.0,0.12280701754384397,-1.122807017543844,XAUUSD,35.0,u
1510,1511,1,True,4217.005,4259.105,4193.385,0.0,0.0,1.7823878069432535,2025-12-08 05:59:00,2361.999999999989,-1.0,0.014817950889077123,-1.0148179508890771,XAUUSD,35.0,u
1518,1519,1,False,4278.608,4203.905,4285.705,0.0,0.0,10.525996900099061,2025-12-12 05:59:00,709.6999999999753,-1.0,0.04931661265323548,-1.0493166126532354,XAUUSD,35.0,u
1523,1524,1,False,4303.415,4271.125,4334.935,0.0,0.0,1.024428934010137,2025-12-16 17:59:00,3152.0000000000437,-1.0,0.01110406091370543,-1.0111040609137054,XAUUSD,35.0,u
1524,1525,1,False,4333.568,4273.585,4342.255,0.0,0.0,6.904915390813961,2025-12-17 05:59:00,868.6999999999898,-1.0,0.04029008863819548,-1.0402900886381954,XAUUSD,35.0,u
1216,1217,1,True,24099.077,24193.777,24000.299,0.0,0.0,0.9587155034521362,2025-12-17 05:59:00,98.77800000000207,-1.0,0.020247423515357247,-1.0202474235153574,GRXEUR,2.0,p
1535,1536,1,True,4480.249,4525.765,4447.895,1.0,1.0,1.4068121406936216,2025-12-24 17:59:00,3235.399999999936,1.4068121406936216,0.010817827780181954,1.3959943129134396,XAUUSD,35.0,u
1537,1538,1,False,4518.795,4482.655,4549.715,1.0,1.0,1.168822768434678,2025-12-26 17:59:00,3092.0000000000073,1.168822768434678,0.011319534282018085,1.1575032341526599,XAUUSD,35.0,u
1538,1539,1,True,4506.225,4549.715,4471.498,0.0,0.0,1.2523396780602647,2025-12-29 05:59:00,3472.700000000077,-1.0,0.010078613182825819,-1.0100786131828259,XAUUSD,35.0,u
1230,1231,1,False,24371.577,24346.955,24402.588,0.0,0.0,0.793976330979346,2025-12-29 05:59:00,31.010999999998603,-1.0,0.06449324433265906,-1.0644932443326591,GRXEUR,2.0,p
1541,1542,1,False,4369.885,4322.545,4403.998,1.0,1.0,1.387740743997919,2025-12-30 17:59:00,3411.2999999999374,1.387740743997919,0.010260018174889527,1.3774807258230295,XAUUSD,35.0,u
