dia,ses,lado,entrada,stop,riesgo,edad,ts,R,motivo,ins
2023-01-03,NY,1,1838.735,1827.515,11.2199999999998,1,2023-01-03 18:59:00,2.0,TP,XAUUSD
2023-01-04,NY,1,1853.798,1846.928,6.869999999999891,1,2023-01-04 21:59:00,-1.0,SL,XAUUSD
2023-01-05,Londres,1,1848.915,1843.715,5.2000000000000455,2,2023-01-05 10:59:00,-1.0,SL,XAUUSD
2023-01-06,Asia,1,1838.125,1830.022,8.103000000000065,6,2023-01-06 02:59:00,2.0,TP,XAUUSD
2023-01-09,Londres,-1,1871.485,1880.915,9.430000000000064,1,2023-01-09 10:59:00,-1.0,SL,XAUUSD
2023-01-10,Asia,1,1872.695,1867.735,4.960000000000036,1,2023-01-10 02:59:00,2.0,TP,XAUUSD
2023-01-11,Asia,-1,1874.905,1878.335,3.4300000000000637,2,2023-01-11 02:59:00,-1.0,SL,XAUUSD
2023-01-12,Asia,1,1883.585,1874.338,9.247000000000071,2,2023-01-12 02:59:00,-1.0,SL,XAUUSD
2023-01-16,Asia,-1,1915.745,1928.895,13.150000000000091,1,2023-01-16 06:59:00,0.5490494296577757,tiempo,XAUUSD
2023-01-17,Asia,-1,1910.588,1918.935,8.34699999999998,1,2023-01-17 02:59:00,-1.0,SL,XAUUSD
2023-01-18,Asia,1,1903.995,1900.445,3.5499999999999545,1,2023-01-18 02:59:00,-1.0,SL,XAUUSD
2023-01-19,Asia,1,1907.007,1900.845,6.162000000000035,1,2023-01-19 02:59:00,2.0,TP,XAUUSD
2023-01-20,Londres,-1,1929.915,1937.445,7.529999999999973,1,2023-01-20 10:59:00,0.4820717131473964,tiempo,XAUUSD
2023-01-23,Asia,1,1931.688,1923.598,8.090000000000146,2,2023-01-23 02:59:00,-1.0,SL,XAUUSD
2023-01-24,Asia,-1,1934.615,1936.995,2.3799999999998818,3,2023-01-24 02:59:00,-1.0,SL,XAUUSD
2023-01-25,Asia,-1,1935.155,1939.538,4.383000000000038,1,2023-01-25 02:59:00,2.0,TP,XAUUSD
2023-01-26,Asia,-1,1945.145,1949.095,3.9500000000000455,1,2023-01-26 02:59:00,2.0,TP,XAUUSD
2023-01-27,Asia,-1,1925.665,1934.735,9.069999999999936,5,2023-01-27 02:59:00,-1.0,SL,XAUUSD
2023-01-30,Asia,1,1926.275,1924.655,1.6200000000001182,9,2023-01-30 02:59:00,-1.0,SL,XAUUSD
2023-01-31,Asia,1,1925.425,1920.958,4.466999999999871,3,2023-01-31 02:59:00,-1.0,SL,XAUUSD
2023-02-01,Asia,-1,1925.158,1928.675,3.5170000000000528,3,2023-02-01 02:59:00,-1.0,SL,XAUUSD
2023-02-02,Asia,-1,1952.185,1957.148,4.962999999999965,1,2023-02-02 02:59:00,-1.0,SL,XAUUSD
2023-02-03,Asia,1,1916.335,1911.288,5.0470000000000255,9,2023-02-03 02:59:00,-1.0,SL,XAUUSD
2023-02-06,Asia,1,1873.425,1859.637,13.788000000000011,1,2023-02-06 02:59:00,0.41412822744415667,tiempo,XAUUSD
2023-02-07,Asia,1,1874.335,1866.587,7.748000000000047,2,2023-02-07 02:59:00,-1.0,SL,XAUUSD
2023-02-08,Asia,-1,1876.815,1878.305,1.490000000000009,2,2023-02-08 02:59:00,-1.0,SL,XAUUSD
2023-02-09,Asia,1,1879.135,1871.898,7.23700000000008,2,2023-02-09 02:59:00,-1.0,SL,XAUUSD
2023-02-10,Asia,1,1859.305,1852.578,6.727000000000089,1,2023-02-10 06:59:00,0.5173182696595766,tiempo,XAUUSD
2023-02-13,Asia,1,1861.455,1858.035,3.4199999999998454,4,2023-02-13 02:59:00,-1.0,SL,XAUUSD
2023-02-14,Asia,1,1857.495,1852.887,4.607999999999947,2,2023-02-14 02:59:00,-1.0,SL,XAUUSD
2023-02-15,Asia,1,1843.475,1841.985,1.490000000000009,1,2023-02-15 06:59:00,-1.0,SL,XAUUSD
2023-02-16,Asia,1,1842.145,1834.395,7.75,3,2023-02-16 02:59:00,-1.0,SL,XAUUSD
2023-02-17,Asia,1,1829.418,1825.865,3.5529999999998836,1,2023-02-17 02:59:00,-1.0,SL,XAUUSD
2023-02-20,Asia,-1,1842.225,1843.085,0.8600000000001273,6,2023-02-20 02:59:00,-1.0,SL,XAUUSD
2023-02-21,Asia,1,1841.325,1839.885,1.4400000000000546,1,2023-02-21 02:59:00,-1.0,SL,XAUUSD
2023-02-22,Asia,-1,1835.865,1838.345,2.480000000000018,9,2023-02-22 02:59:00,-1.0,SL,XAUUSD
2023-02-23,Asia,1,1829.585,1823.035,6.5499999999999545,1,2023-02-23 02:59:00,-1.0,SL,XAUUSD
2023-02-24,Asia,1,1824.825,1822.905,1.9200000000000728,2,2023-02-24 02:59:00,-1.0,SL,XAUUSD
2023-02-27,Londres,1,1810.515,1807.055,3.4600000000000364,2,2023-02-27 10:59:00,2.0,TP,XAUUSD
2023-02-28,Asia,1,1817.688,1815.2450000000001,2.4429999999999836,7,2023-02-28 02:59:00,-1.0,SL,XAUUSD
2023-03-01,Asia,-1,1827.635,1829.435,1.7999999999999545,9,2023-03-01 02:59:00,-1.0,SL,XAUUSD
2023-03-02,Asia,1,1834.415,1830.935,3.480000000000018,1,2023-03-02 02:59:00,-1.0,SL,XAUUSD
2023-03-03,Asia,-1,1838.545,1841.445,2.8999999999998636,1,2023-03-03 02:59:00,-1.0,SL,XAUUSD
2023-03-06,Asia,-1,1853.358,1856.385,3.0270000000000437,1,2023-03-06 06:59:00,-1.0,SL,XAUUSD
2023-03-07,Asia,1,1849.045,1844.035,5.009999999999991,1,2023-03-07 02:59:00,-1.0,SL,XAUUSD
2023-03-08,Asia,1,1813.855,1809.238,4.616999999999962,1,2023-03-08 06:59:00,2.0,TP,XAUUSD
2023-03-09,Asia,1,1813.005,1811.795,1.2100000000000364,1,2023-03-09 02:59:00,2.0,TP,XAUUSD
2023-03-10,Londres,-1,1832.665,1837.2549999999999,4.589999999999918,1,2023-03-10 10:59:00,-1.0,SL,XAUUSD
2023-03-13,Asia,1,1882.505,1872.048,10.457000000000107,1,2023-03-13 02:59:00,-1.0,SL,XAUUSD
2023-03-14,Asia,-1,1902.845,1913.994,11.148999999999887,1,2023-03-14 02:59:00,-1.0,SL,XAUUSD
2023-03-15,Asia,1,1902.725,1899.785,2.939999999999827,1,2023-03-15 02:59:00,-1.0,SL,XAUUSD
2023-03-16,Asia,-1,1913.135,1924.295,11.160000000000082,5,2023-03-16 02:59:00,-1.0,SL,XAUUSD
2023-03-17,Asia,-1,1930.265,1934.275,4.009999999999991,1,2023-03-17 06:59:00,-1.0,SL,XAUUSD
2023-03-20,Asia,1,2003.415,1972.914,30.500999999999976,1,2023-03-20 06:59:00,-1.0,SL,XAUUSD
2023-03-21,Asia,-1,1983.755,1985.035,1.2799999999999727,1,2023-03-21 02:59:00,2.0,TP,XAUUSD
2023-03-22,Asia,1,1939.735,1934.165,5.569999999999936,1,2023-03-22 06:59:00,2.0,TP,XAUUSD
2023-03-23,Asia,1,1976.745,1966.235,10.509999999999991,6,2023-03-23 02:59:00,2.0,TP,XAUUSD
2023-03-24,Londres,1,1995.695,1981.125,14.569999999999936,1,2023-03-24 10:59:00,-1.0,SL,XAUUSD
2023-03-27,Asia,1,1974.345,1969.094,5.250999999999976,5,2023-03-27 01:59:00,-1.0,SL,XAUUSD
2023-03-28,Londres,-1,1953.705,1959.435,5.730000000000018,2,2023-03-28 09:59:00,-1.0,SL,XAUUSD
2023-03-29,Asia,-1,1969.025,1974.234,5.208999999999833,5,2023-03-29 01:59:00,2.0,TP,XAUUSD
2023-03-30,Asia,1,1958.998,1955.194,3.8040000000000873,2,2023-03-30 01:59:00,2.0,TP,XAUUSD
2023-03-31,Asia,-1,1982.285,1983.555,1.2699999999999818,1,2023-03-31 01:59:00,2.0,TP,XAUUSD
2023-04-03,Asia,-1,1960.235,1972.308,12.073000000000093,5,2023-04-03 01:59:00,-1.0,SL,XAUUSD
2023-04-04,Asia,-1,1978.124,1985.385,7.260999999999967,5,2023-04-04 01:59:00,-1.0,SL,XAUUSD
2023-04-05,Asia,-1,2024.148,2025.245,1.09699999999998,1,2023-04-05 05:59:00,-1.0,SL,XAUUSD
2023-04-06,Asia,1,2015.554,2007.905,7.649000000000115,1,2023-04-06 05:59:00,-1.0,SL,XAUUSD
2023-04-10,NY,1,1988.875,1987.065,1.8099999999999454,2,2023-04-10 17:59:00,2.0,TP,XAUUSD
2023-04-11,Asia,-1,1991.105,1995.308,4.2029999999999745,1,2023-04-11 01:59:00,-1.0,SL,XAUUSD
2023-04-12,Asia,1,2014.615,2002.825,11.789999999999964,8,2023-04-12 01:59:00,2.0,TP,XAUUSD
2023-04-13,Asia,-1,2017.825,2019.715,1.8899999999998727,2,2023-04-13 01:59:00,-1.0,SL,XAUUSD
2023-04-14,Londres,-1,2024.575,2042.105,17.529999999999973,3,2023-04-14 12:59:00,1.3736451796919675,tiempo,XAUUSD
2023-04-17,Asia,1,2003.105,1995.285,7.819999999999936,7,2023-04-17 01:59:00,-1.0,SL,XAUUSD
2023-04-18,Asia,1,1997.615,1993.188,4.426999999999907,3,2023-04-18 01:59:00,-1.0,SL,XAUUSD
2023-04-19,Asia,-1,2003.298,2008.055,4.757000000000062,2,2023-04-19 01:59:00,2.0,TP,XAUUSD
2023-04-20,Asia,-1,1995.665,1998.655,2.990000000000009,1,2023-04-20 01:59:00,-1.0,SL,XAUUSD
2023-04-21,Asia,-1,2001.995,2005.5049999999999,3.509999999999991,2,2023-04-21 01:59:00,2.0,TP,XAUUSD
2023-04-24,Asia,1,1979.305,1978.975,0.3300000000001546,7,2023-04-24 01:59:00,-1.0,SL,XAUUSD
2023-04-25,Asia,-1,1997.085,2000.875,3.7899999999999636,5,2023-04-25 01:59:00,2.0,TP,XAUUSD
2023-04-26,Asia,-1,1998.938,2002.375,3.436999999999898,1,2023-04-26 01:59:00,2.0,TP,XAUUSD
2023-04-27,Asia,1,1992.575,1989.4180000000001,3.1569999999999254,2,2023-04-27 01:59:00,2.0,TP,XAUUSD
2023-04-28,Asia,-1,1990.415,1991.475,1.0599999999999454,1,2023-04-28 01:59:00,2.0,TP,XAUUSD
2023-05-01,Asia,-1,1981.745,1989.074,7.329000000000178,2,2023-05-01 01:59:00,-1.0,SL,XAUUSD
2023-05-02,Londres,-1,1984.065,1986.285,2.2200000000000273,1,2023-05-02 09:59:00,-1.0,SL,XAUUSD
2023-05-03,Asia,-1,2014.785,2019.475,4.689999999999827,1,2023-05-03 05:59:00,-1.0,SL,XAUUSD
2023-05-04,Londres,-1,2037.755,2043.364,5.608999999999924,2,2023-05-04 09:59:00,-1.0,SL,XAUUSD
2023-05-05,Londres,-1,2037.775,2048.235,10.460000000000036,3,2023-05-05 09:59:00,2.0,TP,XAUUSD
2023-05-08,NY,-1,2023.705,2029.234,5.528999999999996,1,2023-05-08 17:59:00,-1.0,SL,XAUUSD
2023-05-09,Asia,1,2022.715,2019.334,3.380999999999858,2,2023-05-09 01:59:00,2.0,TP,XAUUSD
2023-05-10,Asia,-1,2032.744,2038.154,5.410000000000082,1,2023-05-10 01:59:00,-1.0,SL,XAUUSD
2023-05-11,Asia,-1,2032.165,2034.095,1.9300000000000637,2,2023-05-11 05:59:00,2.0,TP,XAUUSD
2023-05-12,Londres,1,2014.054,2002.455,11.59900000000016,1,2023-05-12 12:59:00,-0.09052504526253706,tiempo,XAUUSD
2023-05-15,Asia,1,2017.475,2008.585,8.889999999999873,4,2023-05-15 01:59:00,-1.0,SL,XAUUSD
2023-05-16,Asia,1,2017.604,2013.634,3.9700000000000273,1,2023-05-16 01:59:00,-1.0,SL,XAUUSD
2023-05-17,Londres,1,1987.324,1983.624,3.7000000000000455,2,2023-05-17 11:59:00,-1.0,SL,XAUUSD
2023-05-18,Asia,1,1985.054,1981.885,3.1690000000000964,2,2023-05-18 01:59:00,-1.0,SL,XAUUSD
2023-05-19,Asia,1,1957.105,1953.895,3.2100000000000364,1,2023-05-19 01:59:00,2.0,TP,XAUUSD
2023-05-22,Asia,-1,1980.215,1982.235,2.019999999999982,5,2023-05-22 01:59:00,2.0,TP,XAUUSD
2023-05-23,Asia,-1,1960.305,1971.695,11.389999999999873,5,2023-05-23 01:59:00,-1.0,SL,XAUUSD
2023-05-24,Asia,-1,1973.835,1976.968,3.133000000000038,10,2023-05-24 01:59:00,-1.0,SL,XAUUSD
2023-05-25,Londres,1,1960.945,1954.825,6.119999999999891,2,2023-05-25 09:59:00,-1.0,SL,XAUUSD
2023-05-26,Asia,1,1946.715,1936.645,10.069999999999936,1,2023-05-26 01:59:00,-0.35849056603772816,tiempo,XAUUSD
2023-05-29,Asia,1,1946.895,1942.525,4.369999999999891,2,2023-05-29 05:59:00,-1.0,SL,XAUUSD
2023-05-30,Asia,1,1944.905,1940.935,3.9700000000000273,1,2023-05-30 01:59:00,-1.0,SL,XAUUSD
2023-05-31,Asia,-1,1954.755,1960.355,5.599999999999909,8,2023-05-31 01:59:00,-1.0,SL,XAUUSD
2023-06-01,Asia,-1,1962.665,1966.075,3.410000000000082,2,2023-06-01 05:59:00,2.0,TP,XAUUSD
2023-06-02,Asia,-1,1980.475,1983.325,2.8500000000001364,1,2023-06-02 05:59:00,2.0,TP,XAUUSD
2023-06-05,Londres,1,1944.695,1938.355,6.339999999999918,1,2023-06-05 09:59:00,-1.0,SL,XAUUSD
2023-06-06,Asia,-1,1960.405,1963.025,2.6200000000001182,1,2023-06-06 01:59:00,-1.0,SL,XAUUSD
2023-06-07,Asia,-1,1964.795,1966.698,1.90300000000002,1,2023-06-07 01:59:00,2.0,TP,XAUUSD
2023-06-08,Asia,1,1945.815,1939.534,6.280999999999949,1,2023-06-08 01:59:00,2.0,TP,XAUUSD
2023-06-09,Asia,-1,1964.375,1966.295,1.9200000000000728,7,2023-06-09 01:59:00,2.0,TP,XAUUSD
2023-06-12,Asia,1,1959.025,1954.175,4.850000000000136,1,2023-06-12 05:59:00,-1.0,SL,XAUUSD
2023-06-13,Asia,1,1956.865,1956.025,0.8399999999999181,4,2023-06-13 01:59:00,-1.0,SL,XAUUSD
2023-06-14,Londres,1,1951.235,1945.115,6.119999999999891,5,2023-06-14 09:59:00,-1.0,SL,XAUUSD
2023-06-15,Londres,1,1935.715,1928.825,6.889999999999873,1,2023-06-15 09:59:00,-1.0,SL,XAUUSD
2023-06-16,Asia,-1,1959.225,1961.945,2.7200000000000273,1,2023-06-16 01:59:00,-1.0,SL,XAUUSD
2023-06-19,Asia,1,1954.555,1953.834,0.7210000000000036,3,2023-06-19 05:59:00,-1.0,SL,XAUUSD
2023-06-20,Asia,-1,1946.895,1953.948,7.053000000000111,1,2023-06-20 01:59:00,-1.0,SL,XAUUSD
2023-06-21,NY,1,1933.205,1924.135,9.069999999999936,1,2023-06-21 16:59:00,-1.0,SL,XAUUSD
2023-06-22,Londres,1,1928.558,1924.754,3.8040000000000873,1,2023-06-22 09:59:00,-1.0,SL,XAUUSD
2023-06-23,Asia,1,1915.145,1910.055,5.089999999999918,1,2023-06-23 05:59:00,2.0,TP,XAUUSD
2023-06-26,Asia,-1,1925.355,1928.495,3.1399999999998727,4,2023-06-26 01:59:00,-1.0,SL,XAUUSD
2023-06-27,Asia,1,1929.058,1921.605,7.4529999999999745,1,2023-06-27 01:59:00,-1.0,SL,XAUUSD
2023-06-28,NY,1,1911.615,1906.035,5.579999999999927,3,2023-06-28 17:59:00,-1.0,SL,XAUUSD
2023-06-29,Londres,1,1905.065,1902.445,2.6200000000001182,1,2023-06-29 09:59:00,2.0,TP,XAUUSD
2023-06-30,Londres,1,1905.095,1900.455,4.6400000000001,3,2023-06-30 09:59:00,2.0,TP,XAUUSD
2023-07-03,Asia,-1,1916.745,1920.448,3.703000000000202,9,2023-07-03 05:59:00,-1.0,SL,XAUUSD
2023-07-04,Londres,-1,1929.588,1930.565,0.9770000000000891,2,2023-07-04 09:59:00,2.0,TP,XAUUSD
2023-07-05,Asia,1,1924.095,1923.865,0.2300000000000182,1,2023-07-05 01:59:00,-1.0,SL,XAUUSD
2023-07-06,Asia,1,1920.025,1916.838,3.1870000000001255,6,2023-07-06 05:59:00,-1.0,SL,XAUUSD
2023-07-07,Asia,1,1914.215,1909.785,4.429999999999836,10,2023-07-07 05:59:00,2.0,TP,XAUUSD
2023-07-10,Asia,-1,1924.875,1926.845,1.9700000000000273,5,2023-07-10 01:59:00,2.0,TP,XAUUSD
2023-07-11,Asia,-1,1925.445,1927.7549999999999,2.3099999999999454,1,2023-07-11 01:59:00,-1.0,SL,XAUUSD
2023-07-12,Asia,-1,1937.388,1939.0049999999999,1.6169999999999618,2,2023-07-12 01:59:00,-1.0,SL,XAUUSD
2023-07-13,Asia,-1,1955.335,1962.215,6.879999999999882,1,2023-07-13 05:59:00,-1.0,SL,XAUUSD
2023-07-14,Asia,-1,1958.775,1963.595,4.819999999999936,1,2023-07-14 05:59:00,1.020124481327844,tiempo,XAUUSD
2023-07-17,Asia,1,1953.858,1950.825,3.0329999999999018,1,2023-07-17 05:59:00,-1.0,SL,XAUUSD
2023-07-18,Asia,-1,1957.095,1959.475,2.3799999999998818,2,2023-07-18 01:59:00,-1.0,SL,XAUUSD
2023-07-19,Londres,-1,1977.075,1980.785,3.7100000000000364,1,2023-07-19 09:59:00,-1.0,SL,XAUUSD
2023-07-20,Asia,-1,1980.685,1987.395,6.710000000000036,2,2023-07-20 05:59:00,2.0,TP,XAUUSD
2023-07-21,Asia,1,1972.248,1969.205,3.04300000000012,5,2023-07-21 01:59:00,-1.0,SL,XAUUSD
2023-07-24,Asia,1,1961.385,1959.005,2.3799999999998818,2,2023-07-24 01:59:00,-1.0,SL,XAUUSD
2023-07-25,Asia,1,1962.495,1953.795,8.699999999999818,1,2023-07-25 01:59:00,-1.0,SL,XAUUSD
2023-07-26,Asia,-1,1963.725,1966.135,2.410000000000082,1,2023-07-26 01:59:00,-1.0,SL,XAUUSD
2023-07-27,Asia,-1,1975.605,1982.095,6.490000000000009,1,2023-07-27 05:59:00,2.0,TP,XAUUSD
2023-07-28,Asia,1,1952.645,1948.405,4.240000000000009,7,2023-07-28 05:59:00,-1.0,SL,XAUUSD
2023-07-31,Asia,-1,1956.615,1960.465,3.849999999999909,2,2023-07-31 01:59:00,-1.0,SL,XAUUSD
2023-08-01,Asia,-1,1960.875,1965.895,5.019999999999982,2,2023-08-01 01:59:00,2.0,TP,XAUUSD
2023-08-02,Asia,1,1948.855,1945.155,3.7000000000000455,8,2023-08-02 05:59:00,-1.0,SL,XAUUSD
2023-08-03,Asia,1,1935.065,1932.775,2.2899999999999636,1,2023-08-03 05:59:00,-1.0,SL,XAUUSD
2023-08-04,Londres,1,1933.388,1932.025,1.362999999999829,1,2023-08-04 09:59:00,-1.0,SL,XAUUSD
2023-08-07,Asia,1,1942.315,1941.095,1.2200000000000273,10,2023-08-07 01:59:00,-1.0,SL,XAUUSD
2023-08-08,Asia,-1,1931.515,1937.955,6.439999999999827,5,2023-08-08 01:59:00,2.0,TP,XAUUSD
2023-08-09,Asia,1,1927.555,1924.125,3.4300000000000637,7,2023-08-09 01:59:00,-1.0,SL,XAUUSD
2023-08-10,Londres,-1,1922.695,1930.0049999999999,7.309999999999945,2,2023-08-10 13:59:00,1.274555403556782,tiempo,XAUUSD
2023-08-11,Asia,1,1915.458,1910.684,4.774000000000115,1,2023-08-11 01:59:00,-1.0,SL,XAUUSD
2023-08-14,Asia,1,1911.475,1909.934,1.54099999999994,3,2023-08-14 01:59:00,2.0,TP,XAUUSD
2023-08-15,Londres,1,1904.335,1902.808,1.5270000000000437,1,2023-08-15 09:59:00,-1.0,SL,XAUUSD
2023-08-16,Asia,1,1902.715,1900.075,2.6399999999998727,2,2023-08-16 01:59:00,-1.0,SL,XAUUSD
2023-08-17,Asia,1,1892.585,1889.535,3.0499999999999545,1,2023-08-17 01:59:00,2.0,TP,XAUUSD
2023-08-18,Asia,1,1893.505,1888.628,4.87700000000018,2,2023-08-18 01:59:00,-1.0,SL,XAUUSD
2023-08-21,Asia,1,1885.385,1884.885,0.5,4,2023-08-21 01:59:00,-1.0,SL,XAUUSD
2023-08-22,Asia,-1,1895.015,1897.205,2.189999999999827,4,2023-08-22 01:59:00,-1.0,SL,XAUUSD
2023-08-23,Asia,-1,1902.495,1903.905,1.4100000000000819,1,2023-08-23 05:59:00,-1.0,SL,XAUUSD
2023-08-24,Londres,-1,1919.505,1922.815,3.3099999999999454,1,2023-08-24 09:59:00,2.0,TP,XAUUSD
2023-08-25,Asia,1,1916.848,1914.565,2.2829999999999018,2,2023-08-25 01:59:00,-1.0,SL,XAUUSD
2023-08-28,Asia,1,1915.435,1914.155,1.2799999999999727,6,2023-08-28 01:59:00,-1.0,SL,XAUUSD
2023-08-29,Asia,-1,1921.995,1922.975,0.9800000000000182,4,2023-08-29 01:59:00,-1.0,SL,XAUUSD
2023-08-30,Londres,1,1937.914,1934.828,3.0860000000000127,1,2023-08-30 09:59:00,2.0,TP,XAUUSD
2023-08-31,Londres,-1,1943.655,1947.835,4.180000000000064,1,2023-08-31 13:59:00,-1.0,SL,XAUUSD
2023-09-01,Asia,1,1942.515,1938.615,3.900000000000091,1,2023-09-01 01:59:00,-1.0,SL,XAUUSD
2023-09-04,Asia,1,1942.965,1939.264,3.701000000000022,6,2023-09-04 01:59:00,-1.0,SL,XAUUSD
2023-09-05,Asia,1,1936.965,1935.035,1.9299999999998363,1,2023-09-05 05:59:00,-1.0,SL,XAUUSD
2023-09-06,Asia,1,1928.165,1924.285,3.8799999999998818,1,2023-09-06 05:59:00,-1.0,SL,XAUUSD
2023-09-07,Londres,-1,1919.975,1923.5049999999999,3.5299999999999727,1,2023-09-07 13:59:00,-1.0,SL,XAUUSD
2023-09-08,Asia,1,1925.795,1918.998,6.7970000000000255,5,2023-09-08 01:59:00,-1.0,SL,XAUUSD
2023-09-11,Asia,1,1922.305,1916.574,5.7309999999999945,1,2023-09-11 01:59:00,-1.0,SL,XAUUSD
2023-09-12,Asia,1,1921.825,1920.235,1.5900000000001455,1,2023-09-12 01:59:00,-1.0,SL,XAUUSD
2023-09-13,Asia,1,1911.335,1910.645,0.6900000000000546,2,2023-09-13 01:59:00,-1.0,SL,XAUUSD
2023-09-14,Asia,1,1910.985,1907.415,3.5699999999999363,2,2023-09-14 01:59:00,-1.0,SL,XAUUSD
2023-09-15,Asia,1,1915.285,1909.715,5.570000000000164,8,2023-09-15 01:59:00,2.0,TP,XAUUSD
2023-09-18,Asia,-1,1929.785,1930.585,0.7999999999999545,1,2023-09-18 05:59:00,2.0,TP,XAUUSD
2023-09-19,Asia,-1,1932.915,1934.515,1.6000000000001364,1,2023-09-19 01:59:00,2.0,TP,XAUUSD
2023-09-20,Asia,1,1929.935,1928.385,1.5499999999999545,1,2023-09-20 01:59:00,-1.0,SL,XAUUSD
2023-09-21,Asia,-1,1926.745,1931.445,4.7000000000000455,8,2023-09-21 01:59:00,2.0,TP,XAUUSD
2023-09-22,Asia,1,1923.925,1919.025,4.899999999999864,2,2023-09-22 01:59:00,-0.05918367346938198,tiempo,XAUUSD
2023-09-25,Asia,-1,1923.635,1926.334,2.699000000000069,3,2023-09-25 01:59:00,-1.0,SL,XAUUSD
2023-09-28,Londres,-1,1875.768,1878.155,2.3869999999999436,1,2023-09-28 09:59:00,-1.0,SL,XAUUSD
2023-09-29,Londres,1,1873.475,1866.235,7.240000000000009,5,2023-09-29 09:59:00,-1.0,SL,XAUUSD
2023-10-02,NY,1,1831.778,1827.055,4.722999999999956,1,2023-10-02 17:59:00,-1.0,SL,XAUUSD
2023-10-03,Londres,-1,1828.815,1831.2549999999999,2.439999999999827,1,2023-10-03 13:59:00,2.0,TP,XAUUSD
2023-10-04,Londres,1,1822.055,1816.625,5.430000000000064,1,2023-10-04 09:59:00,-1.0,SL,XAUUSD
2023-10-05,Asia,1,1827.975,1820.365,7.6099999999999,7,2023-10-05 01:59:00,-1.0,SL,XAUUSD
2023-10-06,Asia,1,1822.715,1819.585,3.1299999999998818,3,2023-10-06 01:59:00,-1.0,SL,XAUUSD
2023-10-09,NY,1,1854.405,1844.874,9.530999999999949,1,2023-10-09 17:59:00,2.0,TP,XAUUSD
2023-10-10,Asia,-1,1860.705,1864.565,3.8600000000001273,1,2023-10-10 05:59:00,2.0,TP,XAUUSD
2023-10-11,Asia,-1,1861.575,1862.035,0.4600000000000364,2,2023-10-11 01:59:00,2.0,TP,XAUUSD
2023-10-12,Londres,-1,1873.755,1884.895,11.139999999999873,1,2023-10-12 13:59:00,-1.0,SL,XAUUSD
2023-10-13,Asia,1,1877.015,1871.555,5.460000000000036,3,2023-10-13 05:59:00,2.0,TP,XAUUSD
2023-10-16,Londres,1,1916.085,1908.075,8.009999999999991,1,2023-10-16 09:59:00,2.0,TP,XAUUSD
2023-10-17,Asia,1,1915.015,1913.225,1.790000000000191,1,2023-10-17 01:59:00,-1.0,SL,XAUUSD
2023-10-18,NY,-1,1947.318,1954.085,6.767000000000053,1,2023-10-18 20:59:00,-1.0,SL,XAUUSD
2023-10-19,Asia,-1,1946.825,1950.585,3.759999999999991,2,2023-10-19 05:59:00,-1.0,SL,XAUUSD
2023-10-20,Asia,-1,1977.525,1981.838,4.3129999999998745,1,2023-10-20 05:59:00,-1.0,SL,XAUUSD
2023-10-23,Asia,-1,1966.565,1978.545,11.980000000000018,4,2023-10-23 01:59:00,-1.0,SL,XAUUSD
2023-10-24,Asia,1,1976.485,1971.275,5.209999999999809,2,2023-10-24 01:59:00,-1.0,SL,XAUUSD
2023-10-25,Asia,1,1975.865,1969.835,6.029999999999973,3,2023-10-25 01:59:00,-1.0,SL,XAUUSD
2023-10-26,Asia,-1,1985.695,1989.5049999999999,3.8099999999999454,1,2023-10-26 05:59:00,-1.0,SL,XAUUSD
2023-10-27,Asia,-1,1988.865,1989.845,0.9800000000000182,1,2023-10-27 05:59:00,2.0,TP,XAUUSD
2023-10-30,Asia,-1,2001.935,2006.695,4.759999999999991,1,2023-10-30 02:59:00,2.0,TP,XAUUSD
2023-10-31,Asia,1,1992.055,1991.575,0.4800000000000182,1,2023-10-31 02:59:00,-1.0,SL,XAUUSD
2023-11-01,Asia,1,1977.005,1975.048,1.9570000000001073,8,2023-11-01 06:59:00,2.0,TP,XAUUSD
2023-11-02,Londres,-1,1988.365,1990.345,1.9800000000000182,3,2023-11-02 10:59:00,-1.0,SL,XAUUSD
2023-11-03,Asia,-1,1985.745,1987.785,2.040000000000191,1,2023-11-03 02:59:00,-1.0,SL,XAUUSD
2023-11-06,Asia,-1,1987.015,1992.965,5.949999999999818,3,2023-11-06 02:59:00,2.0,TP,XAUUSD
2023-11-08,Asia,-1,1968.535,1970.965,2.4299999999998363,1,2023-11-08 02:59:00,2.0,TP,XAUUSD
2023-11-09,Londres,1,1958.055,1944.715,13.340000000000146,1,2023-11-09 14:59:00,-1.0,SL,XAUUSD
2023-11-10,Asia,1,1958.235,1956.355,1.8799999999998818,7,2023-11-10 02:59:00,-1.0,SL,XAUUSD
2023-11-13,NY,1,1947.775,1931.505,16.269999999999982,1,2023-11-13 18:59:00,2.0,TP,XAUUSD
2023-11-14,Asia,1,1945.665,1944.305,1.3599999999999,7,2023-11-14 02:59:00,-1.0,SL,XAUUSD
2023-11-15,Londres,-1,1957.385,1975.158,17.77299999999991,1,2023-11-15 14:59:00,-1.0,SL,XAUUSD
2023-11-16,Asia,1,1966.895,1960.325,6.569999999999936,3,2023-11-16 06:59:00,2.0,TP,XAUUSD
2023-11-17,Londres,-1,1980.285,1991.745,11.459999999999809,1,2023-11-17 14:59:00,0.8926701570680793,tiempo,XAUUSD
2023-11-20,Asia,1,1982.755,1973.255,9.5,1,2023-11-20 02:59:00,-1.0,SL,XAUUSD
2023-11-21,Asia,-1,1990.565,1992.645,2.0799999999999272,4,2023-11-21 02:59:00,-1.0,SL,XAUUSD
2023-11-22,Londres,-1,2001.025,2006.328,5.302999999999884,1,2023-11-22 10:59:00,2.0,TP,XAUUSD
2023-11-23,Asia,1,1994.185,1988.405,5.779999999999973,4,2023-11-23 02:59:00,1.0934256055363656,tiempo,XAUUSD
2023-11-24,Asia,-1,1992.145,1994.865,2.7200000000000273,1,2023-11-24 02:59:00,-1.0,SL,XAUUSD
2023-11-27,NY,1,2012.365,2005.598,6.767000000000053,1,2023-11-27 18:59:00,2.0,TP,XAUUSD
2023-11-28,Asia,-1,2015.195,2017.985,2.7899999999999636,1,2023-11-28 02:59:00,-1.0,SL,XAUUSD
2023-11-29,Londres,-1,2037.355,2044.7549999999999,7.399999999999864,2,2023-11-29 10:59:00,-1.0,SL,XAUUSD
2023-11-30,Londres,1,2038.305,2036.648,1.6570000000001528,2,2023-11-30 10:59:00,-1.0,SL,XAUUSD
2023-12-01,Asia,1,2040.135,2036.075,4.059999999999945,4,2023-12-01 02:59:00,2.0,TP,XAUUSD
2023-12-04,Londres,-1,2068.205,2078.7250000000004,10.520000000000437,2,2023-12-04 10:59:00,2.0,TP,XAUUSD
2023-12-05,Asia,1,2034.655,2028.385,6.269999999999982,5,2023-12-05 02:59:00,-1.0,SL,XAUUSD
2023-12-06,Asia,1,2021.125,2017.088,4.037000000000035,4,2023-12-06 02:59:00,2.0,TP,XAUUSD
2023-12-07,Asia,1,2028.925,2025.155,3.769999999999982,6,2023-12-07 02:59:00,-1.0,SL,XAUUSD
2023-12-08,Asia,1,2032.385,2026.7450000000001,5.639999999999873,2,2023-12-08 02:59:00,-1.0,SL,XAUUSD
2023-12-12,Londres,-1,1981.755,1996.635,14.879999999999882,1,2023-12-12 14:59:00,-1.0,SL,XAUUSD
2023-12-13,Londres,1,1983.135,1973.285,9.849999999999909,2,2023-12-13 10:59:00,2.0,TP,XAUUSD
2023-12-14,Londres,-1,2033.945,2040.225,6.279999999999973,1,2023-12-14 10:59:00,-1.0,SL,XAUUSD
2023-12-15,Londres,-1,2033.155,2044.825,11.670000000000073,1,2023-12-15 14:59:00,0.7729220222793424,tiempo,XAUUSD
2023-12-18,Londres,-1,2019.175,2027.225,8.049999999999955,1,2023-12-18 10:59:00,-1.0,SL,XAUUSD
2023-12-19,Asia,-1,2024.415,2029.225,4.809999999999945,2,2023-12-19 02:59:00,-1.0,SL,XAUUSD
2023-12-20,Londres,-1,2035.875,2043.385,7.509999999999991,1,2023-12-20 10:59:00,-1.0,SL,XAUUSD
2023-12-21,Asia,1,2036.828,2031.455,5.373000000000047,2,2023-12-21 02:59:00,2.0,TP,XAUUSD
2023-12-22,NY,-1,2057.055,2070.5350000000003,13.480000000000473,1,2023-12-22 18:59:00,0.30764094955488047,tiempo,XAUUSD
2023-12-26,NY,1,2067.635,2058.2549999999997,9.380000000000564,1,2023-12-26 21:59:00,2.0,TP,XAUUSD
2023-12-27,Asia,-1,2065.325,2068.358,3.0330000000003565,5,2023-12-27 02:59:00,-1.0,SL,XAUUSD
2023-12-28,Londres,1,2077.195,2072.984,4.21100000000024,1,2023-12-28 10:59:00,-1.0,SL,XAUUSD
2023-12-29,Asia,1,2068.525,2065.625,2.900000000000091,4,2023-12-29 02:59:00,2.0,TP,XAUUSD
2024-01-02,Asia,-1,2067.698,2069.835,2.137000000000171,1,2024-01-02 02:59:00,-1.0,SL,XAUUSD
2024-01-03,Asia,1,2064.558,2058.008,6.550000000000182,3,2024-01-03 02:59:00,-1.0,SL,XAUUSD
2024-01-04,Asia,1,2044.555,2040.045,4.509999999999991,2,2024-01-04 02:59:00,-1.0,SL,XAUUSD
2024-01-05,Asia,-1,2046.095,2048.1650000000004,2.070000000000391,1,2024-01-05 02:59:00,2.0,TP,XAUUSD
2024-01-08,Asia,1,2032.905,2026.915,5.990000000000009,7,2024-01-08 06:59:00,-1.0,SL,XAUUSD
2024-01-09,Asia,1,2034.065,2027.788,6.277000000000044,10,2024-01-09 02:59:00,-1.0,SL,XAUUSD
2024-01-10,Asia,1,2031.708,2027.135,4.573000000000093,2,2024-01-10 02:59:00,-1.0,SL,XAUUSD
2024-01-11,Asia,1,2029.575,2023.118,6.457000000000107,2,2024-01-11 02:59:00,2.0,TP,XAUUSD
2024-01-12,Asia,1,2033.855,2027.698,6.156999999999925,2,2024-01-12 02:59:00,2.0,TP,XAUUSD
2024-01-15,Londres,-1,2052.975,2058.5150000000003,5.540000000000418,1,2024-01-15 10:59:00,2.0,TP,XAUUSD
2024-01-16,Asia,-1,2050.475,2055.505,5.0300000000002,5,2024-01-16 02:59:00,2.0,TP,XAUUSD
2024-01-17,Asia,1,2028.795,2025.505,3.2899999999999636,9,2024-01-17 02:59:00,-1.0,SL,XAUUSD
2024-01-18,Londres,-1,2011.535,2014.055,2.519999999999982,1,2024-01-18 10:59:00,-1.0,SL,XAUUSD
2024-01-19,Londres,1,2030.295,2023.505,6.789999999999964,8,2024-01-19 10:59:00,-1.0,SL,XAUUSD
2024-01-22,Asia,-1,2020.815,2029.735,8.919999999999845,3,2024-01-22 06:59:00,-1.0,SL,XAUUSD
2024-01-23,Asia,1,2022.535,2019.505,3.0299999999999727,3,2024-01-23 02:59:00,2.0,TP,XAUUSD
2024-01-24,Asia,-1,2024.105,2029.565,5.460000000000036,9,2024-01-24 02:59:00,-1.0,SL,XAUUSD
2024-01-25,Londres,1,2019.105,2012.545,6.559999999999945,1,2024-01-25 10:59:00,-1.0,SL,XAUUSD
2024-01-26,Asia,1,2021.865,2018.265,3.599999999999909,7,2024-01-26 02:59:00,-1.0,SL,XAUUSD
2024-01-29,Asia,-1,2025.355,2028.394,3.0389999999999873,1,2024-01-29 02:59:00,-1.0,SL,XAUUSD
2024-01-30,Asia,-1,2031.895,2034.035,2.1400000000001,2,2024-01-30 02:59:00,-1.0,SL,XAUUSD
2024-01-31,Asia,-1,2033.545,2038.538,4.992999999999938,3,2024-01-31 02:59:00,-1.0,SL,XAUUSD
2024-02-01,Asia,-1,2046.895,2049.485,2.5900000000001455,4,2024-02-01 02:59:00,2.0,TP,XAUUSD
2024-02-02,Asia,-1,2053.695,2056.855,3.1599999999998545,4,2024-02-02 02:59:00,-1.0,SL,XAUUSD
2024-02-05,Asia,-1,2033.365,2042.044,8.679000000000087,8,2024-02-05 02:59:00,2.0,TP,XAUUSD
2024-02-06,Asia,-1,2025.925,2028.515,2.5900000000001455,1,2024-02-06 02:59:00,-1.0,SL,XAUUSD
2024-02-07,Londres,-1,2033.115,2036.095,2.980000000000018,1,2024-02-07 10:59:00,-1.0,SL,XAUUSD
2024-02-08,Asia,-1,2036.055,2038.645,2.589999999999918,2,2024-02-08 02:59:00,2.0,TP,XAUUSD
2024-02-09,Asia,1,2034.208,2031.775,2.4329999999999927,4,2024-02-09 02:59:00,-1.0,SL,XAUUSD
2024-02-12,Asia,1,2024.158,2021.7450000000001,2.4129999999997835,5,2024-02-12 06:59:00,-1.0,SL,XAUUSD
2024-02-13,Asia,1,2023.595,2016.775,6.819999999999936,2,2024-02-13 06:59:00,-1.0,SL,XAUUSD
2024-02-14,Asia,1,1992.125,1988.725,3.400000000000091,1,2024-02-14 02:59:00,-1.0,SL,XAUUSD
2024-02-15,Asia,-1,1992.994,1994.205,1.2110000000000127,2,2024-02-15 02:59:00,2.0,TP,XAUUSD
2024-02-16,Londres,-1,1997.884,2008.055,10.17100000000005,1,2024-02-16 14:59:00,-1.0,SL,XAUUSD
2024-02-19,Londres,-1,2018.835,2022.905,4.069999999999936,1,2024-02-19 10:59:00,-1.0,SL,XAUUSD
2024-02-20,Asia,-1,2017.545,2019.175,1.6299999999998818,1,2024-02-20 02:59:00,-1.0,SL,XAUUSD
2024-02-21,Asia,1,2027.825,2022.825,5.0,1,2024-02-21 02:59:00,-1.0,SL,XAUUSD
2024-02-22,Asia,1,2027.638,2024.965,2.673000000000002,2,2024-02-22 02:59:00,2.0,TP,XAUUSD
2024-02-23,Asia,1,2024.255,2022.675,1.5800000000001546,6,2024-02-23 02:59:00,-1.0,SL,XAUUSD
2024-02-26,Asia,-1,2030.805,2034.875,4.069999999999936,5,2024-02-26 02:59:00,-1.0,SL,XAUUSD
2024-02-27,Asia,-1,2032.578,2034.445,1.8669999999999618,1,2024-02-27 02:59:00,-1.0,SL,XAUUSD
2024-02-28,Asia,1,2030.955,2029.065,1.8899999999998727,3,2024-02-28 02:59:00,-1.0,SL,XAUUSD
2024-02-29,Asia,-1,2036.465,2037.025,0.5600000000001728,8,2024-02-29 02:59:00,2.0,TP,XAUUSD
2024-03-01,Londres,1,2054.735,2038.905,15.830000000000155,1,2024-03-01 10:59:00,2.0,TP,XAUUSD
2024-03-04,Londres,-1,2083.825,2088.2050000000004,4.380000000000564,1,2024-03-04 10:59:00,-1.0,SL,XAUUSD
2024-03-06,Asia,-1,2126.305,2128.3650000000002,2.0600000000004,2,2024-03-06 02:59:00,-1.0,SL,XAUUSD
2024-03-07,Londres,-1,2153.965,2164.6450000000004,10.680000000000291,1,2024-03-07 14:59:00,-1.0,SL,XAUUSD
2024-03-08,Asia,-1,2155.255,2163.485,8.230000000000018,2,2024-03-08 02:59:00,-1.0,SL,XAUUSD
2024-03-11,Asia,-1,2179.374,2188.9350000000004,9.561000000000604,1,2024-03-11 02:59:00,2.0,TP,XAUUSD
2024-03-12,Asia,1,2177.385,2176.685,0.7000000000002728,3,2024-03-12 02:59:00,2.0,TP,XAUUSD
2024-03-13,Asia,1,2159.045,2156.5449999999996,2.5000000000004547,9,2024-03-13 02:59:00,2.0,TP,XAUUSD
2024-03-14,Asia,-1,2168.575,2172.3950000000004,3.8200000000006185,2,2024-03-14 06:59:00,2.0,TP,XAUUSD
2024-03-15,Asia,-1,2164.478,2165.885,1.4070000000001528,1,2024-03-15 02:59:00,-1.0,SL,XAUUSD
2024-03-18,Asia,-1,2146.675,2157.445,10.769999999999982,1,2024-03-18 02:59:00,-1.0,SL,XAUUSD
2024-03-19,Asia,-1,2161.445,2162.755,1.3099999999999454,1,2024-03-19 02:59:00,2.0,TP,XAUUSD
2024-03-20,Asia,1,2159.765,2155.115,4.650000000000091,9,2024-03-20 02:59:00,-1.0,SL,XAUUSD
2024-03-22,Asia,1,2168.298,2162.4649999999997,5.833000000000084,1,2024-03-22 06:59:00,2.0,TP,XAUUSD
2024-03-25,Asia,1,2170.495,2163.875,6.619999999999891,1,2024-03-25 02:59:00,-1.0,SL,XAUUSD
2024-03-26,Asia,1,2172.895,2169.515,3.380000000000109,1,2024-03-26 06:59:00,2.0,TP,XAUUSD
2024-03-27,Asia,-1,2177.635,2181.625,3.9899999999997817,4,2024-03-27 02:59:00,-1.0,SL,XAUUSD
2024-03-28,Asia,-1,2194.715,2196.3450000000003,1.6300000000001091,1,2024-03-28 02:59:00,-1.0,SL,XAUUSD
2024-04-01,NY,1,2239.075,2228.3849999999998,10.690000000000055,2,2024-04-01 17:59:00,2.0,TP,XAUUSD
2024-04-02,Asia,-1,2253.515,2259.808,6.29300000000012,1,2024-04-02 05:59:00,-1.0,SL,XAUUSD
2024-04-03,Londres,-1,2271.845,2285.9150000000004,14.070000000000618,2,2024-04-03 09:59:00,-1.0,SL,XAUUSD
2024-04-04,Asia,-1,2300.965,2304.8050000000003,3.8400000000001455,1,2024-04-04 01:59:00,2.0,TP,XAUUSD
2024-04-05,Asia,-1,2271.725,2293.275,21.550000000000182,5,2024-04-05 01:59:00,-1.0,SL,XAUUSD
2024-04-08,Londres,-1,2327.238,2343.445,16.207000000000335,2,2024-04-08 13:59:00,-1.0,SL,XAUUSD
2024-04-09,Asia,-1,2339.805,2348.355,8.550000000000182,1,2024-04-09 01:59:00,-1.0,SL,XAUUSD
2024-04-10,Asia,-1,2349.345,2355.4750000000004,6.130000000000564,6,2024-04-10 01:59:00,-1.0,SL,XAUUSD
2024-04-11,Asia,1,2340.525,2333.185,7.3400000000001455,4,2024-04-11 01:59:00,-1.0,SL,XAUUSD
2024-04-12,NY,-1,2354.994,2431.3950000000004,76.4010000000003,1,2024-04-12 17:59:00,-0.13548251986230048,tiempo,XAUUSD
2024-04-15,Asia,-1,2355.575,2372.445,16.870000000000346,8,2024-04-15 01:59:00,-1.0,SL,XAUUSD
2024-04-16,Asia,-1,2383.565,2392.045,8.480000000000018,1,2024-04-16 01:59:00,2.0,TP,XAUUSD
2024-04-17,Asia,-1,2377.535,2386.1150000000002,8.580000000000382,10,2024-04-17 05:59:00,-1.0,SL,XAUUSD
2024-04-18,Asia,1,2367.185,2361.365,5.820000000000164,4,2024-04-18 01:59:00,2.0,TP,XAUUSD
2024-04-19,Asia,1,2409.295,2373.6749999999997,35.620000000000346,2,2024-04-19 01:59:00,-1.0,SL,XAUUSD
2024-04-22,Asia,-1,2377.915,2388.4350000000004,10.520000000000437,5,2024-04-22 01:59:00,2.0,TP,XAUUSD
2024-04-23,Londres,1,2295.555,2291.2549999999997,4.300000000000182,1,2024-04-23 09:59:00,2.0,TP,XAUUSD
2024-04-24,Asia,1,2328.745,2315.7149999999997,13.0300000000002,4,2024-04-24 05:59:00,-1.0,SL,XAUUSD
2024-04-25,Asia,1,2319.095,2314.555,4.539999999999964,3,2024-04-25 01:59:00,-1.0,SL,XAUUSD
2024-04-26,Londres,-1,2341.315,2351.438,10.123000000000047,2,2024-04-26 13:59:00,2.0,TP,XAUUSD
2024-04-29,Asia,1,2330.918,2319.718,11.200000000000273,1,2024-04-29 01:59:00,-1.0,SL,XAUUSD
2024-04-30,Asia,-1,2322.925,2334.375,11.449999999999818,8,2024-04-30 05:59:00,2.0,TP,XAUUSD
2024-05-01,Asia,1,2287.348,2281.5049999999997,5.843000000000302,1,2024-05-01 05:59:00,2.0,TP,XAUUSD
2024-05-02,Asia,1,2323.985,2317.8849999999998,6.100000000000364,6,2024-05-02 01:59:00,-1.0,SL,XAUUSD
2024-05-03,Londres,1,2301.455,2297.665,3.7899999999999636,1,2024-05-03 09:59:00,-1.0,SL,XAUUSD
2024-05-06,Asia,1,2308.258,2291.6349999999998,16.623000000000047,2,2024-05-06 01:59:00,0.09607170787464374,tiempo,XAUUSD
2024-05-07,Asia,-1,2322.675,2329.7980000000002,7.123000000000047,2,2024-05-07 01:59:00,2.0,TP,XAUUSD
2024-05-08,Asia,-1,2307.665,2316.7250000000004,9.0600000000004,6,2024-05-08 01:59:00,-1.0,SL,XAUUSD
2024-05-09,Asia,1,2309.855,2307.7279999999996,2.1270000000004075,4,2024-05-09 01:59:00,2.0,TP,XAUUSD
2024-05-13,Asia,1,2359.058,2354.705,4.3530000000000655,1,2024-05-13 01:59:00,-1.0,SL,XAUUSD
2024-05-14,Asia,1,2341.865,2334.685,7.179999999999836,2,2024-05-14 01:59:00,2.0,TP,XAUUSD
2024-05-15,Asia,1,2357.368,2354.7639999999997,2.604000000000269,7,2024-05-15 01:59:00,2.0,TP,XAUUSD
2024-05-16,Asia,-1,2390.045,2394.398,4.3530000000000655,1,2024-05-16 05:59:00,2.0,TP,XAUUSD
2024-05-17,Asia,1,2381.238,2373.778,7.460000000000036,2,2024-05-17 05:59:00,2.0,TP,XAUUSD
2024-05-20,Londres,1,2420.075,2407.1349999999998,12.940000000000055,1,2024-05-20 13:59:00,-1.0,SL,XAUUSD
2024-05-21,Asia,-1,2420.308,2432.965,12.657000000000153,4,2024-05-21 01:59:00,-1.0,SL,XAUUSD
2024-05-22,Asia,-1,2421.814,2423.2340000000004,1.4200000000005275,7,2024-05-22 01:59:00,-1.0,SL,XAUUSD
2024-05-23,Londres,1,2363.915,2354.845,9.070000000000164,1,2024-05-23 09:59:00,-1.0,SL,XAUUSD
2024-05-24,Asia,1,2333.815,2326.6049999999996,7.210000000000491,1,2024-05-24 01:59:00,-1.0,SL,XAUUSD
2024-05-27,Asia,1,2339.558,2332.115,7.443000000000211,2,2024-05-27 01:59:00,2.0,TP,XAUUSD
2024-05-28,Londres,1,2343.728,2340.145,3.5830000000000837,2,2024-05-28 09:59:00,2.0,TP,XAUUSD
2024-05-29,Asia,-1,2356.348,2362.1150000000002,5.76700000000028,4,2024-05-29 01:59:00,2.0,TP,XAUUSD
2024-05-30,Londres,1,2333.075,2323.8579999999997,9.217000000000098,10,2024-05-30 09:59:00,2.0,TP,XAUUSD
2024-05-31,Asia,-1,2346.465,2347.534,1.06899999999996,4,2024-05-31 01:59:00,-1.0,SL,XAUUSD
2024-06-03,Asia,1,2330.645,2323.1949999999997,7.450000000000273,5,2024-06-03 01:59:00,-1.0,SL,XAUUSD
2024-06-04,Asia,-1,2346.955,2352.655,5.700000000000273,6,2024-06-04 01:59:00,2.0,TP,XAUUSD
2024-06-05,Asia,-1,2337.205,2341.545,4.3400000000001455,1,2024-06-05 05:59:00,2.0,TP,XAUUSD
2024-06-06,Londres,1,2360.395,2353.2949999999996,7.100000000000364,1,2024-06-06 13:59:00,2.0,TP,XAUUSD
2024-06-07,Asia,-1,2370.935,2379.905,8.970000000000255,1,2024-06-07 01:59:00,-1.0,SL,XAUUSD
2024-06-10,Londres,1,2295.195,2287.6549999999997,7.540000000000418,1,2024-06-10 09:59:00,2.0,TP,XAUUSD
2024-06-11,Asia,-1,2302.718,2312.3950000000004,9.67700000000059,2,2024-06-11 01:59:00,-1.0,SL,XAUUSD
2024-06-12,Londres,-1,2313.938,2317.655,3.7170000000000982,1,2024-06-12 09:59:00,-1.0,SL,XAUUSD
2024-06-13,Asia,1,2312.565,2307.975,4.5900000000001455,1,2024-06-13 01:59:00,-1.0,SL,XAUUSD
2024-06-14,Asia,1,2305.898,2301.4049999999997,4.493000000000393,2,2024-06-14 01:59:00,2.0,TP,XAUUSD
2024-06-17,Asia,1,2326.175,2322.615,3.5600000000004,1,2024-06-17 01:59:00,-1.0,SL,XAUUSD
2024-06-18,Asia,-1,2322.398,2325.438,3.0399999999999636,2,2024-06-18 01:59:00,-1.0,SL,XAUUSD
2024-06-19,Londres,-1,2328.028,2334.878,6.850000000000364,1,2024-06-19 09:59:00,-1.0,SL,XAUUSD
2024-06-20,Londres,-1,2334.518,2345.565,11.047000000000025,1,2024-06-20 09:59:00,-1.0,SL,XAUUSD
2024-06-21,Asia,-1,2364.428,2365.4950000000003,1.067000000000462,1,2024-06-21 05:59:00,2.0,TP,XAUUSD
2024-06-24,Asia,1,2324.978,2319.4849999999997,5.493000000000393,7,2024-06-24 05:59:00,2.0,TP,XAUUSD
2024-06-25,Asia,1,2325.765,2323.0249999999996,2.7400000000002365,1,2024-06-25 01:59:00,-1.0,SL,XAUUSD
2024-06-26,Londres,1,2316.248,2309.598,6.650000000000091,1,2024-06-26 09:59:00,-1.0,SL,XAUUSD
2024-06-27,Londres,1,2312.498,2296.415,16.083000000000084,1,2024-06-27 09:59:00,0.8566187900267346,tiempo,XAUUSD
2024-06-28,Asia,-1,2320.188,2328.195,8.007000000000062,6,2024-06-28 01:59:00,-1.0,SL,XAUUSD
2024-07-01,Asia,1,2327.755,2322.055,5.700000000000273,1,2024-07-01 01:59:00,-1.0,SL,XAUUSD
2024-07-02,Asia,-1,2329.778,2334.2180000000003,4.440000000000509,7,2024-07-02 05:59:00,2.0,TP,XAUUSD
2024-07-03,Asia,-1,2328.948,2332.025,3.0770000000002256,10,2024-07-03 01:59:00,-1.0,SL,XAUUSD
2024-07-04,Londres,1,2357.645,2350.354,7.291000000000167,1,2024-07-04 09:59:00,-1.0,SL,XAUUSD
2024-07-05,Asia,1,2358.268,2354.1049999999996,4.163000000000466,1,2024-07-05 01:59:00,2.0,TP,XAUUSD
2024-07-08,NY,-1,2357.065,2379.4150000000004,22.350000000000364,4,2024-07-08 17:59:00,-1.0,SL,XAUUSD
2024-07-09,Asia,1,2363.275,2358.328,4.947000000000116,5,2024-07-09 01:59:00,-1.0,SL,XAUUSD
2024-07-10,Asia,-1,2368.118,2369.755,1.637000000000171,3,2024-07-10 01:59:00,-1.0,SL,XAUUSD
2024-07-11,Asia,1,2382.428,2374.205,8.222999999999956,9,2024-07-11 05:59:00,2.0,TP,XAUUSD
2024-07-12,NY,1,2417.725,2403.3149999999996,14.41000000000031,2,2024-07-12 17:59:00,-1.0,SL,XAUUSD
2024-07-15,Asia,1,2409.905,2404.805,5.100000000000364,3,2024-07-15 01:59:00,-1.0,SL,XAUUSD
2024-07-17,Asia,-1,2465.358,2482.335,16.97699999999986,1,2024-07-17 05:59:00,-1.0,SL,XAUUSD
2024-07-18,Asia,1,2462.288,2457.2149999999997,5.07300000000032,2,2024-07-18 01:59:00,2.0,TP,XAUUSD
2024-07-19,Asia,-1,2425.985,2445.715,19.730000000000018,8,2024-07-19 01:59:00,0.9988342625443648,tiempo,XAUUSD
2024-07-22,Asia,-1,2406.278,2412.045,5.76700000000028,1,2024-07-22 01:59:00,2.0,TP,XAUUSD
2024-07-23,Asia,1,2400.905,2394.665,6.2400000000002365,2,2024-07-23 01:59:00,-1.0,SL,XAUUSD
2024-07-24,Asia,-1,2408.078,2412.0550000000003,3.9770000000003165,1,2024-07-24 01:59:00,-1.0,SL,XAUUSD
2024-07-25,Asia,-1,2376.285,2401.0550000000003,24.770000000000437,7,2024-07-25 01:59:00,-0.4230924505450074,tiempo,XAUUSD
2024-07-26,Asia,1,2373.425,2355.718,17.707000000000335,2,2024-07-26 01:59:00,1.0860111820183913,tiempo,XAUUSD
2024-07-29,Asia,-1,2392.655,2403.005,10.349999999999909,6,2024-07-29 01:59:00,2.0,TP,XAUUSD
2024-07-30,Asia,-1,2379.608,2384.835,5.226999999999862,8,2024-07-30 01:59:00,-1.0,SL,XAUUSD
2024-07-31,Londres,-1,2420.928,2425.3650000000002,4.437000000000353,1,2024-07-31 09:59:00,-1.0,SL,XAUUSD
2024-08-01,Asia,-1,2446.825,2451.3050000000003,4.480000000000473,1,2024-08-01 05:59:00,2.0,TP,XAUUSD
2024-08-02,Asia,1,2446.995,2434.805,12.190000000000055,1,2024-08-02 01:59:00,2.0,TP,XAUUSD
2024-08-05,Asia,1,2439.295,2413.8979999999997,25.39700000000039,3,2024-08-05 01:59:00,-1.0,SL,XAUUSD
2024-08-06,Asia,-1,2412.265,2418.2250000000004,5.960000000000491,1,2024-08-06 01:59:00,2.0,TP,XAUUSD
2024-08-07,Asia,1,2383.915,2378.8579999999997,5.057000000000244,1,2024-08-07 01:59:00,2.0,TP,XAUUSD
2024-08-08,Asia,1,2386.718,2380.845,5.873000000000047,1,2024-08-08 01:59:00,2.0,TP,XAUUSD
2024-08-09,Asia,-1,2427.155,2427.858,0.7029999999999745,1,2024-08-09 01:59:00,-1.0,SL,XAUUSD
2024-08-12,Asia,-1,2425.915,2433.315,7.400000000000091,2,2024-08-12 01:59:00,-1.0,SL,XAUUSD
2024-08-13,Asia,-1,2466.325,2476.855,10.5300000000002,1,2024-08-13 01:59:00,-1.0,SL,XAUUSD
2024-08-14,Asia,-1,2465.325,2472.425,7.100000000000364,2,2024-08-14 01:59:00,-1.0,SL,XAUUSD
2024-08-15,Londres,1,2456.725,2452.575,4.150000000000091,4,2024-08-15 09:59:00,2.0,TP,XAUUSD
2024-08-16,Asia,1,2457.155,2454.2149999999997,2.9400000000005093,6,2024-08-16 01:59:00,-1.0,SL,XAUUSD
2024-08-19,Asia,-1,2498.065,2510.0080000000003,11.943000000000211,1,2024-08-19 01:59:00,-1.0,SL,XAUUSD
2024-08-20,Asia,-1,2501.835,2508.0750000000003,6.2400000000002365,1,2024-08-20 01:59:00,-1.0,SL,XAUUSD
2024-08-21,Londres,-1,2505.548,2519.438,13.890000000000327,4,2024-08-21 09:59:00,2.0,TP,XAUUSD
2024-08-22,Asia,-1,2507.475,2514.5550000000003,7.080000000000382,6,2024-08-22 01:59:00,2.0,TP,XAUUSD
2024-08-23,Asia,1,2490.675,2484.1749999999997,6.500000000000455,10,2024-08-23 01:59:00,2.0,TP,XAUUSD
2024-08-26,Asia,-1,2513.185,2516.855,3.6700000000000728,6,2024-08-26 01:59:00,-1.0,SL,XAUUSD
2024-08-27,Asia,-1,2509.618,2518.405,8.787000000000262,3,2024-08-27 01:59:00,-1.0,SL,XAUUSD
2024-08-28,Asia,-1,2516.988,2528.898,11.91000000000031,1,2024-08-28 01:59:00,1.180772460117488,tiempo,XAUUSD
2024-08-29,Asia,1,2513.045,2503.801,9.244000000000142,3,2024-08-29 01:59:00,-1.0,SL,XAUUSD
2024-08-30,Asia,1,2515.925,2514.2949999999996,1.6300000000005639,2,2024-08-30 01:59:00,-1.0,SL,XAUUSD
2024-09-02,Asia,1,2496.395,2489.9049999999997,6.4900000000002365,1,2024-09-02 05:59:00,-1.0,SL,XAUUSD
2024-09-03,Asia,1,2493.635,2489.524,4.111000000000331,3,2024-09-03 01:59:00,2.0,TP,XAUUSD
2024-09-04,Londres,1,2481.505,2471.7079999999996,9.79700000000048,2,2024-09-04 09:59:00,2.0,TP,XAUUSD
2024-09-05,Asia,-1,2496.305,2499.184,2.87900000000036,3,2024-09-05 01:59:00,-1.0,SL,XAUUSD
2024-09-06,Londres,-1,2509.268,2529.135,19.86700000000019,1,2024-09-06 13:59:00,0.4854280968440198,tiempo,XAUUSD
2024-09-09,Asia,-1,2487.748,2500.375,12.626999999999953,7,2024-09-09 05:59:00,-1.0,SL,XAUUSD
2024-09-10,Asia,-1,2503.698,2507.525,3.8270000000002256,1,2024-09-10 01:59:00,-1.0,SL,XAUUSD
2024-09-11,Asia,-1,2518.578,2522.425,3.8470000000002074,8,2024-09-11 01:59:00,-1.0,SL,XAUUSD
2024-09-12,Asia,1,2519.355,2510.875,8.480000000000018,3,2024-09-12 05:59:00,2.0,TP,XAUUSD
2024-09-13,Londres,-1,2568.425,2572.835,4.4099999999998545,1,2024-09-13 09:59:00,-1.0,SL,XAUUSD
2024-09-16,Londres,-1,2585.435,2589.525,4.0900000000001455,1,2024-09-16 09:59:00,2.0,TP,XAUUSD
2024-09-17,Asia,1,2579.205,2574.3849999999998,4.820000000000164,1,2024-09-17 05:59:00,-1.0,SL,XAUUSD
2024-09-18,Asia,1,2572.085,2568.6879999999996,3.3970000000003893,2,2024-09-18 01:59:00,-1.0,SL,XAUUSD
2024-09-19,Asia,1,2574.405,2555.095,19.3100000000004,2,2024-09-19 05:59:00,2.0,TP,XAUUSD
2024-09-20,Asia,-1,2588.108,2589.355,1.2469999999998436,10,2024-09-20 01:59:00,-1.0,SL,XAUUSD
2024-09-23,Londres,1,2621.498,2613.6749999999997,7.82300000000032,1,2024-09-23 09:59:00,2.0,TP,XAUUSD
2024-09-24,Asia,-1,2628.958,2630.085,1.1269999999999527,2,2024-09-24 01:59:00,2.0,TP,XAUUSD
2024-09-25,Asia,-1,2657.138,2670.358,13.220000000000255,1,2024-09-25 05:59:00,-1.0,SL,XAUUSD
2024-09-26,Londres,-1,2668.765,2670.3880000000004,1.623000000000502,4,2024-09-26 09:59:00,-1.0,SL,XAUUSD
2024-09-27,Asia,-1,2669.385,2673.045,3.6599999999998545,6,2024-09-27 01:59:00,-1.0,SL,XAUUSD
2024-09-30,Asia,-1,2652.565,2665.8680000000004,13.303000000000338,6,2024-09-30 01:59:00,2.0,TP,XAUUSD
2024-10-01,Asia,1,2639.675,2632.174,7.501000000000204,2,2024-10-01 01:59:00,2.0,TP,XAUUSD
2024-10-02,Asia,1,2660.495,2656.145,4.349999999999909,8,2024-10-02 01:59:00,-1.0,SL,XAUUSD
2024-10-03,Asia,-1,2658.105,2662.7850000000003,4.680000000000291,8,2024-10-03 01:59:00,2.0,TP,XAUUSD
2024-10-04,Londres,-1,2657.365,2667.525,10.16000000000031,2,2024-10-04 09:59:00,2.0,TP,XAUUSD
2024-10-07,Asia,1,2646.085,2643.698,2.387000000000171,9,2024-10-07 01:59:00,-1.0,SL,XAUUSD
2024-10-08,Asia,1,2647.115,2637.7479999999996,9.36700000000019,2,2024-10-08 01:59:00,-1.0,SL,XAUUSD
2024-10-09,Londres,1,2617.905,2608.964,8.941000000000258,1,2024-10-09 09:59:00,-1.0,SL,XAUUSD
2024-10-10,Asia,1,2613.168,2607.8549999999996,5.313000000000557,2,2024-10-10 05:59:00,-1.0,SL,XAUUSD
2024-10-11,Asia,1,2637.685,2627.9849999999997,9.700000000000273,8,2024-10-11 01:59:00,2.0,TP,XAUUSD
2024-10-14,Asia,-1,2646.015,2656.7850000000003,10.770000000000437,2,2024-10-14 01:59:00,-1.0,SL,XAUUSD
2024-10-15,Asia,1,2641.795,2637.9449999999997,3.850000000000364,4,2024-10-15 05:59:00,2.0,TP,XAUUSD
2024-10-16,NY,1,2675.218,2666.6349999999998,8.583000000000084,1,2024-10-16 17:59:00,2.0,TP,XAUUSD
2024-10-17,Londres,-1,2679.345,2685.655,6.3100000000004,1,2024-10-17 09:59:00,-1.0,SL,XAUUSD
2024-10-18,Londres,-1,2713.568,2716.9550000000004,3.387000000000171,1,2024-10-18 13:59:00,-1.0,SL,XAUUSD
2024-10-21,NY,-1,2722.695,2739.315,16.61999999999989,1,2024-10-21 17:59:00,-1.0,SL,XAUUSD
2024-10-22,Asia,1,2728.015,2718.7879999999996,9.227000000000317,2,2024-10-22 01:59:00,2.0,TP,XAUUSD
2024-10-23,Asia,-1,2738.395,2748.4950000000003,10.100000000000364,2,2024-10-23 01:59:00,-1.0,SL,XAUUSD
2024-10-24,Asia,1,2723.595,2714.754,8.840999999999894,6,2024-10-24 01:59:00,2.0,TP,XAUUSD
2024-10-25,Asia,-1,2729.895,2735.9350000000004,6.040000000000418,9,2024-10-25 01:59:00,2.0,TP,XAUUSD
2024-10-28,Asia,-1,2729.555,2736.195,6.640000000000327,3,2024-10-28 02:59:00,-1.0,SL,XAUUSD
2024-10-30,Londres,1,2784.535,2770.785,13.75,1,2024-10-30 14:59:00,-1.0,SL,XAUUSD
2024-10-31,Asia,-1,2784.428,2790.0150000000003,5.587000000000444,1,2024-10-31 02:59:00,2.0,TP,XAUUSD
2024-11-01,Asia,1,2751.625,2744.685,6.940000000000055,8,2024-11-01 02:59:00,-1.0,SL,XAUUSD
2024-11-04,Asia,1,2739.778,2729.99,9.788000000000011,1,2024-11-04 02:59:00,-1.0,SL,XAUUSD
2024-11-05,Asia,1,2737.675,2727.6049999999996,10.070000000000618,1,2024-11-05 06:59:00,-1.0,SL,XAUUSD
2024-11-06,Asia,1,2737.284,2732.6049999999996,4.679000000000542,1,2024-11-06 02:59:00,-1.0,SL,XAUUSD
2024-11-07,Asia,1,2657.238,2643.124,14.114000000000033,1,2024-11-07 02:59:00,2.0,TP,XAUUSD
2024-11-08,Asia,-1,2686.275,2700.3480000000004,14.07300000000032,4,2024-11-08 06:59:00,-1.0,SL,XAUUSD
2024-11-11,Asia,-1,2671.845,2686.0350000000003,14.19000000000051,5,2024-11-11 02:59:00,2.0,TP,XAUUSD
2024-11-12,Londres,1,2610.198,2592.4449999999997,17.753000000000156,1,2024-11-12 14:59:00,-1.0,SL,XAUUSD
2024-11-13,Asia,1,2611.985,2597.388,14.597000000000207,3,2024-11-13 02:59:00,-1.0,SL,XAUUSD
2024-11-14,Londres,1,2559.575,2545.035,14.539999999999964,1,2024-11-14 14:59:00,0.21595598349383324,tiempo,XAUUSD
2024-11-15,Londres,1,2572.644,2560.995,11.648999999999887,5,2024-11-15 14:59:00,-1.0,SL,XAUUSD
2024-11-18,Asia,1,2591.005,2563.825,27.18000000000029,7,2024-11-18 02:59:00,2.0,TP,XAUUSD
2024-11-19,Londres,-1,2623.325,2639.335,16.01000000000022,1,2024-11-19 14:59:00,-1.0,SL,XAUUSD
2024-11-20,Asia,-1,2629.315,2641.155,11.840000000000146,1,2024-11-20 06:59:00,-1.0,SL,XAUUSD
2024-11-21,Asia,-1,2653.564,2660.295,6.731000000000222,1,2024-11-21 02:59:00,-1.0,SL,XAUUSD
2024-11-25,Asia,-1,2695.085,2721.195,26.110000000000127,1,2024-11-25 02:59:00,2.0,TP,XAUUSD
2024-11-26,Asia,1,2625.205,2605.075,20.13000000000011,1,2024-11-26 02:59:00,1.5941381023348222,tiempo,XAUUSD
2024-11-27,NY,-1,2638.785,2651.3050000000003,12.520000000000437,2,2024-11-27 18:59:00,-1.0,SL,XAUUSD
2024-11-28,Asia,1,2628.014,2620.805,7.209000000000287,3,2024-11-28 02:59:00,2.0,TP,XAUUSD
2024-11-29,Asia,1,2657.295,2633.915,23.38000000000011,1,2024-11-29 02:59:00,-1.0,SL,XAUUSD
2024-12-02,Asia,-1,2626.585,2653.125,26.539999999999964,4,2024-12-02 02:59:00,-1.0,SL,XAUUSD
2024-12-03,Asia,1,2636.955,2633.955,3.0,7,2024-12-03 02:59:00,2.0,TP,XAUUSD
2024-12-04,Asia,-1,2645.748,2648.085,2.336999999999989,2,2024-12-04 02:59:00,-1.0,SL,XAUUSD
2024-12-05,Asia,-1,2646.405,2651.418,5.01299999999992,2,2024-12-05 02:59:00,-1.0,SL,XAUUSD
2024-12-06,Asia,1,2625.155,2612.575,12.580000000000382,1,2024-12-06 02:59:00,2.0,TP,XAUUSD
2024-12-09,Asia,1,2645.925,2627.4449999999997,18.480000000000473,2,2024-12-09 02:59:00,2.0,TP,XAUUSD
2024-12-10,Londres,-1,2675.435,2676.6850000000004,1.2500000000004547,2,2024-12-10 10:59:00,2.0,TP,XAUUSD
2024-12-11,Londres,-1,2694.264,2699.5950000000003,5.331000000000131,2,2024-12-11 10:59:00,-1.0,SL,XAUUSD
2024-12-12,Asia,-1,2705.705,2725.6850000000004,19.980000000000473,1,2024-12-12 02:59:00,2.0,TP,XAUUSD
2024-12-13,Asia,1,2686.475,2678.665,7.809999999999945,5,2024-12-13 02:59:00,-1.0,SL,XAUUSD
2024-12-16,Asia,1,2651.765,2643.3639999999996,8.401000000000295,1,2024-12-16 02:59:00,-1.0,SL,XAUUSD
2024-12-17,Asia,1,2654.804,2651.0049999999997,3.799000000000433,2,2024-12-17 02:59:00,-1.0,SL,XAUUSD
2024-12-18,Asia,-1,2647.294,2651.5350000000003,4.24100000000044,1,2024-12-18 02:59:00,2.0,TP,XAUUSD
2024-12-19,Asia,1,2611.985,2582.254,29.731000000000222,1,2024-12-19 02:59:00,0.3514849820053056,tiempo,XAUUSD
2024-12-20,Asia,1,2604.615,2595.5649999999996,9.050000000000182,2,2024-12-20 06:59:00,2.0,TP,XAUUSD
2024-12-23,Asia,-1,2625.795,2627.2650000000003,1.4700000000002547,5,2024-12-23 02:59:00,2.0,TP,XAUUSD
2024-12-24,Asia,1,2616.705,2612.743,3.961999999999989,2,2024-12-24 02:59:00,-1.0,SL,XAUUSD
2024-12-26,Asia,1,2627.445,2614.238,13.207000000000335,6,2024-12-26 02:59:00,-1.0,SL,XAUUSD
2024-12-27,Asia,-1,2632.685,2634.315,1.6300000000001091,8,2024-12-27 02:59:00,-1.0,SL,XAUUSD
2024-12-30,Asia,1,2623.648,2618.904,4.744000000000142,2,2024-12-30 02:59:00,-1.0,SL,XAUUSD
2024-12-31,Londres,1,2611.525,2607.118,4.407000000000153,3,2024-12-31 10:59:00,-1.0,SL,XAUUSD
2025-01-02,Asia,1,2634.498,2621.4649999999997,13.033000000000357,8,2025-01-02 02:59:00,2.0,TP,XAUUSD
2025-01-03,Asia,-1,2659.415,2665.195,5.7800000000002,1,2025-01-03 06:59:00,2.0,TP,XAUUSD
2025-01-06,Asia,-1,2644.365,2647.2850000000003,2.9200000000005275,5,2025-01-06 02:59:00,2.0,TP,XAUUSD
2025-01-07,Asia,1,2638.498,2632.765,5.733000000000175,4,2025-01-07 02:59:00,2.0,TP,XAUUSD
2025-01-08,Asia,-1,2648.705,2651.385,2.680000000000291,5,2025-01-08 02:59:00,-1.0,SL,XAUUSD
2025-01-09,NY,-1,2671.185,2675.1850000000004,4.000000000000455,1,2025-01-09 18:59:00,-1.0,SL,XAUUSD
2025-01-10,Londres,1,2686.344,2663.1949999999997,23.149000000000342,1,2025-01-10 14:59:00,-0.6354054170806348,tiempo,XAUUSD
2025-01-13,Londres,1,2679.325,2677.115,2.2100000000000364,1,2025-01-13 10:59:00,-1.0,SL,XAUUSD
2025-01-14,Asia,1,2670.305,2662.238,8.067000000000007,2,2025-01-14 02:59:00,-1.0,SL,XAUUSD
2025-01-15,Asia,-1,2673.225,2679.208,5.983000000000175,1,2025-01-15 02:59:00,-1.0,SL,XAUUSD
2025-01-16,Asia,-1,2697.365,2702.018,4.653000000000247,10,2025-01-16 02:59:00,-1.0,SL,XAUUSD
2025-01-17,Londres,-1,2703.845,2714.583,10.738000000000284,3,2025-01-17 10:59:00,-1.0,SL,XAUUSD
2025-01-20,Asia,1,2697.315,2689.298,8.01700000000028,5,2025-01-20 02:59:00,2.0,TP,XAUUSD
2025-01-21,Asia,1,2724.645,2702.7349999999997,21.91000000000031,6,2025-01-21 02:59:00,2.0,TP,XAUUSD
2025-01-22,Londres,-1,2753.625,2761.6580000000004,8.033000000000357,1,2025-01-22 14:59:00,2.0,TP,XAUUSD
2025-01-23,Asia,1,2753.018,2749.375,3.643000000000029,1,2025-01-23 06:59:00,-1.0,SL,XAUUSD
2025-01-24,Londres,-1,2777.638,2784.5150000000003,6.8770000000004075,1,2025-01-24 14:59:00,-1.0,SL,XAUUSD
2025-01-27,Asia,-1,2756.055,2772.425,16.370000000000346,4,2025-01-27 02:59:00,-0.2535125229077583,tiempo,XAUUSD
2025-01-28,Londres,1,2742.995,2734.7279999999996,8.26700000000028,1,2025-01-28 10:59:00,2.0,TP,XAUUSD
2025-01-29,Asia,-1,2764.075,2765.9950000000003,1.9200000000005275,1,2025-01-29 02:59:00,2.0,TP,XAUUSD
2025-01-30,Asia,-1,2760.205,2762.4150000000004,2.210000000000491,1,2025-01-30 02:59:00,-1.0,SL,XAUUSD
2025-01-31,Asia,-1,2796.015,2799.385,3.3700000000003456,1,2025-01-31 02:59:00,-1.0,SL,XAUUSD
2025-02-03,Asia,-1,2777.925,2803.1580000000004,25.233000000000175,3,2025-02-03 02:59:00,-1.0,SL,XAUUSD
2025-02-04,Asia,-1,2813.355,2824.0280000000002,10.67300000000023,4,2025-02-04 06:59:00,-1.0,SL,XAUUSD
2025-02-05,NY,-1,2865.475,2882.2250000000004,16.750000000000455,1,2025-02-05 18:59:00,-1.0,SL,XAUUSD
2025-02-06,Asia,-1,2859.005,2872.155,13.150000000000091,3,2025-02-06 06:59:00,-1.0,SL,XAUUSD
2025-02-07,Asia,1,2868.595,2854.888,13.70699999999988,3,2025-02-07 02:59:00,-1.0,SL,XAUUSD
2025-02-10,Asia,1,2873.735,2854.4379999999996,19.29700000000048,2,2025-02-10 02:59:00,2.0,TP,XAUUSD
2025-02-11,Londres,-1,2902.535,2918.125,15.590000000000146,2,2025-02-11 10:59:00,2.0,TP,XAUUSD
2025-02-12,Asia,1,2892.265,2883.3349999999996,8.930000000000291,2,2025-02-12 02:59:00,-1.0,SL,XAUUSD
2025-02-13,Asia,1,2908.595,2900.2149999999997,8.38000000000011,6,2025-02-13 02:59:00,2.0,TP,XAUUSD
2025-02-14,Asia,-1,2927.125,2933.715,6.5900000000001455,1,2025-02-14 02:59:00,-1.0,SL,XAUUSD
2025-02-17,Asia,1,2899.005,2878.0049999999997,21.000000000000455,8,2025-02-17 02:59:00,2.0,TP,XAUUSD
2025-02-18,Asia,-1,2902.915,2905.0150000000003,2.100000000000364,1,2025-02-18 02:59:00,-1.0,SL,XAUUSD
2025-02-19,Asia,-1,2929.015,2939.4750000000004,10.460000000000491,1,2025-02-19 02:59:00,-1.0,SL,XAUUSD
2025-02-20,Asia,-1,2940.715,2942.1580000000004,1.443000000000211,1,2025-02-20 02:59:00,-1.0,SL,XAUUSD
2025-02-21,Asia,-1,2939.015,2949.5550000000003,10.540000000000418,1,2025-02-21 02:59:00,2.0,TP,XAUUSD
2025-02-24,Asia,1,2940.635,2921.0449999999996,19.5900000000006,1,2025-02-24 02:59:00,-1.0,SL,XAUUSD
2025-02-25,Asia,-1,2948.445,2953.358,4.913000000000011,2,2025-02-25 02:59:00,2.0,TP,XAUUSD
2025-02-26,Asia,1,2920.808,2913.3149999999996,7.493000000000393,8,2025-02-26 02:59:00,-1.0,SL,XAUUSD
2025-02-27,Asia,-1,2906.495,2920.625,14.13000000000011,1,2025-02-27 02:59:00,2.0,TP,XAUUSD
2025-02-28,Londres,1,2862.545,2850.778,11.76700000000028,1,2025-02-28 10:59:00,-1.0,SL,XAUUSD
2025-03-03,Asia,1,2868.035,2855.0649999999996,12.970000000000255,3,2025-03-03 02:59:00,2.0,TP,XAUUSD
2025-03-04,Asia,-1,2885.315,2893.635,8.320000000000164,7,2025-03-04 02:59:00,-1.0,SL,XAUUSD
2025-03-05,Londres,-1,2913.215,2922.3650000000002,9.150000000000091,1,2025-03-05 10:59:00,2.0,TP,XAUUSD
2025-03-06,Asia,-1,2925.308,2926.4350000000004,1.1270000000004075,5,2025-03-06 02:59:00,2.0,TP,XAUUSD
2025-03-07,Asia,1,2907.975,2895.6879999999996,12.287000000000262,1,2025-03-07 02:59:00,0.2213721819809715,tiempo,XAUUSD
2025-03-10,Asia,-1,2910.695,2918.135,7.440000000000055,1,2025-03-10 02:59:00,2.0,TP,XAUUSD
2025-03-11,Asia,1,2896.685,2879.928,16.757000000000062,2,2025-03-11 02:59:00,2.0,TP,XAUUSD
2025-03-12,Asia,1,2914.755,2910.548,4.207000000000335,1,2025-03-12 02:59:00,-1.0,SL,XAUUSD
2025-03-13,Asia,-1,2935.075,2946.045,10.970000000000255,1,2025-03-13 06:59:00,-1.0,SL,XAUUSD
2025-03-14,Asia,-1,2986.748,2993.8450000000003,7.097000000000207,1,2025-03-14 06:59:00,-1.0,SL,XAUUSD
2025-03-17,Asia,-1,2986.885,2992.905,6.019999999999982,5,2025-03-17 02:59:00,-1.0,SL,XAUUSD
2025-03-19,Asia,-1,3036.048,3038.8050000000003,2.7570000000005166,1,2025-03-19 02:59:00,-1.0,SL,XAUUSD
2025-03-20,Asia,-1,3049.745,3056.1650000000004,6.4200000000005275,1,2025-03-20 02:59:00,-1.0,SL,XAUUSD
2025-03-21,Asia,-1,3030.318,3047.275,16.95699999999988,1,2025-03-21 02:59:00,0.8004363979477748,tiempo,XAUUSD
2025-03-24,Asia,-1,3016.745,3025.505,8.760000000000218,2,2025-03-24 02:59:00,-1.0,SL,XAUUSD
2025-03-25,Asia,1,3015.135,3007.305,7.830000000000382,3,2025-03-25 02:59:00,2.0,TP,XAUUSD
2025-03-26,Asia,-1,3017.385,3026.965,9.579999999999927,3,2025-03-26 02:59:00,-1.0,SL,XAUUSD
2025-03-27,Asia,-1,3035.715,3038.505,2.7899999999999636,4,2025-03-27 06:59:00,-1.0,SL,XAUUSD
2025-03-28,Londres,-1,3083.545,3086.735,3.1900000000000546,1,2025-03-28 14:59:00,2.0,TP,XAUUSD
2025-03-31,Londres,-1,3114.848,3127.835,12.98700000000008,1,2025-03-31 09:59:00,-1.0,SL,XAUUSD
2025-04-01,NY,-1,3113.515,3135.1450000000004,21.630000000000564,3,2025-04-01 17:59:00,-1.0,SL,XAUUSD
2025-04-02,Asia,1,3132.915,3107.4449999999997,25.470000000000255,2,2025-04-02 01:59:00,-1.0,SL,XAUUSD
2025-04-03,Asia,1,3153.255,3120.8379999999997,32.41700000000037,5,2025-04-03 01:59:00,-1.0,SL,XAUUSD
2025-04-04,Asia,1,3109.615,3105.805,3.8099999999999454,6,2025-04-04 01:59:00,-1.0,SL,XAUUSD
2025-04-07,Asia,1,3037.855,2970.2949999999996,67.5600000000004,1,2025-04-07 01:59:00,-1.0,SL,XAUUSD
2025-04-08,Londres,-1,3006.625,3015.565,8.940000000000055,1,2025-04-08 09:59:00,-1.0,SL,XAUUSD
2025-04-09,Asia,1,3008.145,2969.595,38.55000000000018,1,2025-04-09 01:59:00,2.0,TP,XAUUSD
2025-04-10,Asia,-1,3093.765,3101.1650000000004,7.400000000000546,1,2025-04-10 01:59:00,-1.0,SL,XAUUSD
2025-04-11,NY,-1,3233.645,3245.0350000000003,11.390000000000327,1,2025-04-11 17:59:00,2.0,TP,XAUUSD
2025-04-14,Asia,1,3239.345,3209.1949999999997,30.15000000000009,1,2025-04-14 01:59:00,-1.0,SL,XAUUSD
2025-04-15,Asia,1,3223.485,3209.6749999999997,13.8100000000004,4,2025-04-15 01:59:00,2.0,TP,XAUUSD
2025-04-17,Asia,-1,3323.665,3357.465,33.80000000000018,1,2025-04-17 01:59:00,-0.09644970414201777,tiempo,XAUUSD
2025-04-22,Londres,-1,3454.515,3499.925,45.41000000000031,1,2025-04-22 09:59:00,2.0,TP,XAUUSD
2025-04-23,Asia,1,3378.865,3312.615,66.25,1,2025-04-23 01:59:00,-1.0,SL,XAUUSD
2025-04-24,Asia,1,3357.345,3288.0249999999996,69.32000000000016,2,2025-04-24 01:59:00,-1.0,SL,XAUUSD
2025-04-25,Asia,-1,3345.465,3370.0750000000003,24.610000000000127,1,2025-04-25 01:59:00,2.0,TP,XAUUSD
2025-04-28,Asia,-1,3280.715,3336.005,55.289999999999964,1,2025-04-28 01:59:00,-1.0,SL,XAUUSD
2025-04-29,Asia,-1,3326.225,3348.155,21.93000000000029,3,2025-04-29 01:59:00,2.0,TP,XAUUSD
2025-04-30,Asia,-1,3307.825,3327.875,20.050000000000182,2,2025-04-30 01:59:00,2.0,TP,XAUUSD
2025-05-01,Londres,1,3223.735,3201.6749999999997,22.0600000000004,1,2025-05-01 13:59:00,2.0,TP,XAUUSD
2025-05-02,Asia,-1,3236.025,3244.005,7.980000000000018,1,2025-05-02 01:59:00,-1.0,SL,XAUUSD
2025-05-05,Asia,-1,3264.425,3270.735,6.309999999999945,1,2025-05-05 01:59:00,-1.0,SL,XAUUSD
2025-05-07,Asia,-1,3374.525,3437.6650000000004,63.14000000000033,1,2025-05-07 01:59:00,0.8105796642382013,tiempo,XAUUSD
2025-05-08,Asia,1,3408.465,3363.0249999999996,45.44000000000051,1,2025-05-08 01:59:00,-1.0,SL,XAUUSD
2025-05-09,Asia,1,3290.895,3286.4049999999997,4.4900000000002365,1,2025-05-09 01:59:00,-1.0,SL,XAUUSD
2025-05-12,Asia,1,3275.835,3268.1049999999996,7.730000000000473,3,2025-05-12 05:59:00,-1.0,SL,XAUUSD
2025-05-13,Asia,1,3224.985,3215.5249999999996,9.460000000000491,1,2025-05-13 01:59:00,2.0,TP,XAUUSD
2025-05-14,Asia,-1,3238.545,3256.695,18.15000000000009,4,2025-05-14 01:59:00,2.0,TP,XAUUSD
2025-05-15,Londres,1,3164.835,3120.1949999999997,44.64000000000033,1,2025-05-15 09:59:00,0.8429659498207848,tiempo,XAUUSD
2025-05-16,Asia,-1,3221.905,3251.815,29.909999999999854,1,2025-05-16 01:59:00,2.0,TP,XAUUSD
2025-05-19,Asia,-1,3218.115,3249.5150000000003,31.400000000000546,2,2025-05-19 01:59:00,-1.0,SL,XAUUSD
2025-05-20,Asia,1,3220.985,3213.785,7.200000000000273,1,2025-05-20 01:59:00,-1.0,SL,XAUUSD
2025-05-21,Asia,-1,3294.055,3314.4950000000003,20.44000000000051,1,2025-05-21 01:59:00,-1.0,SL,XAUUSD
2025-05-22,Londres,-1,3304.498,3335.485,30.98700000000008,2,2025-05-22 09:59:00,-1.0,SL,XAUUSD
2025-05-23,Asia,1,3304.848,3286.7549999999997,18.093000000000302,4,2025-05-23 01:59:00,2.0,TP,XAUUSD
2025-05-26,Asia,1,3344.725,3331.1879999999996,13.537000000000262,1,2025-05-26 01:59:00,-1.0,SL,XAUUSD
2025-05-27,Asia,-1,3335.695,3349.7580000000003,14.063000000000102,1,2025-05-27 01:59:00,2.0,TP,XAUUSD
2025-05-28,Asia,-1,3301.555,3315.5350000000003,13.980000000000473,1,2025-05-28 01:59:00,-1.0,SL,XAUUSD
2025-05-29,Londres,1,3281.855,3267.805,14.050000000000182,2,2025-05-29 09:59:00,2.0,TP,XAUUSD
2025-05-30,Asia,-1,3309.648,3322.458,12.809999999999945,4,2025-05-30 01:59:00,2.0,TP,XAUUSD
2025-06-02,Asia,-1,3303.298,3316.458,13.16000000000031,1,2025-06-02 01:59:00,-1.0,SL,XAUUSD
2025-06-03,Asia,-1,3372.535,3391.945,19.41000000000031,1,2025-06-03 01:59:00,2.0,TP,XAUUSD
2025-06-04,Asia,1,3370.548,3346.185,24.36299999999983,2,2025-06-04 01:59:00,-1.0,SL,XAUUSD
2025-06-05,Asia,-1,3373.635,3383.985,10.349999999999909,7,2025-06-05 01:59:00,-1.0,SL,XAUUSD
2025-06-06,Asia,1,3363.645,3352.725,10.920000000000073,2,2025-06-06 01:59:00,-1.0,SL,XAUUSD
2025-06-09,Asia,1,3314.355,3293.1879999999996,21.16700000000037,1,2025-06-09 05:59:00,2.0,TP,XAUUSD
2025-06-10,Asia,-1,3305.915,3327.735,21.820000000000164,3,2025-06-10 01:59:00,-1.0,SL,XAUUSD
2025-06-11,Asia,1,3328.345,3315.2349999999997,13.110000000000127,1,2025-06-11 01:59:00,2.0,TP,XAUUSD
2025-06-12,Londres,1,3365.195,3338.375,26.820000000000164,1,2025-06-12 09:59:00,2.0,TP,XAUUSD
2025-06-13,Londres,-1,3436.865,3446.6580000000004,9.793000000000575,1,2025-06-13 13:59:00,-1.0,SL,XAUUSD
2025-06-16,Asia,-1,3441.305,3451.0950000000003,9.790000000000418,1,2025-06-16 01:59:00,2.0,TP,XAUUSD
2025-06-17,Asia,-1,3393.535,3403.108,9.57300000000032,7,2025-06-17 01:59:00,2.0,TP,XAUUSD
2025-06-18,Asia,-1,3386.215,3399.855,13.639999999999873,1,2025-06-18 05:59:00,2.0,TP,XAUUSD
2025-06-19,Asia,1,3374.615,3369.435,5.179999999999836,3,2025-06-19 01:59:00,-1.0,SL,XAUUSD
2025-06-20,Londres,1,3355.055,3340.165,14.889999999999873,1,2025-06-20 09:59:00,2.0,TP,XAUUSD
2025-06-23,Asia,-1,3355.065,3396.6580000000004,41.5930000000003,1,2025-06-23 01:59:00,0.6037073546029367,tiempo,XAUUSD
2025-06-24,Asia,1,3347.465,3332.8549999999996,14.610000000000582,3,2025-06-24 01:59:00,-1.0,SL,XAUUSD
2025-06-25,Asia,1,3334.535,3320.645,13.889999999999873,3,2025-06-25 01:59:00,-1.0,SL,XAUUSD
2025-06-26,Asia,-1,3329.955,3340.025,10.070000000000164,1,2025-06-26 01:59:00,-1.0,SL,XAUUSD
2025-06-27,Asia,-1,3316.195,3327.708,11.51299999999992,7,2025-06-27 01:59:00,2.0,TP,XAUUSD
2025-06-30,Asia,1,3273.655,3244.915,28.740000000000236,1,2025-06-30 01:59:00,2.0,TP,XAUUSD
2025-07-01,Asia,1,3317.548,3301.948,15.599999999999909,7,2025-07-01 01:59:00,2.0,TP,XAUUSD
2025-07-02,Asia,-1,3331.948,3344.775,12.827000000000226,3,2025-07-02 01:59:00,-1.0,SL,XAUUSD
2025-07-03,Asia,-1,3345.805,3365.465,19.66000000000031,1,2025-07-03 01:59:00,0.48611393692775373,tiempo,XAUUSD
2025-07-04,Asia,1,3329.775,3323.3349999999996,6.440000000000509,5,2025-07-04 01:59:00,2.0,TP,XAUUSD
2025-07-07,Asia,-1,3316.298,3342.358,26.0600000000004,1,2025-07-07 01:59:00,-1.0,SL,XAUUSD
2025-07-08,Asia,-1,3334.498,3345.558,11.059999999999945,1,2025-07-08 01:59:00,2.0,TP,XAUUSD
2025-07-09,Asia,1,3301.605,3296.955,4.650000000000091,4,2025-07-09 01:59:00,-1.0,SL,XAUUSD
2025-07-10,Asia,1,3321.875,3312.535,9.340000000000146,5,2025-07-10 01:59:00,-1.0,SL,XAUUSD
2025-07-11,Asia,-1,3329.335,3335.985,6.650000000000091,2,2025-07-11 01:59:00,-1.0,SL,XAUUSD
2025-07-14,Asia,-1,3358.345,3373.715,15.370000000000346,1,2025-07-14 01:59:00,-1.0,SL,XAUUSD
2025-07-15,Asia,1,3346.395,3341.115,5.2800000000002,4,2025-07-15 01:59:00,2.0,TP,XAUUSD
2025-07-16,Asia,1,3337.848,3324.8549999999996,12.993000000000393,8,2025-07-16 05:59:00,-1.0,SL,XAUUSD
2025-07-17,Asia,1,3343.815,3336.9849999999997,6.830000000000382,6,2025-07-17 01:59:00,-1.0,SL,XAUUSD
2025-07-18,Asia,-1,3337.525,3343.905,6.380000000000109,1,2025-07-18 01:59:00,-1.0,SL,XAUUSD
2025-07-21,Asia,1,3356.265,3344.7879999999996,11.477000000000317,1,2025-07-21 01:59:00,2.0,TP,XAUUSD
2025-07-22,Asia,-1,3385.698,3402.485,16.787000000000262,1,2025-07-22 01:59:00,-1.0,SL,XAUUSD
2025-07-23,Asia,-1,3420.865,3438.6650000000004,17.800000000000637,1,2025-07-23 01:59:00,2.0,TP,XAUUSD
2025-07-24,Asia,-1,3387.375,3393.175,5.800000000000182,5,2025-07-24 01:59:00,2.0,TP,XAUUSD
2025-07-28,Asia,1,3331.805,3316.928,14.876999999999953,1,2025-07-28 01:59:00,-1.0,SL,XAUUSD
2025-07-29,Asia,1,3318.798,3307.805,10.992999999999938,3,2025-07-29 01:59:00,-1.0,SL,XAUUSD
2025-07-30,Asia,-1,3323.098,3333.5150000000003,10.417000000000371,2,2025-07-30 01:59:00,-1.0,SL,XAUUSD
2025-07-31,Londres,1,3306.455,3297.765,8.690000000000055,8,2025-07-31 09:59:00,-1.0,SL,XAUUSD
2025-08-01,Asia,1,3296.455,3283.1049999999996,13.350000000000364,1,2025-08-01 05:59:00,2.0,TP,XAUUSD
2025-08-04,Asia,-1,3352.048,3369.0950000000003,17.04700000000048,1,2025-08-04 01:59:00,-1.0,SL,XAUUSD
2025-08-05,Londres,-1,3359.465,3375.3950000000004,15.930000000000291,3,2025-08-05 09:59:00,-1.0,SL,XAUUSD
2025-08-06,Asia,-1,3375.895,3385.108,9.213000000000193,3,2025-08-06 01:59:00,-1.0,SL,XAUUSD
2025-08-07,Asia,1,3382.135,3364.8849999999998,17.250000000000455,3,2025-08-07 01:59:00,0.9532753623188132,tiempo,XAUUSD
2025-08-08,Asia,-1,3383.059,3408.6850000000004,25.626000000000204,1,2025-08-08 01:59:00,0.2210255209552864,tiempo,XAUUSD
2025-08-11,Asia,-1,3377.395,3404.808,27.41300000000001,1,2025-08-11 01:59:00,0.3719767993287897,tiempo,XAUUSD
2025-08-12,Asia,1,3349.575,3342.0379999999996,7.537000000000262,2,2025-08-12 01:59:00,-1.0,SL,XAUUSD
2025-08-13,Asia,1,3350.665,3342.4289999999996,8.236000000000331,5,2025-08-13 01:59:00,2.0,TP,XAUUSD
2025-08-14,Asia,-1,3367.198,3374.565,7.367000000000189,1,2025-08-14 01:59:00,2.0,TP,XAUUSD
2025-08-15,Asia,1,3339.435,3331.935,7.5,8,2025-08-15 01:59:00,-1.0,SL,XAUUSD
2025-08-18,Asia,1,3346.705,3323.325,23.38000000000011,1,2025-08-18 01:59:00,-1.0,SL,XAUUSD
2025-08-19,Asia,1,3332.785,3325.875,6.9099999999998545,1,2025-08-19 01:59:00,-1.0,SL,XAUUSD
2025-08-20,Asia,1,3315.055,3311.245,3.8099999999999454,1,2025-08-20 01:59:00,2.0,TP,XAUUSD
2025-08-21,Asia,-1,3342.585,3351.945,9.360000000000127,1,2025-08-21 01:59:00,2.0,TP,XAUUSD
2025-08-22,Asia,1,3333.825,3333.388,0.43699999999989814,1,2025-08-22 01:59:00,-1.0,SL,XAUUSD
2025-08-25,NY,-1,3370.855,3376.1450000000004,5.290000000000418,1,2025-08-25 17:59:00,2.0,TP,XAUUSD
2025-08-26,Asia,1,3376.645,3351.165,25.480000000000018,1,2025-08-26 01:59:00,1.2974882260596516,tiempo,XAUUSD
2025-08-27,Asia,-1,3386.085,3394.2050000000004,8.120000000000346,1,2025-08-27 01:59:00,-1.0,SL,XAUUSD
2025-08-28,Asia,-1,3385.745,3399.1850000000004,13.44000000000051,1,2025-08-28 01:59:00,-1.0,SL,XAUUSD
2025-08-29,Londres,1,3407.255,3406.205,1.050000000000182,1,2025-08-29 09:59:00,-1.0,SL,XAUUSD
2025-09-01,Londres,-1,3469.265,3489.605,20.340000000000146,1,2025-09-01 09:59:00,-1.0,SL,XAUUSD
2025-09-02,Londres,1,3476.445,3469.7949999999996,6.650000000000546,1,2025-09-02 09:59:00,2.0,TP,XAUUSD
2025-09-03,Asia,-1,3538.635,3546.4080000000004,7.773000000000138,1,2025-09-03 01:59:00,-1.0,SL,XAUUSD
2025-09-04,Asia,-1,3545.918,3564.0080000000003,18.090000000000146,2,2025-09-04 01:59:00,-1.0,SL,XAUUSD
2025-09-05,Asia,1,3552.125,3539.705,12.420000000000073,4,2025-09-05 01:59:00,2.0,TP,XAUUSD
2025-09-09,NY,-1,3642.615,3673.655,31.04000000000042,1,2025-09-09 17:59:00,-0.19039948453608987,tiempo,XAUUSD
2025-09-10,Asia,1,3630.415,3618.495,11.920000000000073,1,2025-09-10 01:59:00,2.0,TP,XAUUSD
2025-09-11,Asia,1,3640.865,3637.6349999999998,3.230000000000018,2,2025-09-11 01:59:00,-1.0,SL,XAUUSD
2025-09-12,Asia,1,3646.175,3630.285,15.890000000000327,4,2025-09-12 01:59:00,-1.0,SL,XAUUSD
2025-09-15,Asia,1,3634.275,3626.138,8.137000000000171,3,2025-09-15 01:59:00,2.0,TP,XAUUSD
2025-09-16,Asia,-1,3679.165,3689.179,10.014000000000124,1,2025-09-16 01:59:00,-1.0,SL,XAUUSD
2025-09-17,Asia,1,3679.118,3675.99,3.1280000000001564,1,2025-09-17 01:59:00,-1.0,SL,XAUUSD
2025-09-18,Asia,-1,3651.265,3665.835,14.570000000000164,10,2025-09-18 05:59:00,-1.0,SL,XAUUSD
2025-09-19,Asia,1,3639.655,3631.928,7.7270000000003165,2,2025-09-19 01:59:00,2.0,TP,XAUUSD
2025-09-22,Asia,-1,3689.175,3696.5350000000003,7.360000000000127,9,2025-09-22 01:59:00,-1.0,SL,XAUUSD
2025-09-24,Asia,-1,3756.248,3771.5550000000003,15.307000000000244,3,2025-09-24 01:59:00,-1.0,SL,XAUUSD
2025-09-25,Asia,-1,3735.885,3751.358,15.472999999999956,7,2025-09-25 01:59:00,-1.0,SL,XAUUSD
2025-09-26,Asia,-1,3738.915,3753.045,14.13000000000011,3,2025-09-26 01:59:00,-1.0,SL,XAUUSD
2025-09-29,Asia,-1,3778.465,3788.458,9.992999999999938,1,2025-09-29 01:59:00,-1.0,SL,XAUUSD
2025-09-30,Londres,-1,3798.515,3871.5150000000003,73.00000000000045,1,2025-09-30 09:59:00,-1.0,SL,XAUUSD
2025-10-01,Asia,-1,3863.295,3875.3050000000003,12.010000000000218,2,2025-10-01 05:59:00,-1.0,SL,XAUUSD
2025-10-02,Asia,1,3864.845,3852.625,12.2199999999998,1,2025-10-02 01:59:00,2.0,TP,XAUUSD
2025-10-03,Asia,1,3858.195,3847.165,11.0300000000002,3,2025-10-03 01:59:00,-1.0,SL,XAUUSD
2025-10-06,Londres,-1,3942.125,3949.315,7.190000000000055,1,2025-10-06 09:59:00,2.0,TP,XAUUSD
2025-10-07,Asia,-1,3957.715,3977.135,19.420000000000073,1,2025-10-07 01:59:00,-1.0,SL,XAUUSD
2025-10-08,NY,-1,4040.745,4054.358,13.613000000000284,1,2025-10-08 20:59:00,2.0,TP,XAUUSD
2025-10-09,Asia,-1,4019.315,4044.1450000000004,24.830000000000382,3,2025-10-09 01:59:00,-1.0,SL,XAUUSD
2025-10-10,Asia,-1,3972.855,3994.1850000000004,21.330000000000382,7,2025-10-10 01:59:00,-1.0,SL,XAUUSD
2025-10-13,Asia,-1,4052.865,4059.9480000000003,7.083000000000538,4,2025-10-13 01:59:00,-1.0,SL,XAUUSD
2025-10-14,Londres,1,4127.048,4089.7949999999996,37.253000000000156,1,2025-10-14 09:59:00,2.0,TP,XAUUSD
2025-10-15,Londres,-1,4192.175,4218.005,25.829999999999927,1,2025-10-15 09:59:00,-1.0,SL,XAUUSD
2025-10-16,Asia,-1,4204.605,4241.965,37.36000000000058,1,2025-10-16 05:59:00,-1.0,SL,XAUUSD
2025-10-17,Asia,-1,4313.705,4379.135,65.43000000000029,1,2025-10-17 01:59:00,0.7881705639614776,tiempo,XAUUSD
2025-10-20,Asia,1,4262.135,4218.495,43.64000000000033,4,2025-10-20 01:59:00,2.0,TP,XAUUSD
2025-10-21,Asia,-1,4350.745,4375.258,24.51299999999992,5,2025-10-21 01:59:00,2.0,TP,XAUUSD
2025-10-22,Asia,1,4086.715,4003.2879999999996,83.42700000000059,1,2025-10-22 01:59:00,0.29774533424430905,tiempo,XAUUSD
2025-10-23,Asia,-1,4072.748,4116.0650000000005,43.31700000000046,1,2025-10-23 01:59:00,-1.0,SL,XAUUSD
2025-10-24,Asia,-1,4118.465,4144.155000000001,25.69000000000051,2,2025-10-24 01:59:00,2.0,TP,XAUUSD
2025-10-27,Asia,1,4069.465,4057.8349999999996,11.630000000000564,1,2025-10-27 02:59:00,-1.0,SL,XAUUSD
2025-10-28,Londres,1,3923.055,3886.189,36.865999999999985,1,2025-10-28 10:59:00,2.0,TP,XAUUSD
2025-10-29,Asia,-1,3962.958,3982.085,19.126999999999953,1,2025-10-29 02:59:00,-1.0,SL,XAUUSD
2025-10-30,Asia,1,3937.805,3915.055,22.75,1,2025-10-30 02:59:00,2.0,TP,XAUUSD
2025-10-31,Asia,-1,3995.955,4039.1450000000004,43.19000000000051,2,2025-10-31 02:59:00,-0.181523500810374,tiempo,XAUUSD
2025-11-03,Asia,1,4003.795,3962.3149999999996,41.48000000000047,1,2025-11-03 02:59:00,-1.0,SL,XAUUSD
2025-11-04,Asia,1,3984.865,3966.3849999999998,18.480000000000018,4,2025-11-04 06:59:00,-1.0,SL,XAUUSD
2025-11-05,Asia,1,3966.045,3947.325,18.720000000000255,6,2025-11-05 06:59:00,2.0,TP,XAUUSD
2025-11-06,Asia,1,3983.145,3964.345,18.800000000000182,5,2025-11-06 02:59:00,2.0,TP,XAUUSD
2025-11-07,Asia,1,3995.165,3973.645,21.519999999999982,2,2025-11-07 02:59:00,2.0,TP,XAUUSD
2025-11-11,NY,1,4113.675,4096.835,16.840000000000146,2,2025-11-11 18:59:00,2.0,TP,XAUUSD
2025-11-12,Asia,1,4118.325,4098.655,19.670000000000073,3,2025-11-12 06:59:00,2.0,TP,XAUUSD
2025-11-13,Asia,-1,4210.265,4219.135,8.86999999999989,1,2025-11-13 06:59:00,-1.0,SL,XAUUSD
2025-11-14,Asia,1,4206.855,4168.398,38.456999999999425,3,2025-11-14 02:59:00,-1.0,SL,XAUUSD
2025-11-17,NY,1,4062.445,4051.975,10.470000000000255,1,2025-11-17 18:59:00,-1.0,SL,XAUUSD
2025-11-18,Asia,1,4008.665,4004.4089999999997,4.256000000000313,1,2025-11-18 06:59:00,-1.0,SL,XAUUSD
2025-11-19,Asia,1,4075.445,4055.238,20.207000000000335,5,2025-11-19 02:59:00,2.0,TP,XAUUSD
2025-11-20,Asia,1,4066.715,4039.988,26.727000000000317,1,2025-11-20 02:59:00,-1.0,SL,XAUUSD
2025-11-21,Asia,-1,4056.945,4088.655,31.710000000000036,2,2025-11-21 02:59:00,-1.0,SL,XAUUSD
2025-11-24,Asia,-1,4043.345,4077.295,33.95000000000027,2,2025-11-24 02:59:00,-1.0,SL,XAUUSD
2025-11-25,Londres,1,4131.115,4109.405,21.710000000000036,1,2025-11-25 10:59:00,2.0,TP,XAUUSD
2025-11-26,Asia,-1,4149.815,4169.265,19.450000000000728,1,2025-11-26 06:59:00,-1.0,SL,XAUUSD
2025-11-27,Asia,-1,4145.265,4168.415,23.149999999999636,4,2025-11-27 02:59:00,-1.0,SL,XAUUSD
2025-11-28,Londres,1,4162.569,4150.065,12.504000000000815,1,2025-11-28 10:59:00,2.0,TP,XAUUSD
2025-12-01,Londres,-1,4255.265,4262.035,6.769999999999527,1,2025-12-01 10:59:00,-1.0,SL,XAUUSD
2025-12-02,Asia,1,4221.405,4197.885,23.519999999999527,1,2025-12-02 02:59:00,-1.0,SL,XAUUSD
2025-12-03,Asia,1,4226.435,4202.088,24.347000000000662,4,2025-12-03 02:59:00,-1.0,SL,XAUUSD
2025-12-04,Asia,-1,4200.365,4216.725,16.360000000000582,2,2025-12-04 02:59:00,-1.0,SL,XAUUSD
2025-12-05,Asia,1,4206.998,4194.455,12.542999999999665,4,2025-12-05 02:59:00,2.0,TP,XAUUSD
2025-12-08,Asia,1,4208.195,4193.375,14.819999999999709,3,2025-12-08 02:59:00,-1.0,SL,XAUUSD
2025-12-09,Asia,1,4181.755,4169.835,11.920000000000073,1,2025-12-09 06:59:00,2.0,TP,XAUUSD
2025-12-10,Asia,-1,4216.835,4218.625,1.7899999999999636,5,2025-12-10 02:59:00,2.0,TP,XAUUSD
2025-12-11,Asia,-1,4222.015,4247.475,25.460000000000036,1,2025-12-11 02:59:00,-1.0,SL,XAUUSD
2025-12-12,NY,-1,4294.735,4351.225,56.49000000000069,1,2025-12-12 18:59:00,-0.32218091697646495,tiempo,XAUUSD
2025-12-15,Londres,-1,4339.279,4350.005,10.725999999999658,1,2025-12-15 10:59:00,2.0,TP,XAUUSD
2025-12-16,Asia,1,4289.085,4271.115,17.970000000000255,1,2025-12-16 06:59:00,2.0,TP,XAUUSD
2025-12-17,Asia,-1,4314.048,4327.575,13.527000000000044,3,2025-12-17 02:59:00,-1.0,SL,XAUUSD
2025-12-18,Asia,-1,4332.965,4343.058,10.092999999999847,3,2025-12-18 02:59:00,2.0,TP,XAUUSD
2025-12-19,Asia,1,4316.485,4308.705,7.779999999999745,4,2025-12-19 02:59:00,2.0,TP,XAUUSD
2025-12-22,Londres,-1,4408.345,4420.175,11.829999999999927,1,2025-12-22 10:59:00,-1.0,SL,XAUUSD
2025-12-23,Londres,1,4445.485,4441.128,4.356999999999971,1,2025-12-23 14:59:00,-1.0,SL,XAUUSD
2025-12-24,Asia,-1,4477.275,4525.775000000001,48.50000000000091,1,2025-12-24 02:59:00,-1.0,SL,XAUUSD
2025-12-26,Asia,-1,4508.408,4530.985000000001,22.577000000000226,3,2025-12-26 02:59:00,-1.0,SL,XAUUSD
2025-12-29,Asia,1,4512.025,4471.487999999999,40.53700000000026,1,2025-12-29 02:59:00,-1.0,SL,XAUUSD
2025-12-30,Londres,-1,4365.915,4404.008,38.09299999999985,1,2025-12-30 14:59:00,2.0,TP,XAUUSD
2025-12-31,Asia,1,4348.525,4328.755,19.769999999999527,1,2025-12-31 02:59:00,-1.0,SL,XAUUSD
