ses,min,lado,rgo,si,mot,R,neta,res
1,0,1,1.9,True,TP,2.0,1.2473684210526317,True
1,12,1,8.8,False,TP,2.0,1.8375,True
1,38,1,10.7,True,SL,-1.0,-1.1336448598130842,True
1,40,-1,4.8,True,SL,-1.0,-1.2979166666666666,True
1,42,1,7.7,False,SL,-1.0,-1.1857142857142857,True
1,46,1,12.7,True,SL,-1.0,-1.1125984251968504,True
1,50,1,10.1,True,SL,-1.0,-1.1415841584158415,True
1,69,1,6.1,True,SL,-1.0,-1.2344262295081967,True
1,91,-1,5.5,True,TP,2.0,1.74,True
1,108,-1,4.4,True,TP,2.0,1.675,True
1,112,-1,9.7,True,TP,2.0,1.852577319587629,True
1,121,1,2.9,False,TP,2.0,1.506896551724138,True
1,122,-1,3.2,True,SL,-1.0,-1.446875,True
1,123,1,4.6,False,SL,-1.0,-1.3108695652173914,True
1,127,1,4.9,True,SL,-1.0,-1.2918367346938775,True
1,131,1,7.6,True,SL,-1.0,-1.188157894736842,True
1,135,1,2.7,True,SL,-1.0,-1.5296296296296297,True
1,139,1,1.7,False,SL,-1.0,-1.8411764705882354,True
1,144,-1,7.7,True,TP,2.0,1.8142857142857143,True
1,159,-1,3.7,True,TP,2.0,1.6135135135135137,True
1,167,-1,19.3,True,cierre,-0.33,-0.4040932642487047,False
1,181,1,11.9,True,cierre,0.55,0.42983193277310927,False
1,187,1,11.5,True,cierre,0.25,0.12565217391304348,False
1,191,1,3.1,False,cierre,1.35,0.888709677419355,False
1,195,-1,3.9,False,SL,-1.0,-1.3666666666666667,True
2,25,-1,2.7,True,SL,-1.0,-1.5296296296296297,True
2,36,1,2.4,True,SL,-1.0,-1.5958333333333332,True
2,40,1,1.7,False,SL,-1.0,-1.8411764705882354,True
2,53,-1,2.2,True,SL,-1.0,-1.65,True
2,69,-1,3.8,True,SL,-1.0,-1.3763157894736842,True
2,74,1,1.8,False,SL,-1.0,-1.7944444444444443,True
2,82,1,2.1,True,SL,-1.0,-1.6809523809523808,True
2,86,1,1.5,False,SL,-1.0,-1.9533333333333331,True
2,94,-1,1.9,True,TP,2.0,1.2473684210526317,True
2,98,-1,3.1,True,TP,2.0,1.538709677419355,True
2,104,-1,1.9,True,TP,2.0,1.2473684210526317,True
2,108,-1,5.3,True,cierre,0.34,0.07018867924528305,False
2,112,-1,7.5,True,cierre,-0.05,-0.24066666666666664,False
2,117,-1,5.3,True,cierre,-0.55,-0.8198113207547171,False
2,121,-1,6.0,False,SL,-1.0,-1.2383333333333333,True
2,128,-1,3.1,True,SL,-1.0,-1.461290322580645,True
2,133,-1,2.1,True,SL,-1.0,-1.6809523809523808,True
2,137,-1,2.8,False,SL,-1.0,-1.5107142857142857,True
2,144,1,2.0,True,TP,2.0,1.2850000000000001,True
2,153,-1,1.9,False,SL,-1.0,-1.7526315789473683,True
2,177,1,4.5,True,cierre,0.67,0.35222222222222227,False
2,181,1,3.3,True,cierre,0.7,0.2666666666666666,False
2,185,1,3.3,False,cierre,0.39,-0.043333333333333335,False
2,189,1,5.5,True,cierre,-0.29,-0.55,False
2,195,-1,1.6,False,cierre,0.06,-0.83375,False
3,15,-1,2.3,False,SL,-1.0,-1.6217391304347828,True
3,20,-1,2.7,False,SL,-1.0,-1.5296296296296297,True
3,39,-1,2.6,False,SL,-1.0,-1.5499999999999998,True
3,55,1,3.2,True,SL,-1.0,-1.446875,True
3,59,1,2.7,False,SL,-1.0,-1.5296296296296297,True
3,60,-1,2.5,False,SL,-1.0,-1.572,True
3,63,1,4.8,True,SL,-1.0,-1.2979166666666666,True
3,69,1,6.3,True,SL,-1.0,-1.226984126984127,True
3,74,1,3.1,False,SL,-1.0,-1.461290322580645,True
3,77,-1,2.3,True,TP,2.0,1.3782608695652172,True
3,87,-1,1.8,False,SL,-1.0,-1.7944444444444443,True
3,91,-1,3.6,True,SL,-1.0,-1.3972222222222221,True
3,100,-1,1.7,True,SL,-1.0,-1.8411764705882354,True
3,121,1,5.4,False,TP,2.0,1.7351851851851852,True
3,125,1,7.7,True,cierre,1.19,1.0042857142857142,False
3,138,1,3.3,True,TP,2.0,1.5666666666666667,True
3,154,1,4.8,True,SL,-1.0,-1.2979166666666666,True
3,158,1,3.5,True,SL,-1.0,-1.4085714285714286,True
3,165,-1,2.4,True,TP,2.0,1.4041666666666668,True
3,169,-1,2.5,False,TP,2.0,1.428,True
3,173,-1,3.0,False,SL,-1.0,-1.4766666666666666,True
3,177,-1,5.6,True,SL,-1.0,-1.2553571428571428,True
3,180,1,2.6,False,cierre,1.54,0.9900000000000001,False
3,188,1,4.3,True,cierre,0.37,0.03744186046511627,False
3,194,1,3.4,False,cierre,0.12,-0.30058823529411766,False
4,12,-1,2.5,True,SL,-1.0,-1.572,True
4,23,1,3.4,True,TP,2.0,1.5794117647058823,True
4,27,1,4.2,True,SL,-1.0,-1.3404761904761904,True
4,31,1,3.9,False,SL,-1.0,-1.3666666666666667,True
4,35,1,1.7,False,SL,-1.0,-1.8411764705882354,True
4,44,1,4.1,True,SL,-1.0,-1.3487804878048781,True
4,54,-1,3.1,True,SL,-1.0,-1.461290322580645,True
4,59,-1,2.4,False,SL,-1.0,-1.5958333333333332,True
4,60,1,4.3,False,SL,-1.0,-1.3325581395348838,True
4,64,1,4.5,True,SL,-1.0,-1.3177777777777777,True
4,81,-1,3.1,False,TP,2.0,1.538709677419355,True
4,93,-1,7.7,True,TP,2.0,1.8142857142857143,True
4,99,1,4.5,False,SL,-1.0,-1.3177777777777777,True
4,103,1,4.9,True,SL,-1.0,-1.2918367346938775,True
4,105,-1,1.5,False,SL,-1.0,-1.9533333333333331,True
4,115,-1,13.0,True,cierre,-0.72,-0.83,False
4,119,-1,16.6,False,SL,-1.0,-1.086144578313253,True
4,123,-1,18.2,False,SL,-1.0,-1.0785714285714285,True
4,160,-1,4.5,True,SL,-1.0,-1.3177777777777777,True
4,172,-1,3.2,False,SL,-1.0,-1.446875,True
4,174,1,5.0,True,TP,2.0,1.714,True
4,182,1,8.9,True,cierre,0.45,0.2893258426966292,False
4,190,1,3.5,False,cierre,0.4,-0.008571428571428508,False
4,196,-1,3.2,False,SL,-1.0,-1.446875,True
4,204,1,4.2,True,cierre,0.1,-0.24047619047619043,False
5,1,-1,3.7,False,TP,2.0,1.6135135135135137,True
5,5,-1,10.0,True,TP,2.0,1.857,True
5,9,-1,13.7,False,TP,2.0,1.8956204379562043,True
5,20,1,4.6,True,SL,-1.0,-1.3108695652173914,True
5,34,1,7.2,False,SL,-1.0,-1.198611111111111,True
5,39,1,9.1,False,SL,-1.0,-1.157142857142857,True
5,43,1,9.7,True,SL,-1.0,-1.147422680412371,True
5,55,-1,4.3,False,SL,-1.0,-1.3325581395348838,True
5,59,-1,8.8,True,SL,-1.0,-1.1625,True
5,72,1,5.3,False,SL,-1.0,-1.269811320754717,True
5,76,1,3.1,True,SL,-1.0,-1.461290322580645,True
5,86,-1,3.5,False,TP,2.0,1.5914285714285714,True
5,90,-1,5.6,True,TP,2.0,1.7446428571428572,True
5,105,1,11.0,False,SL,-1.0,-1.13,True
5,110,-1,7.9,True,SL,-1.0,-1.1810126582278482,True
5,114,-1,7.8,False,SL,-1.0,-1.1833333333333333,True
5,119,1,5.8,False,SL,-1.0,-1.2465517241379311,True
5,130,-1,4.9,True,TP,2.0,1.7081632653061225,True
5,142,-1,39.2,False,cierre,-0.61,-0.6464795918367346,False
5,147,-1,24.2,True,SL,-1.0,-1.059090909090909,True
5,176,1,11.6,True,cierre,0.89,0.7667241379310346,False
5,181,-1,7.0,False,SL,-1.0,-1.2042857142857142,True
5,193,1,7.3,True,cierre,0.7,0.5041095890410958,False
5,204,1,3.8,True,cierre,0.45,0.0736842105263158,False
5,208,1,6.3,True,cierre,-0.13,-0.35698412698412696,False
6,1,1,6.1,False,TP,2.0,1.7655737704918033,True
6,9,1,7.9,True,SL,-1.0,-1.1810126582278482,True
6,12,-1,3.7,True,SL,-1.0,-1.3864864864864863,True
6,13,1,4.4,True,SL,-1.0,-1.325,True
6,20,-1,4.7,False,SL,-1.0,-1.304255319148936,True
6,24,-1,2.8,False,SL,-1.0,-1.5107142857142857,True
6,43,1,6.9,False,SL,-1.0,-1.2072463768115942,True
6,55,-1,2.8,True,TP,2.0,1.4892857142857143,True
6,59,-1,5.7,True,TP,2.0,1.7491228070175437,True
6,67,-1,10.9,True,SL,-1.0,-1.1311926605504588,True
6,83,1,7.8,True,TP,2.0,1.8166666666666667,True
6,90,1,7.9,True,TP,2.0,1.8189873417721518,True
6,116,1,6.2,True,TP,2.0,1.7693548387096774,True
6,120,1,10.6,True,cierre,0.75,0.6150943396226415,False
6,124,1,16.4,True,cierre,0.13,0.042804878048780484,False
6,128,1,11.2,False,cierre,0.18,0.052321428571428574,False
6,132,1,7.9,True,cierre,-0.06,-0.2410126582278481,False
6,140,1,10.2,True,SL,-1.0,-1.1401960784313725,True
6,145,-1,4.0,False,SL,-1.0,-1.3575,True
6,153,-1,3.7,False,SL,-1.0,-1.3864864864864863,True
6,170,1,2.4,False,SL,-1.0,-1.5958333333333332,True
6,174,1,4.7,True,SL,-1.0,-1.304255319148936,True
6,177,-1,6.5,False,cierre,0.11,-0.11,False
6,190,-1,4.1,True,SL,-1.0,-1.3487804878048781,True
6,194,-1,7.8,False,SL,-1.0,-1.1833333333333333,True
7,1,1,5.4,False,SL,-1.0,-1.2648148148148148,True
7,9,-1,3.0,False,TP,2.0,1.5233333333333334,True
7,17,-1,6.6,True,SL,-1.0,-1.2166666666666668,True
7,22,-1,3.1,True,SL,-1.0,-1.461290322580645,True
7,44,-1,4.3,False,SL,-1.0,-1.3325581395348838,True
7,51,-1,4.6,True,SL,-1.0,-1.3108695652173914,True
7,53,1,2.3,False,SL,-1.0,-1.6217391304347828,True
7,63,-1,4.6,True,SL,-1.0,-1.3108695652173914,True
7,67,1,3.5,False,TP,2.0,1.5914285714285714,True
7,80,-1,3.9,True,SL,-1.0,-1.3666666666666667,True
7,85,-1,2.3,False,SL,-1.0,-1.6217391304347828,True
7,102,1,2.3,True,TP,2.0,1.3782608695652172,True
7,106,1,3.0,False,TP,2.0,1.5233333333333334,True
7,118,1,4.2,True,TP,2.0,1.6595238095238096,True
7,120,-1,2.5,True,SL,-1.0,-1.572,True
7,124,-1,1.9,False,SL,-1.0,-1.7526315789473683,True
7,130,1,2.7,False,TP,2.0,1.4703703703703703,True
7,138,1,8.9,True,cierre,0.66,0.4993258426966293,False
7,145,-1,2.8,True,TP,2.0,1.4892857142857143,True
7,153,-1,5.8,True,SL,-1.0,-1.2465517241379311,True
7,157,-1,5.9,False,SL,-1.0,-1.2423728813559323,True
7,160,1,2.9,True,TP,2.0,1.506896551724138,True
7,196,1,6.8,True,cierre,0.0,-0.21029411764705883,False
7,203,1,3.6,False,cierre,-0.5,-0.8972222222222221,False
7,207,-1,2.1,True,cierre,0.24,-0.4409523809523809,False
8,4,1,8.0,True,TP,2.0,1.82125,True
8,15,-1,4.3,True,SL,-1.0,-1.3325581395348838,True
8,23,-1,3.1,False,SL,-1.0,-1.461290322580645,True
8,35,1,3.7,True,SL,-1.0,-1.3864864864864863,True
8,39,1,3.9,True,SL,-1.0,-1.3666666666666667,True
8,44,-1,7.5,False,SL,-1.0,-1.1906666666666665,True
8,70,-1,6.2,True,SL,-1.0,-1.2306451612903226,True
8,74,1,6.0,False,SL,-1.0,-1.2383333333333333,True
8,78,1,8.0,True,SL,-1.0,-1.17875,True
8,80,-1,4.4,True,SL,-1.0,-1.325,True
8,84,-1,5.5,False,SL,-1.0,-1.26,True
8,94,1,2.4,False,TP,2.0,1.4041666666666668,True
8,98,1,3.6,True,SL,-1.0,-1.3972222222222221,True
8,102,1,3.9,False,SL,-1.0,-1.3666666666666667,True
8,130,-1,4.6,True,SL,-1.0,-1.3108695652173914,True
8,134,-1,2.3,False,SL,-1.0,-1.6217391304347828,True
8,149,1,4.2,True,SL,-1.0,-1.3404761904761904,True
8,161,-1,9.2,False,SL,-1.0,-1.1554347826086957,True
8,168,1,6.9,True,cierre,0.51,0.3027536231884058,False
8,173,1,6.3,True,cierre,0.22,-0.0069841269841269815,False
8,180,-1,3.3,True,SL,-1.0,-1.4333333333333333,True
8,193,1,4.7,True,cierre,-0.04,-0.34425531914893615,False
8,197,1,5.9,False,cierre,-0.31,-0.5523728813559322,False
8,201,-1,2.0,True,cierre,0.4,-0.31499999999999995,False
8,205,1,1.7,True,SL,-1.0,-1.8411764705882354,True
9,7,1,5.9,True,TP,2.0,1.7576271186440677,True
9,11,1,7.4,True,TP,2.0,1.8067567567567568,True
9,15,1,10.3,False,cierre,0.18,0.041165048543689325,False
9,22,1,3.2,True,SL,-1.0,-1.446875,True
9,24,-1,5.1,False,SL,-1.0,-1.280392156862745,True
9,32,-1,6.3,False,SL,-1.0,-1.226984126984127,True
9,36,-1,2.0,True,SL,-1.0,-1.7149999999999999,True
9,39,1,3.0,False,TP,2.0,1.5233333333333334,True
9,52,1,7.3,True,cierre,-0.34,-0.5358904109589041,False
9,57,-1,6.0,False,SL,-1.0,-1.2383333333333333,True
9,69,1,7.4,True,SL,-1.0,-1.1932432432432432,True
9,79,-1,5.2,False,SL,-1.0,-1.275,True
9,83,-1,7.9,True,SL,-1.0,-1.1810126582278482,True
9,87,-1,5.6,False,SL,-1.0,-1.2553571428571428,True
9,92,1,4.5,True,TP,2.0,1.6822222222222223,True
9,100,-1,2.9,False,SL,-1.0,-1.493103448275862,True
9,107,1,5.1,True,SL,-1.0,-1.280392156862745,True
9,117,-1,3.7,False,SL,-1.0,-1.3864864864864863,True
9,122,1,3.9,False,SL,-1.0,-1.3666666666666667,True
9,140,-1,2.2,False,SL,-1.0,-1.65,True
9,145,-1,3.5,True,SL,-1.0,-1.4085714285714286,True
9,155,-1,2.3,False,SL,-1.0,-1.6217391304347828,True
9,157,1,3.6,True,TP,2.0,1.6027777777777779,True
9,183,-1,5.7,True,cierre,-0.14,-0.39087719298245616,False
9,205,1,2.2,False,cierre,0.77,0.1200000000000001,False
10,0,1,3.7,False,TP,2.0,1.6135135135135137,True
10,16,-1,3.0,True,SL,-1.0,-1.4766666666666666,True
10,40,1,4.5,False,SL,-1.0,-1.3177777777777777,True
10,46,-1,7.3,True,TP,2.0,1.8041095890410959,True
10,50,-1,5.9,False,TP,2.0,1.7576271186440677,True
10,54,-1,3.3,True,TP,2.0,1.5666666666666667,True
10,58,-1,4.6,True,TP,2.0,1.6891304347826086,True
10,66,-1,1.8,True,TP,2.0,1.2055555555555557,True
10,84,1,3.7,False,SL,-1.0,-1.3864864864864863,True
10,88,1,3.7,False,SL,-1.0,-1.3864864864864863,True
10,91,-1,2.9,True,TP,2.0,1.506896551724138,True
10,108,-1,3.8,True,TP,2.0,1.6236842105263158,True
10,112,-1,7.0,True,cierre,0.43,0.22571428571428573,False
10,122,1,2.0,False,SL,-1.0,-1.7149999999999999,True
10,125,-1,3.5,True,SL,-1.0,-1.4085714285714286,True
10,129,-1,4.0,True,SL,-1.0,-1.3575,True
10,147,-1,5.8,False,SL,-1.0,-1.2465517241379311,True
10,151,1,2.9,True,SL,-1.0,-1.493103448275862,True
10,161,1,1.6,False,SL,-1.0,-1.8937499999999998,True
10,163,-1,2.2,True,SL,-1.0,-1.65,True
10,174,1,4.3,False,cierre,-0.63,-0.9625581395348837,False
10,178,1,4.7,True,cierre,-0.89,-1.1942553191489362,False
10,187,1,2.7,False,SL,-1.0,-1.5296296296296297,True
10,198,-1,3.3,True,cierre,0.76,0.32666666666666666,False
10,203,1,1.8,False,SL,-1.0,-1.7944444444444443,True
