R,neta,rgo,lado,hfrac,hbar,gana,fvg,pos,anio
-1.0,-1.1092609588741722,13.72860000000037,-1,11,15,False,False,0.9140439037291721,2020
-1.0,-1.0597552425266115,25.10239999999976,-1,13,15,False,False,0.5017615890365362,2020
2.4482758620688725,2.3373036716997833,13.516900000000533,1,9,11,True,False,0.16992023088948383,2020
2.4482758620692002,2.32078230049405,11.765299999999115,1,9,11,True,False,0.15853609652462972,2020
-1.0,-1.0672528122884315,22.303900000000795,-1,18,21,False,True,0.5334910009219566,2020
-1.0,-1.0387156721040671,38.7440000000006,-1,14,17,False,True,0.9412778227082504,2020
-1.0,-1.0559119424181538,26.827900000000227,-1,21,0,False,False,0.7344140089313959,2020
2.4482758620687695,2.3441822055362054,14.410100000000966,-1,5,8,True,True,0.7379401699966812,2020
-1.0,-1.1829647609870335,8.198300000000017,-1,18,20,False,True,1.100201570125193,2020
-1.0,-1.0363409948226194,41.27570000000014,-1,11,13,False,True,0.7359114139693349,2020
2.4482758620689915,2.41085696752292,40.08669999999984,1,9,11,True,False,0.2752849002849008,2020
-1.0,-1.023933064006586,62.67480000000069,-1,19,0,False,False,0.6058162267839686,2020
2.4482758620688365,2.37123663369375,19.47060000000056,-1,4,7,True,False,0.9493818270954287,2020
-1.0,-1.0584057564713585,25.68239999999969,-1,13,14,False,False,0.702733227919584,2020
-1.0,-1.0771886851679378,19.43289999999979,-1,22,2,False,True,0.5143356222141917,2020
-1.0,-1.0998150095156987,15.027799999999843,-1,5,7,False,True,0.8672635266640727,2020
-1.0,-1.0488655058394278,30.696500000000015,-1,5,9,False,False,0.9911348398311405,2020
-1.0,-1.0465396238357325,32.23060000000078,-1,11,15,False,False,0.6071507556210851,2020
-1.0,-1.0805421020414765,18.62379999999939,-1,0,3,False,False,0.5028103616813296,2020
-1.0,-1.0244847990206079,61.26250000000073,-1,15,17,False,True,1.0539731104024845,2020
-1.0,-1.0343021008893387,43.72910000000047,1,5,9,False,True,0.010027640290545052,2020
-1.0,-1.0273152397185439,54.91439999999966,-1,18,20,False,False,0.9637847038797906,2020
-1.0,-1.0570906599680305,26.273999999999432,-1,12,13,False,False,0.5527353421726519,2020
-1.0,-1.0452015537280737,33.18469999999979,-1,14,15,False,False,0.955721670266008,2020
-1.0,-1.0597414390517825,25.10820000000058,-1,13,16,False,True,0.9071678716674175,2020
-1.0,-1.0552561083785945,27.146319999999832,-1,20,1,False,False,0.7338662205285498,2020
2.448275862069,2.389605106702581,25.566399999999703,-1,9,11,True,True,0.8604269293924482,2020
2.448275862069032,2.4000122267876702,31.07929999999942,-1,13,15,True,False,0.8631191188270457,2020
2.4482758620689653,2.3444538268802164,14.447799999999916,-1,18,19,True,False,0.7993323723541412,2020
-1.0,-1.2007924609123968,7.470400000000154,-1,1,3,False,False,0.745646056734349,2020
-1.0,-1.208902011030047,7.180399999999281,-1,1,3,False,False,0.7186478059167951,2020
-1.0,-1.0669568128557076,22.402500000000146,1,5,9,False,False,0.4131477149012073,2021
-1.0,-1.1366194874036812,10.979400000000169,-1,8,9,False,False,0.8289069647937629,2021
-1.0,-1.058704049405327,25.551900000000387,-1,14,15,False,False,0.7851054554200942,2021
-1.0,-1.054659344743776,27.442699999999604,-1,12,16,False,True,0.8932917372527492,2021
2.4482758620692153,2.3094563829198917,10.805399999999281,-1,3,6,True,True,0.9508427774262206,2021
-1.0,-1.1265639080234706,11.851720000000569,-1,12,15,False,False,0.7874882137663184,2021
2.4482758620689165,2.4174307681867324,48.63010000000031,1,19,2,True,True,0.031699128249429706,2021
-1.0,-1.0508145573543917,29.519099999999526,-1,5,11,False,False,0.8393294152828367,2021
-1.0,-1.07017438803255,21.37532000000101,1,23,2,False,False,0.07907060057831498,2021
-1.0,-1.070088807191298,21.401420000000144,-1,9,15,False,False,0.9573928051710714,2021
-1.0,-1.0512831032431456,29.249399999998786,-1,9,13,False,True,0.6519203761372696,2021
2.4482758620689706,2.385458108934365,23.878600000000006,-1,3,10,True,True,0.8903043947797105,2021
-1.0,-1.1491554816628342,10.056619999999384,1,1,3,False,False,0.2910838445807774,2021
2.4482758620688245,2.3750744214644763,20.491400000000795,1,7,11,True,True,0.1667006733319738,2021
-1.0,-1.0705938828047443,21.24829999999929,-1,8,16,False,True,0.8490783070343602,2021
2.448275862068941,2.4190346823783826,51.29752000000008,-1,14,15,True,True,0.9124489116430775,2021
-1.0,-1.061220691614235,24.5015199999998,-1,9,13,False,True,0.9982161969318551,2021
2.44827586206879,2.3549109921571794,16.066000000000713,1,8,11,True,False,0.2134516437132216,2021
-1.0,-1.0883871119805735,16.970800000000963,-1,15,17,False,True,0.8220208498135407,2021
-1.0,-1.0528930748860161,28.35909999999967,-1,14,15,False,False,0.763659915214323,2021
-1.0,-1.0621161738093392,24.148299999998926,-1,14,16,False,False,0.720089495996234,2021
-1.0,-1.0603830701973336,24.84139999999934,-1,10,15,False,False,0.8371883043404368,2021
-1.0,-1.0709541248470948,21.14041999999972,-1,18,21,False,True,0.7232569669296546,2021
-1.0,-1.1109245934613687,13.522699999999531,-1,19,20,False,False,1.0319653883311657,2021
2.4482758620689733,2.3877585601723603,24.786299999999756,1,5,8,True,False,0.2256894332410212,2021
2.4482758620691225,2.3440143463847116,14.386899999999514,-1,17,0,True,True,0.9523783458317394,2021
2.448275862069039,2.4007396632536397,31.55489999999918,-1,18,22,True,False,0.8811828700502484,2021
-1.0,-1.2286655080947275,6.559800000000905,-1,3,6,False,False,0.8814386768954857,2021
-1.0,-1.0696340036766765,21.541199999999662,-1,13,15,False,True,1.0816688473964569,2021
-1.0,-1.085016663266003,17.643599999999424,-1,12,13,False,False,0.9550218162541262,2021
-1.0,-1.0698125765029483,21.48610000000008,1,18,21,False,True,0.25457065938040047,2021
-1.0,-1.1294397846121922,11.588400000000547,1,6,8,False,False,0.3169767957583246,2021
-1.0,-1.0442578402764056,33.89229999999952,-1,12,15,False,False,0.9612011528091964,2021
-1.0,-1.0451108825493047,33.25140000000101,-1,12,16,False,False,0.7663702005020263,2021
-1.0,-1.0607518650822583,24.690599999999904,-1,5,8,False,False,0.5114273586380996,2021
2.4482758620689813,2.4015132384987483,32.07690000000002,-1,13,16,True,False,0.8153162923977939,2021
-1.0,-1.0352969414023707,42.4966000000004,1,8,10,False,False,0.018230329430982573,2021
-1.0,-1.0286005739181834,52.446500000000015,1,17,20,False,True,-0.1473126196436468,2022
-1.0,-1.0284636462310337,52.69880000000012,-1,12,16,False,False,0.9488762160348871,2022
-1.0,-1.0322389291517298,46.52759999999944,1,12,15,False,False,0.09139913920835457,2022
-1.0,-1.0211084467560543,71.06159999999909,1,13,16,False,False,0.1840389383781797,2022
-1.0,-1.022219226741284,67.50909999999931,1,19,21,False,True,0.3138183512354833,2022
-1.0,-1.040956637842296,36.62409999999909,-1,7,11,False,False,0.8199771318173303,2022
2.4482758620690417,2.409597825778729,38.781699999999546,1,1,4,True,True,0.30175095547062464,2022
-1.0,-1.0323579217585452,46.35649999999987,-1,1,7,False,True,0.687221654971649,2022
-1.0,-1.083399125977158,17.98580000000038,-1,17,22,False,True,0.8122851329544652,2022
2.4482758620689573,2.4093064219039353,38.49170000000049,-1,6,9,True,False,0.6640693421255984,2022
-1.0,-1.0362823638685712,41.34239999999954,1,6,8,False,False,0.2121257395565643,2022
-1.0,-1.0561194101326232,26.728719999999157,-1,22,1,False,False,0.9513546575104946,2022
2.448275862068922,2.4265327989757712,68.98752000000059,-1,11,13,True,False,0.8665640732965081,2022
-1.0,-1.0473881245359908,31.65350000000035,-1,1,5,False,False,0.946799316265583,2022
2.4482758620690253,2.4106035110631727,39.8169999999991,-1,13,16,True,False,0.8388127919927095,2022
-1.0,-1.0202126369406155,74.21099999999933,1,18,20,False,True,-0.007486887936902732,2022
2.4482758620689635,2.4258902748054676,67.00740000000042,1,14,18,True,True,0.15680931773254125,2022
-1.0,-1.029884526190799,50.193199999999706,-1,17,22,False,True,0.5983864935620022,2022
2.4482758620689378,2.420752481874909,54.4991200000004,-1,16,19,True,True,0.5146218981479245,2022
2.4482758620689524,2.4368185272741725,130.92050000000017,-1,11,13,True,True,0.5014272927401616,2022
-1.0,-1.0338974624359625,44.2510999999995,1,12,14,False,False,0.4853965745250466,2022
-1.0,-1.0305214777604232,49.14572000000044,-1,9,12,False,False,0.8716043370158656,2022
-1.0,-1.0334005798340655,44.90940000000046,-1,12,15,False,False,0.9457210416224553,2022
-1.0,-1.0389371709809048,38.52360000000044,-1,18,22,False,True,0.9049169519462402,2022
-1.0,-1.049586940783274,30.249900000000707,1,16,21,False,True,0.27033872837332895,2022
2.4482758620690253,2.305233445224347,10.486399999999776,1,7,8,True,False,0.09136937399379323,2022
-1.0,-1.0426450143713697,35.17410000000018,1,13,16,False,True,0.3036927183746131,2022
-1.0,-1.0340294858689156,44.07942000000003,1,12,15,False,False,0.16522365559839425,2022
-1.0,-1.0730463747084211,20.53490000000056,1,4,8,False,False,0.41512366916465543,2022
-1.0,-1.0540595087071853,27.747199999999793,1,5,7,False,True,0.3239342061094324,2022
-1.0,-1.0566777755106687,26.465399999999136,1,5,7,False,True,0.33308716571556457,2022
-1.0,-1.0281140003973446,53.354199999999764,1,8,14,False,True,0.06540903695679752,2022
-1.0,-1.0299173682289515,50.13810000000012,1,18,21,False,True,0.1564354610092535,2022
-1.0,-1.0247685380122753,60.5607,1,6,15,False,False,0.27038334306285333,2022
-1.0,-1.021481015794275,69.82909999999902,-1,9,13,False,False,0.8092364386294092,2022
2.4482758620692535,2.2717309172571927,8.496419999999489,-1,15,18,True,True,0.9722796453117603,2022
2.4482758620689506,2.433866820106939,104.10130000000026,-1,19,21,True,True,0.8843944435326249,2022
2.448275862068973,2.4324566315796208,94.82129999999961,-1,11,14,True,False,0.8434669730383019,2022
-1.0,-1.1290844470452515,11.620300000000498,-1,4,9,False,False,0.6240026674923178,2022
2.4482758620689187,2.4122913498029983,41.6846000000005,1,5,6,True,True,-0.0037109375000006013,2022
-1.0,-1.0883267382702146,16.98239999999896,1,5,9,False,False,0.3872750585842513,2022
2.4482758620690386,2.3857149172819905,23.976619999999457,-1,17,20,True,False,0.7197135824569288,2022
2.4482758620689182,2.4231377701506474,59.67040000000088,1,10,14,True,False,0.4184129078086158,2023
-1.0,-1.0514514452710995,29.153699999998935,-1,20,3,False,False,0.9069715366242007,2023
2.448275862068908,2.4066501273746916,36.035400000000664,1,14,18,True,True,0.00770871715310405,2023
-1.0,-1.110168557893578,13.615499999999884,-1,7,9,False,False,0.8406372512298055,2023
-1.0,-1.0144550280947928,103.77011999999922,1,16,19,False,True,0.1253970530975277,2023
2.4482758620690634,2.3950113133902358,28.16131999999925,-1,18,21,True,False,0.654466463102242,2023
2.448275862068896,2.3818777389225114,22.59100000000035,1,5,7,True,False,0.028085265519821254,2023
-1.0,-1.0174479631945685,85.96991999999955,1,20,21,False,True,-0.149197900770462,2023
2.4482758620689835,2.4348511331813834,111.73409999999967,-1,14,18,True,False,0.9595236355665941,2023
2.448275862069012,2.4113062831032233,40.57389999999941,1,12,16,True,True,0.20774761240476441,2023
-1.0,-1.1181455868685088,12.696200000000317,-1,15,21,False,False,0.984777400940402,2023
-1.0,-1.0697391569558772,21.508719999999812,-1,14,20,False,True,0.9649687840650054,2023
-1.0,-1.0817902244323787,18.339599999999336,-1,9,13,False,True,0.6102898363201149,2023
-1.0,-1.0310230662702335,48.351119999999355,-1,9,15,False,False,0.9088022471224013,2023
2.448275862068866,2.3914673635174837,26.404500000000553,-1,8,17,True,False,0.8627011998829383,2023
2.4482758620690275,2.4160309035682883,46.51889999999912,-1,10,15,True,True,0.5147427668608691,2023
2.4482758620689875,2.389822582606196,25.661519999999655,1,10,14,True,False,0.12268577766402046,2023
-1.0,-1.2005588907756155,7.4791000000004715,1,3,6,False,False,0.054090391974346556,2023
2.448275862069099,2.3804142274180404,22.103799999998955,-1,11,15,True,False,0.8548137447115909,2023
-1.0,-1.0712453690510113,21.054000000000087,1,13,16,False,False,0.2707272552598737,2023
2.448275862068916,2.3824606973774367,22.79110000000037,-1,7,9,True,False,0.9972867932829823,2023
-1.0,-1.0914015513890025,16.41109999999935,-1,8,10,False,False,0.95994400775277,2023
-1.0,-1.1022418223582446,14.67109999999957,-1,8,10,False,False,0.9576648361508917,2023
-1.0,-1.0475983159081201,31.51371999999901,-1,9,15,False,False,0.6111792735469512,2023
-1.0,-1.0479593304877466,31.276499999999942,1,20,21,False,True,0.04990304257546352,2023
-1.0,-1.02026172748787,74.03119999999944,-1,10,13,False,False,0.7160399963137032,2023
-1.0,-1.0391908909918433,38.27419999999984,-1,13,15,False,False,0.9312054668944532,2023
-1.0,-1.0367176389089472,40.85230000000047,1,9,14,False,False,0.19911754723385175,2023
-1.0,-1.043779105808844,34.26292000000103,-1,12,15,False,False,0.9861120941936847,2023
-1.0,-1.191641859692596,7.827100000000428,-1,4,7,False,False,0.9962089767004264,2023
2.4482758620690173,2.392260984517539,26.778599999999642,-1,18,19,True,False,0.7731669704191793,2023
2.4482758620690253,2.3771089138975405,21.07719999999972,1,18,19,True,False,-0.022932048554623767,2023
-1.0,-1.0877572750781042,17.092599999999948,1,7,9,False,False,0.3437527058619811,2023
2.4482758620691403,2.3352670398470763,13.273299999998926,1,2,8,True,True,0.2998732494512618,2023
2.4482758620690617,2.416363141233033,47.0031999999992,-1,12,14,True,False,0.7930766067442145,2024
-1.0,-1.0299560066086944,50.07343000000037,-1,14,18,False,True,0.5228585034049,2024
2.4482758620692535,2.3406450529654017,13.936529999999038,-1,11,14,True,False,0.8778857396567978,2024
2.4482758620686407,2.2928407629580465,9.650330000000395,-1,6,8,True,False,0.9264486650185813,2024
-1.0,-1.049602633304596,30.24033000000054,1,12,15,False,False,0.42456896930769694,2024
-1.0,-1.0320229677263981,46.841380000001664,1,16,18,False,True,0.03731401854488936,2024
2.4482758620694987,2.2490763783945322,7.530139999998937,-1,2,7,True,True,0.9482020352121338,2024
2.448275862068795,2.2222088256569523,6.635200000000623,-1,2,7,True,False,0.9388687813540051,2024
2.4482758620690803,2.4177626667394696,49.159059999998135,-1,7,16,True,True,0.9495119898974046,2024
-1.0,-1.0426018119402638,35.2097700000013,1,15,19,False,True,0.46226188788695166,2024
-1.0,-1.0816855986655889,18.36308999999892,-1,15,19,False,False,0.6539929025253788,2024
-1.0,-1.0507437683269552,29.560280000001512,1,15,18,False,False,0.44774574955787816,2024
-1.0,-1.0820601249064568,18.279279999998835,1,7,9,False,False,0.41961585926997186,2024
2.448275862068975,2.4107763964363604,40.00057000000015,1,13,15,True,True,0.4915737225122563,2024
-1.0,-1.0430199179352064,34.86756999999852,-1,15,17,False,True,0.558392659389334,2024
-1.0,-1.0125229430752927,119.78014999999868,-1,11,14,False,False,0.9931532576573608,2024
2.4482758620690883,2.4024576869153664,32.73809999999867,1,8,12,True,True,0.08668458006146262,2024
2.4482758620688543,2.4150603846306895,45.159670000000915,-1,10,15,True,True,0.9122863837828984,2024
-1.0,-1.0368739086859446,40.67916999999943,-1,11,16,False,False,0.6995834649728143,2024
2.448275862068957,2.3959764303894486,28.681000000000495,-1,8,15,True,True,0.7889627519257159,2024
-1.0,-1.0928786818657532,16.15009999999893,-1,3,8,False,True,0.8224360895167626,2024
2.4482758620687455,2.391030399248725,26.202950000002602,-1,10,14,True,False,0.9807591264643415,2024
2.4482758620688623,2.386585674304497,24.315050000001065,-1,10,14,True,False,0.9744259189367218,2024
-1.0,-1.0264665653173661,56.675279999999475,-1,9,14,False,False,0.7838148493320887,2024
-1.0,-1.1637980173887659,9.15762000000177,-1,6,8,False,False,0.9577812055195911,2024
-1.0,-1.2541227175544696,5.902659999999742,-1,5,7,False,False,0.8340124293141526,2024
-1.0,-1.0231004144214346,64.9339,1,18,21,False,False,0.04156197012311984,2024
2.4482758620690186,2.39926868219045,30.60775999999896,-1,5,8,True,False,0.8978053534526972,2024
-1.0,-1.0635174166873758,23.615570000001753,-1,18,20,False,True,0.9059621868978808,2024
-1.0,-1.0655283375111302,22.89085999999952,-1,18,20,False,True,0.9077805876685917,2024
-1.0,-1.0165954298620155,90.38633000000118,1,14,18,False,False,0.4456177963347203,2024
-1.0,-1.063343952595071,23.680240000001504,-1,6,10,False,False,0.7127046709323858,2024
-1.0,-1.0719279914492066,20.854189999998198,-1,21,3,False,True,0.8389195963243665,2024
2.4482758620689844,2.427959060832856,73.83051999999952,1,12,15,True,True,0.16098193351649104,2024
2.4482758620690817,2.4004181487935745,31.342909999999392,-1,10,15,True,False,0.5704712131797637,2024
-1.0,-1.0430478448096512,34.84494999999879,-1,22,2,False,True,0.8585554437936807,2024
-1.0,-1.046191339308644,32.473620000000665,-1,22,3,False,True,0.8600752896230153,2024
-1.0,-1.050341263424755,29.796630000000732,-1,8,10,False,True,0.800234322120068,2024
-1.0,-1.0286152889962963,52.41952999999921,1,13,16,False,False,0.21125693562755501,2024
-1.0,-1.056268983748391,26.657670000000508,-1,4,6,False,False,0.6570334089879423,2024
-1.0,-1.134000357334292,11.193999999999505,-1,2,7,False,False,0.9869777417872263,2024
-1.0,-1.0715845575883478,20.954239999999118,-1,5,7,False,False,0.7015904051954395,2024
-1.0,-1.019450136851163,77.12027999999918,1,16,18,False,False,0.10094692286433446,2025
-1.0,-1.078940429972743,19.00166999999783,-1,13,15,False,False,0.9477206893431651,2025
-1.0,-1.0548442259450463,27.35019000000102,1,6,9,False,False,0.1729782986835468,2025
-1.0,-1.0302559959820046,49.57694999999876,1,11,14,False,False,0.21767950372527523,2025
-1.0,-1.048562705784469,30.8878999999979,-1,10,12,False,False,0.9583755248431758,2025
-1.0,-1.025899493733963,57.916189999999915,-1,12,14,False,False,0.9405846446428028,2025
-1.0,-1.1090214525146112,13.75876000000062,-1,6,8,False,False,1.0031737470541733,2025
2.4482758620690395,2.420587762967794,54.17489999999816,-1,13,15,True,False,0.5681208900857124,2025
2.4482758620691096,2.3975987140168327,29.599139999998442,-1,13,16,True,False,0.9681228835927721,2025
2.448275862068493,2.3136547129064784,11.14238000000114,-1,4,8,True,True,0.9904585210707665,2025
2.44827586206873,2.3795440330460336,21.823950000001787,-1,11,13,True,True,0.8870275077822282,2025
-1.0,-1.0669507461214323,22.404529999999795,-1,4,7,False,False,0.6435579372306496,2025
-1.0,-1.0779107049828127,19.252809999998135,-1,22,1,False,True,0.7896071044914791,2025
-1.0,-1.08468399602323,17.71291000000201,-1,22,2,False,True,0.7729419807628343,2025
2.448275862069038,2.41198687983951,41.334859999999026,-1,14,16,True,False,0.7729213267323068,2025
-1.0,-1.044157713690215,33.96915000000081,1,14,16,False,True,0.1409430359111278,2025
-1.0,-1.076615866941734,19.578190000000177,-1,4,8,False,False,0.6744014965214282,2025
-1.0,-1.0779706019642326,19.238020000000688,-1,1,8,False,False,0.9475473019236778,2025
2.448275862068912,2.341691885619714,14.073410000000877,-1,7,10,True,False,0.9575147280159364,2025
-1.0,-1.0292443208991024,51.29201000000103,1,6,11,False,True,0.2940879780480762,2025
-1.0,-1.0138904104032875,107.98817000000054,-1,8,13,False,True,0.7268658047001715,2025
-1.0,-1.0208757836595224,71.8535899999988,-1,12,17,False,True,0.5610223655544917,2025
-1.0,-1.076351225818933,19.646049999999377,-1,18,21,False,False,0.8538275924852385,2025
2.448275862069054,2.366848737716806,18.421379999999772,-1,4,6,True,False,0.9944057587898464,2025
-1.0,-1.0202589498975911,74.04134999999951,-1,8,14,False,False,0.970036522289279,2025
-1.0,-1.0178331424196365,84.11304999999993,1,9,16,False,True,0.31370897448791824,2025
2.4482758620690808,2.4065880620037685,35.98174999999901,-1,10,16,True,False,0.9555926771650712,2025
2.4482758620691225,2.4056712428763074,35.20744999999806,1,15,18,True,True,0.20788550607191994,2025
-1.0,-1.025711655779209,58.33929999999964,-1,17,21,False,True,0.5362984080282622,2026
2.4482758620688783,2.423395569450099,60.28868000000148,-1,21,0,True,False,0.8304366142346374,2026
2.448275862068982,2.4082051024502626,37.43377999999939,-1,10,13,True,False,0.9277385768231231,2026
-1.0,-1.0167914250893666,89.3313100000014,1,15,17,False,False,0.14325587136711287,2026
2.448275862068994,2.391247517841346,26.302709999999934,-1,5,7,True,False,0.9504911272326894,2026
-1.0,-1.0153430365424077,97.76422000000093,-1,15,19,False,True,0.9168241011242179,2026
2.4482758620689813,2.42126600941493,55.535289999999804,1,12,15,True,True,0.3998771186201096,2026
-1.0,-1.0379955763017037,39.47827999999936,1,12,16,False,False,0.4900743130798941,2026
-1.0,-1.034837168750781,43.05745999999999,-1,22,2,False,False,0.9599874555949403,2026
-1.0,-1.0146905595232578,102.10639000000083,1,18,21,False,True,-0.007562545974496909,2026
-1.0,-1.0183277895842686,81.84292999999889,-1,17,22,False,False,0.850075342082262,2026
2.4482758620689036,2.399058370960043,30.47696999999971,-1,5,7,True,True,0.9959630490501983,2026
2.448275862069028,2.3986551462802765,30.229309999998804,-1,5,7,True,True,0.9839433798978088,2026
2.448275862069168,2.38624163571868,24.180199999998877,-1,13,16,True,False,0.9545130538241761,2026
-1.0,-1.008668714332575,173.03603999999905,-1,18,20,False,True,0.5167639154222774,2026
2.4482758620689253,2.426502319970871,68.89095000000088,-1,20,0,True,True,0.6983943452821769,2026
-1.0,-1.011782666362412,127.30564999999842,1,12,15,False,False,0.15810080690373937,2026
-1.0,-1.0177568609847316,84.4743899999994,1,20,1,False,False,0.3709491485816387,2026
