ts,dir,entrada,rr,riesgo_pips,motivo,pips,R,b
2020-01-08 13:45:00,largo,1.112,3.0,9.900000000000464,SL,-11.100000000000463,-1.1212121212121156,-1.0
2020-01-09 10:30:00,largo,1.11108,3.0,15.199999999999658,SL,-16.399999999999658,-1.0789473684210544,-1.0
2020-01-10 09:45:00,largo,1.10963,3.0,6.099999999997774,SL,-7.299999999997774,-1.1967213114754816,-1.0
2020-01-20 07:15:00,corto,1.10985,3.0,4.8000000000003595,TP,13.20000000000108,2.7500000000000187,3.0
2020-01-20 09:45:00,largo,1.10895,3.0,8.40000000000174,SL,-9.600000000001739,-1.1428571428571133,-1.0
2020-01-20 13:30:00,largo,1.10848,3.0,5.299999999999194,SL,-6.499999999999194,-1.226415094339657,-1.0
2020-01-22 06:30:00,corto,1.10816,3.0,5.599999999998939,SL,-6.799999999998939,-1.2142857142857548,-1.0
2020-01-28 13:30:00,largo,1.10082,3.0,7.199999999998319,SL,-8.399999999998318,-1.1666666666667054,-0.9999999999999999
2020-01-29 11:30:00,largo,1.10022,3.0,8.699999999999264,SL,-9.899999999999263,-1.1379310344827702,-1.0
2020-02-03 09:45:00,largo,1.10726,3.0,14.599999999997948,SL,-15.799999999997947,-1.0821917808219292,-1.0
2020-02-06 08:15:00,corto,1.09986,3.0,16.199999999999548,TP,47.39999999999864,2.925925925925924,3.0
2020-02-10 07:15:00,largo,1.09526,3.0,5.499999999998284,SL,-6.699999999998284,-1.2181818181818862,-1.0
2020-02-11 07:45:00,largo,1.09144,3.0,9.799999999999809,SL,-10.999999999999808,-1.122448979591839,-1.0
2020-02-12 07:45:00,largo,1.09144,3.0,18.199999999999328,SL,-19.399999999999327,-1.0659340659340684,-1.0
2020-02-13 14:30:00,largo,1.08559,3.0,9.300000000000974,SL,-10.500000000000973,-1.1290322580645025,-1.0
2020-02-18 09:00:00,largo,1.08293,3.0,5.699999999999594,SL,-6.8999999999995945,-1.2105263157894888,-1.0
2020-02-19 09:15:00,corto,1.08022,3.0,6.699999999999484,SL,-7.899999999999484,-1.1791044776119541,-1.0
2020-03-09 12:45:00,corto,1.14011,3.0,84.29999999999937,TP,251.6999999999981,2.98576512455516,3.0
2020-03-20 09:15:00,largo,1.07539,3.0,48.90000000000061,SL,-50.10000000000061,-1.0245398773006134,-1.0
2020-03-23 09:45:00,largo,1.06915,3.0,25.399999999999867,TP,74.99999999999959,2.95275590551181,2.9999999999999996
2020-03-25 14:45:00,largo,1.0835,3.0,51.199999999997914,TP,152.39999999999375,2.976562499999999,3.0
2020-04-02 06:45:00,corto,1.09364,3.0,29.000000000001247,TP,85.80000000000373,2.958620689655174,3.0
2020-04-16 06:45:00,corto,1.08844,3.0,21.399999999998087,TP,62.99999999999426,2.9439252336448547,3.0
2020-04-21 09:45:00,corto,1.08325,3.0,21.599999999999397,SL,-22.799999999999397,-1.0555555555555571,-1.0
2020-04-23 06:45:00,corto,1.08166,3.0,18.699999999998163,TP,54.899999999994485,2.935828877005341,3.0
2020-05-07 07:45:00,corto,1.07988,3.0,18.500000000001293,SL,-19.700000000001292,-1.0648648648648602,-1.0
2020-05-27 09:15:00,largo,1.09768,3.0,43.8000000000005,TP,130.20000000000152,2.972602739726028,3.0
2020-06-17 07:45:00,corto,1.12666,3.0,28.29999999999888,TP,83.69999999999663,2.9575971731448742,2.9999999999999996
2020-06-30 13:45:00,corto,1.12081,3.0,23.699999999999832,SL,-24.89999999999983,-1.0506329113924053,-1.0
2020-07-23 13:30:00,largo,1.15725,3.0,33.199999999999896,TP,98.39999999999968,2.9638554216867465,3.0
2020-07-27 15:15:00,corto,1.17616,3.0,20.699999999997942,TP,60.899999999993824,2.9420289855072403,3.0
2020-08-06 06:30:00,corto,1.18768,3.0,40.19999999999912,TP,119.39999999999736,2.9701492537313428,3.0
2020-08-11 06:30:00,corto,1.17328,3.0,24.599999999999067,SL,-25.799999999999066,-1.0487804878048799,-1.0
2020-08-19 07:45:00,largo,1.19372,3.0,16.099999999998893,SL,-17.299999999998892,-1.0745341614906883,-1.0
2020-08-27 13:30:00,corto,1.18155,3.0,87.29999999999905,SL,-88.49999999999905,-1.0137457044673541,-1.0
2020-08-28 14:15:00,largo,1.18928,3.0,26.49999999999819,TP,78.29999999999457,2.954716981132072,3.0
2020-09-01 13:30:00,corto,1.19714,3.0,40.89999999999927,TP,121.4999999999978,2.9706601466992657,3.0
2020-09-09 08:30:00,corto,1.1768,3.0,20.299999999999763,SL,-21.499999999999762,-1.0591133004926114,-1.0
2020-09-11 07:45:00,corto,1.18343,3.0,15.899999999999803,SL,-17.099999999999802,-1.0754716981132084,-1.0
2020-09-18 08:15:00,largo,1.18551,3.0,16.00000000000046,SL,-17.200000000000458,-1.0749999999999977,-1.0
2020-09-18 14:15:00,largo,1.18497,3.0,24.699999999999722,SL,-25.89999999999972,-1.0485829959514175,-1.0
2020-10-05 07:45:00,largo,1.17323,3.0,13.499999999999623,TP,39.29999999999887,2.9111111111111083,3.0
2020-10-14 08:45:00,corto,1.17403,3.0,14.300000000000423,SL,-15.500000000000423,-1.0839160839160813,-1.0
2020-10-20 07:45:00,largo,1.17767,3.0,17.899999999999583,TP,52.49999999999874,2.9329608938547467,3.0
2020-10-26 06:30:00,largo,1.18409,3.0,14.000000000000679,SL,-15.200000000000678,-1.0857142857142814,-1.0
2020-11-09 11:45:00,largo,1.18863,3.0,27.300000000001212,SL,-28.50000000000121,-1.043956043956042,-1.0
2020-11-11 06:30:00,largo,1.18248,3.0,9.200000000000319,SL,-10.400000000000318,-1.1304347826086911,-1.0
2020-11-17 08:00:00,largo,1.18593,3.0,17.799999999998928,SL,-18.999999999998927,-1.0674157303370826,-1.0
2020-11-27 09:45:00,largo,1.19226,3.0,9.00000000000123,TP,25.80000000000369,2.866666666666685,3.0
2020-12-02 07:45:00,corto,1.20686,3.0,19.899999999999363,SL,-21.099999999999362,-1.0603015075376903,-1.0
2020-12-17 13:45:00,corto,1.22418,3.0,18.000000000000238,SL,-19.200000000000237,-1.0666666666666658,-1.0
2020-12-22 07:00:00,largo,1.22225,3.0,10.000000000001119,SL,-11.200000000001118,-1.1199999999999866,-1.0
2020-12-22 10:15:00,largo,1.22207,3.0,17.599999999999838,SL,-18.799999999999837,-1.0681818181818188,-1.0
2020-12-30 14:15:00,corto,1.22728,3.0,38.3,SL,-39.5,-1.0313315926892952,-1.0
2021-01-07 06:30:00,largo,1.23219,3.0,15.699999999998493,SL,-16.899999999998492,-1.0764331210191156,-1.0
2021-01-08 07:30:00,corto,1.22452,3.0,24.899999999998812,SL,-26.09999999999881,-1.0481927710843397,-1.0
2021-01-11 07:45:00,corto,1.21782,3.0,16.100000000001113,SL,-17.300000000001113,-1.074534161490678,-1.0
2021-01-18 07:30:00,corto,1.20739,3.0,13.799999999999368,SL,-14.999999999999368,-1.0869565217391344,-1.0
2021-01-21 08:45:00,largo,1.21319,3.0,18.100000000000893,TP,53.10000000000267,2.9337016574585664,3.0
2021-01-28 08:45:00,corto,1.20909,3.0,23.699999999999832,SL,-24.89999999999983,-1.0506329113924053,-1.0
2021-02-09 13:45:00,largo,1.21016,3.0,12.399999999999078,SL,-13.599999999999078,-1.0967741935483943,-1.0
2021-02-15 11:15:00,largo,1.21382,3.0,9.599999999998499,SL,-10.799999999998498,-1.1250000000000195,-1.0
2021-02-23 06:45:00,largo,1.21706,3.0,9.00000000000123,SL,-10.200000000001229,-1.133333333333315,-1.0
2021-03-01 14:30:00,corto,1.20429,3.0,27.69999999999939,SL,-28.89999999999939,-1.04332129963899,-1.0
2021-03-05 14:30:00,corto,1.19255,3.0,21.800000000000708,TP,64.20000000000212,2.9449541284403686,3.0
2021-03-10 08:45:00,largo,1.1896,3.0,28.200000000000447,TP,83.40000000000133,2.9574468085106385,2.9999999999999996
2021-03-15 15:45:00,corto,1.19228,3.0,15.399999999998748,SL,-16.599999999998747,-1.0779220779220842,-1.0
2021-04-02 13:30:00,largo,1.17678,3.0,19.799999999998708,SL,-20.999999999998707,-1.0606060606060645,-1.0
2021-04-06 07:15:00,largo,1.18086,3.0,12.799999999999478,SL,-13.999999999999478,-1.0937500000000038,-1.0
2021-04-15 07:30:00,corto,1.19797,3.0,11.300000000000754,SL,-12.500000000000753,-1.1061946902654796,-1.0
2021-04-15 09:30:00,corto,1.19802,3.0,13.999999999998458,SL,-15.199999999998457,-1.0857142857142952,-1.0
2021-04-19 14:15:00,largo,1.20285,3.0,14.499999999999513,TP,42.29999999999853,2.9172413793103416,2.9999999999999996
2021-05-03 07:15:00,corto,1.20335,3.0,8.700000000001484,SL,-9.900000000001484,-1.137931034482735,-1.0
2021-05-03 11:45:00,corto,1.20455,3.0,13.099999999999223,SL,-14.299999999999223,-1.09160305343512,-1.0
2021-05-04 15:00:00,corto,1.2008,3.0,28.49999999999797,SL,-29.69999999999797,-1.0421052631578978,-1.0
2021-05-11 07:15:00,largo,1.21368,3.0,14.800000000001479,TP,43.20000000000443,2.9189189189189264,2.9999999999999996
2021-05-12 13:15:00,corto,1.20935,3.0,59.500000000001215,SL,-60.70000000000122,-1.0201680672268905,-1.0
2021-05-18 14:45:00,largo,1.22183,3.0,14.399999999998858,SL,-15.599999999998857,-1.08333333333334,-1.0
2021-05-27 08:45:00,corto,1.21827,3.0,33.199999999999896,SL,-34.3999999999999,-1.0361445783132532,-1.0
2021-06-07 07:30:00,largo,1.21633,3.0,19.499999999998963,SL,-20.699999999998962,-1.0615384615384649,-1.0
2021-06-10 13:45:00,largo,1.2182,3.0,39.70000000000029,SL,-40.90000000000029,-1.030226700251889,-1.0
2021-06-14 07:00:00,corto,1.21012,3.0,9.099999999999664,SL,-10.299999999999663,-1.1318681318681367,-1.0
2021-06-15 15:45:00,corto,1.21195,3.0,12.499999999999734,SL,-13.699999999999733,-1.096000000000002,-1.0
2021-06-23 07:30:00,largo,1.19341,3.0,23.800000000000487,SL,-25.000000000000487,-1.0504201680672258,-1.0
2021-07-07 08:30:00,corto,1.18182,3.0,17.199999999999438,SL,-18.399999999999437,-1.0697674418604675,-1.0
2021-07-07 12:45:00,corto,1.18157,3.0,21.700000000000053,SL,-22.900000000000052,-1.0552995391705067,-1.0
2021-07-09 07:45:00,largo,1.184,3.0,16.099999999998893,SL,-17.299999999998892,-1.0745341614906883,-1.0
2021-07-14 08:45:00,corto,1.17837,3.0,16.599999999999948,SL,-17.799999999999947,-1.0722891566265063,-1.0
2021-07-22 08:30:00,largo,1.17968,3.0,18.599999999999728,SL,-19.799999999999727,-1.064516129032259,-1.0
2021-07-23 08:45:00,corto,1.17746,3.0,12.900000000000134,SL,-14.100000000000133,-1.0930232558139525,-1.0
2021-07-30 06:30:00,largo,1.18824,3.0,8.500000000000174,TP,24.300000000000523,2.858823529411768,3.0
2021-08-02 06:30:00,corto,1.18669,3.0,10.099999999999554,SL,-11.299999999999553,-1.118811881188124,-1.0
2021-08-09 06:45:00,corto,1.17588,3.0,8.799999999999919,SL,-9.999999999999918,-1.1363636363636376,-1.0
2021-08-09 12:45:00,corto,1.1761,3.0,8.900000000000574,TP,25.500000000001723,2.8651685393258517,3.0
2021-08-12 07:30:00,largo,1.1739,3.0,7.399999999999629,SL,-8.599999999999628,-1.1621621621621703,-0.9999999999999999
2021-08-12 12:45:00,largo,1.17397,3.0,13.600000000000279,SL,-14.800000000000278,-1.0882352941176452,-1.0
2021-08-20 13:15:00,largo,1.16795,3.0,16.700000000000603,TP,48.9000000000018,2.9281437125748524,3.0
2021-08-27 13:45:00,largo,1.17638,3.0,29.999999999998916,TP,88.79999999999674,2.959999999999998,3.0
2021-09-07 08:45:00,largo,1.18761,3.0,17.500000000001403,SL,-18.700000000001403,-1.068571428571423,-1.0
2021-09-09 12:30:00,corto,1.18172,3.0,24.999999999999467,SL,-26.199999999999466,-1.048000000000001,-1.0
2021-09-17 12:45:00,corto,1.17734,3.0,16.399999999998638,TP,47.99999999999591,2.9268292682926766,3.0
2021-09-24 10:15:00,largo,1.17369,3.0,7.199999999998319,SL,-8.399999999998318,-1.1666666666667054,-0.9999999999999999
2021-09-28 14:45:00,corto,1.16736,3.0,28.500000000000192,TP,84.30000000000057,2.957894736842105,2.9999999999999996
2021-10-06 14:45:00,corto,1.15418,3.0,14.700000000000824,SL,-15.900000000000823,-1.08163265306122,-1.0
2021-10-19 13:45:00,largo,1.16555,3.0,15.199999999999658,SL,-16.399999999999658,-1.0789473684210544,-1.0
2021-10-22 15:15:00,corto,1.16355,3.0,21.099999999998342,SL,-22.29999999999834,-1.0568720379146963,-1.0
2021-10-26 08:30:00,corto,1.16047,3.0,9.600000000000719,SL,-10.800000000000718,-1.1249999999999907,-1.0
2021-10-28 08:15:00,corto,1.15979,3.0,17.499999999999183,SL,-18.699999999999182,-1.0685714285714318,-1.0
2021-11-01 12:30:00,corto,1.15734,3.0,7.800000000000029,SL,-9.000000000000028,-1.153846153846153,-0.9999999999999999
2021-11-09 13:45:00,largo,1.15959,3.0,27.099999999999902,SL,-28.2999999999999,-1.044280442804428,-1.0
2021-11-11 06:45:00,corto,1.14798,3.0,6.099999999999994,TP,17.099999999999984,2.80327868852459,3.0
2021-11-19 06:45:00,largo,1.13587,3.0,8.599999999998609,SL,-9.799999999998608,-1.1395348837209527,-1.0
2021-11-24 08:30:00,corto,1.12359,3.0,20.299999999999763,SL,-21.499999999999762,-1.0591133004926114,-1.0
2021-12-08 10:30:00,largo,1.12934,3.0,21.999999999999797,SL,-23.199999999999797,-1.0545454545454551,-1.0
2021-12-20 09:00:00,corto,1.12634,3.0,11.700000000001154,SL,-12.900000000001153,-1.1025641025640924,-1.0
2021-12-23 09:45:00,largo,1.13204,3.0,10.799999999999699,SL,-11.999999999999698,-1.111111111111114,-1.0
2021-12-28 08:15:00,largo,1.13253,3.0,10.700000000001264,SL,-11.900000000001263,-1.112149532710267,-1.0
2022-01-07 06:45:00,corto,1.12989,3.0,5.399999999999849,SL,-6.5999999999998495,-1.2222222222222285,-1.0
2022-01-11 11:30:00,largo,1.13378,3.0,12.900000000000134,SL,-14.100000000000133,-1.0930232558139525,-1.0
2022-01-12 08:45:00,largo,1.13669,3.0,12.999999999998568,TP,37.7999999999957,2.907692307692297,2.9999999999999996
2022-01-19 07:00:00,corto,1.13308,3.0,6.599999999998829,SL,-7.799999999998829,-1.181818181818214,-1.0
2022-02-01 13:30:00,largo,1.12633,3.0,10.900000000000354,SL,-12.100000000000353,-1.1100917431192625,-1.0
2022-02-23 13:15:00,largo,1.13471,3.0,11.700000000001154,SL,-12.900000000001153,-1.1025641025640924,-1.0
2022-03-07 06:30:00,corto,1.08719,3.0,18.399999999998418,SL,-19.599999999998417,-1.0652173913043534,-1.0
2022-03-29 09:00:00,largo,1.10092,3.0,35.29999999999811,TP,104.69999999999432,2.9660056657223777,3.0
2022-04-13 06:45:00,corto,1.08218,3.0,23.900000000001143,SL,-25.100000000001142,-1.050209205020918,-1.0
2022-04-13 11:45:00,corto,1.0831,3.0,17.700000000000493,SL,-18.900000000000492,-1.0677966101694896,-1.0
2022-04-14 09:00:00,largo,1.09125,3.0,11.900000000000244,SL,-13.100000000000243,-1.1008403361344516,-1.0
2022-04-22 13:30:00,corto,1.08114,3.0,34.40000000000109,TP,102.00000000000328,2.9651162790697687,3.0
2022-04-27 13:45:00,largo,1.05481,3.0,15.799999999999148,SL,-16.999999999999147,-1.0759493670886116,-1.0
2022-04-28 12:30:00,largo,1.05106,3.0,40.60000000000174,TP,120.60000000000522,2.9704433497536957,3.0
2022-05-10 07:30:00,largo,1.05756,3.0,25.600000000001177,SL,-26.800000000001177,-1.0468749999999978,-1.0
2022-05-12 14:45:00,largo,1.04121,3.0,29.599999999998516,SL,-30.799999999998516,-1.0405405405405426,-1.0
2022-05-20 14:30:00,largo,1.05642,3.0,25.399999999999867,SL,-26.599999999999866,-1.0472440944881891,-1.0
2022-05-27 14:45:00,corto,1.0711,3.0,40.29999999999978,SL,-41.49999999999978,-1.0297766749379655,-1.0
2022-06-01 13:45:00,corto,1.07085,3.0,22.999999999999687,TP,67.79999999999906,2.9478260869565207,3.0
2022-06-03 07:30:00,largo,1.07571,3.0,13.299999999998313,SL,-14.499999999998312,-1.0902255639097858,-1.0
2022-06-07 08:45:00,corto,1.06794,3.0,26.500000000000412,SL,-27.70000000000041,-1.0452830188679239,-1.0
2022-06-08 07:00:00,largo,1.06935,3.0,16.899999999999693,SL,-18.099999999999692,-1.0710059171597646,-1.0
2022-06-08 09:15:00,largo,1.06944,3.0,24.100000000000232,TP,71.10000000000069,2.9502074688796682,3.0
2022-06-10 07:45:00,corto,1.06255,3.0,17.699999999998273,TP,51.89999999999481,2.9322033898305015,3.0
2022-06-29 09:45:00,corto,1.05095,3.0,20.000000000000018,SL,-21.200000000000017,-1.0599999999999998,-1.0
2022-07-01 06:45:00,largo,1.04614,3.0,21.700000000000053,SL,-22.900000000000052,-1.0552995391705067,-1.0
2022-07-06 08:30:00,corto,1.02438,3.0,33.69999999999873,TP,99.89999999999618,2.964391691394657,3.0
2022-07-12 09:45:00,largo,1.00125,3.0000000000000817,13.599999999999168,TP,39.59999999999861,2.9117647058824287,3.0000000000000813
2022-07-13 12:30:00,corto,1.00063,3.0,96.00000000000053,SL,-97.20000000000053,-1.0125,-1.0
2022-07-15 07:15:00,largo,1.00266,3.0,20.800000000000818,TP,61.20000000000245,2.9423076923076943,3.0
2022-07-18 06:30:00,largo,1.01032,3.0,23.000000000001908,TP,67.80000000000572,2.947826086956526,3.0
2022-07-22 07:15:00,corto,1.01818,3.0,32.59999999999818,SL,-33.799999999998185,-1.0368098159509225,-1.0
2022-07-26 07:15:00,largo,1.02342,3.0,26.999999999999247,SL,-28.199999999999246,-1.0444444444444456,-1.0
2022-07-27 11:45:00,corto,1.01506,3.0,22.400000000000198,SL,-23.600000000000197,-1.0535714285714282,-1.0
2022-08-01 06:30:00,largo,1.02265,3.0,14.300000000000423,TP,41.70000000000127,2.9160839160839185,3.0
2022-08-03 10:15:00,corto,1.01811,3.0,20.099999999998452,SL,-21.29999999999845,-1.059701492537318,-1.0
2022-08-05 06:45:00,largo,1.02354,3.0,13.999999999998458,SL,-15.199999999998457,-1.0857142857142952,-1.0
2022-08-15 13:45:00,corto,1.01982,3.0,25.800000000000267,TP,76.2000000000008,2.9534883720930236,3.0
2022-08-23 07:30:00,largo,0.9943,3.0000000000000253,43.79999999999939,TP,130.1999999999993,2.9726027397260526,3.0000000000000253
2022-09-05 06:45:00,largo,0.99069,3.0,30.69999999999906,SL,-31.89999999999906,-1.0390879478827373,-1.0
2022-09-06 14:15:00,largo,0.98996,3.0,36.79999999999905,TP,109.19999999999716,2.9673913043478253,3.0
2022-09-14 08:45:00,corto,0.99913,3.0,19.600000000000726,SL,-20.800000000000725,-1.061224489795916,-1.0
2022-09-14 10:45:00,corto,1.0008,3.0,16.40000000000086,TP,48.00000000000257,2.9268292682926864,3.0
2022-09-23 09:45:00,largo,0.97619,3.0,26.800000000000157,SL,-28.000000000000156,-1.0447761194029848,-1.0
2022-09-26 11:30:00,largo,0.96493,3.0,31.49999999999986,SL,-32.69999999999986,-1.0380952380952382,-1.0
2022-10-07 08:45:00,corto,0.98017,3.0,16.00000000000046,TP,46.80000000000137,2.9250000000000016,3.0
2022-11-08 09:30:00,largo,0.9999,3.0,28.500000000000192,TP,84.30000000000057,2.957894736842105,2.9999999999999996
2022-11-14 12:45:00,largo,1.03339,3.0,63.59999999999921,SL,-64.79999999999922,-1.018867924528302,-1.0
2022-11-21 15:45:00,corto,1.02397,3.0,23.800000000000487,SL,-25.000000000000487,-1.0504201680672258,-1.0
2022-12-01 08:30:00,largo,1.04302,3.0,38.3,TP,113.69999999999999,2.968668407310705,3.0
2022-12-14 08:30:00,largo,1.06364,3.0,18.699999999998163,TP,54.899999999994485,2.935828877005341,3.0
2023-01-11 09:15:00,largo,1.07462,3.0,21.799999999998487,TP,64.19999999999546,2.944954128440363,3.0
2023-01-17 06:45:00,corto,1.08146,3.0,21.799999999998487,SL,-22.999999999998487,-1.055045871559637,-1.0
2023-02-02 07:00:00,largo,1.10088,3.0,6.099999999999994,SL,-7.2999999999999945,-1.19672131147541,-1.0
2023-02-02 09:30:00,largo,1.10031,3.0,15.399999999998748,SL,-16.599999999998747,-1.0779220779220842,-1.0
2023-02-10 08:30:00,corto,1.07295,3.0,23.999999999999577,TP,70.79999999999873,2.9499999999999993,3.0
2023-02-14 13:30:00,largo,1.07615,3.0,44.599999999999085,SL,-45.79999999999909,-1.026905829596413,-1.0
2023-02-17 07:30:00,largo,1.06441,3.0,15.899999999999803,SL,-17.099999999999802,-1.0754716981132084,-1.0
2023-02-20 10:00:00,largo,1.06885,3.0,11.499999999999844,SL,-12.699999999999843,-1.104347826086958,-1.0
2023-02-22 15:30:00,corto,1.06369,3.0,21.400000000000308,TP,63.000000000000924,2.9439252336448605,3.0
2023-03-07 07:15:00,largo,1.069,3.0,16.599999999999948,SL,-17.799999999999947,-1.0722891566265063,-1.0
2023-03-08 09:45:00,corto,1.05393,3.0,10.099999999999554,SL,-11.299999999999553,-1.118811881188124,-1.0
2023-03-13 11:45:00,largo,1.07224,3.0,73.40000000000124,SL,-74.60000000000124,-1.0163487738419617,-1.0
2023-03-22 06:45:00,largo,1.07658,3.0,7.800000000000029,TP,22.200000000000088,2.8461538461538467,3.0
2023-03-31 06:45:00,largo,1.09039,3.0,17.199999999999438,SL,-18.399999999999437,-1.0697674418604675,-1.0
2023-04-06 12:15:00,corto,1.0909,3.0,9.200000000000319,SL,-10.400000000000318,-1.1304347826086911,-1.0
2023-04-20 12:30:00,largo,1.09684,3.0,36.000000000000476,TP,106.80000000000142,2.966666666666667,3.0
2023-05-02 07:45:00,corto,1.09855,3.0,22.100000000000453,SL,-23.300000000000452,-1.0542986425339356,-1.0
2023-05-05 07:45:00,corto,1.10268,3.0,21.899999999999142,SL,-23.09999999999914,-1.0547945205479474,-1.0
2023-05-10 14:30:00,corto,1.09748,3.0,33.0000000000008,TP,97.80000000000241,2.9636363636363647,3.0
2023-05-15 06:30:00,corto,1.08623,3.0,10.600000000000609,SL,-11.800000000000608,-1.1132075471698049,-1.0
2023-05-24 06:45:00,corto,1.07776,3.0,12.699999999998823,SL,-13.899999999998823,-1.0944881889763867,-1.0
2023-05-26 12:30:00,corto,1.07305,3.0,27.69999999999939,TP,81.89999999999817,2.9566787003610098,3.0
2023-06-09 07:45:00,largo,1.07753,3.0,8.900000000000574,SL,-10.100000000000573,-1.1348314606741485,-1.0
2023-06-13 14:30:00,largo,1.07996,3.0,22.500000000000853,SL,-23.700000000000852,-1.0533333333333312,-1.0
2023-06-20 06:45:00,corto,1.09215,3.0,11.700000000001154,SL,-12.900000000001153,-1.1025641025640924,-1.0
2023-06-22 07:00:00,largo,1.09873,3.0,8.60000000000083,SL,-9.800000000000828,-1.1395348837209167,-1.0
2023-07-14 13:15:00,largo,1.1228,3.0,11.499999999999844,SL,-12.699999999999843,-1.104347826086958,-1.0
2023-07-24 07:15:00,corto,1.11246,3.0,23.299999999999432,TP,68.6999999999983,2.948497854077252,3.0
2023-07-28 06:45:00,corto,1.09713,3.0,20.800000000000818,SL,-22.000000000000817,-1.0576923076923055,-1.0
2023-07-31 13:30:00,largo,1.10365,3.0,22.800000000000598,SL,-24.000000000000597,-1.052631578947367,-1.0
2023-08-01 14:00:00,corto,1.09671,3.0,23.099999999998122,SL,-24.29999999999812,-1.0519480519480562,-1.0
2023-08-04 07:00:00,largo,1.09504,3.0,7.299999999998974,SL,-8.499999999998973,-1.1643835616438587,-0.9999999999999999
2023-08-04 12:15:00,largo,1.0949,3.0,14.899999999999913,TP,43.49999999999974,2.9194630872483214,3.0
2023-08-11 06:45:00,corto,1.09909,3.0,12.100000000001554,SL,-13.300000000001553,-1.0991735537189955,-1.0
2023-08-25 14:15:00,corto,1.07903,3.0,52.400000000001334,SL,-53.60000000000134,-1.022900763358778,-1.0
2023-08-30 08:30:00,largo,1.08665,3.0,12.399999999999078,TP,35.99999999999723,2.903225806451605,2.9999999999999996
2023-09-04 11:45:00,corto,1.08002,3.0,9.500000000000064,TP,27.300000000000193,2.8736842105263167,3.0
2023-09-11 12:45:00,largo,1.07274,3.0,13.000000000000789,TP,37.80000000000236,2.907692307692313,3.0
2023-09-15 09:45:00,corto,1.06631,3.0,7.099999999999884,SL,-8.299999999999883,-1.169014084507045,-0.9999999999999999
2023-09-19 07:30:00,largo,1.06876,3.0,13.600000000000279,SL,-14.800000000000278,-1.0882352941176452,-1.0
2023-10-03 07:15:00,corto,1.04709,3.0,9.799999999999809,SL,-10.999999999999808,-1.122448979591839,-1.0
2023-10-11 06:30:00,largo,1.06118,3.0,13.700000000000934,SL,-14.900000000000933,-1.0875912408759063,-1.0
2023-10-16 14:15:00,largo,1.05394,3.0,14.800000000001479,TP,43.20000000000443,2.9189189189189264,2.9999999999999996
2023-10-19 07:45:00,corto,1.05375,3.0,11.700000000001154,SL,-12.900000000001153,-1.1025641025640924,-1.0
2023-10-25 15:45:00,corto,1.05829,3.0,13.700000000000934,TP,39.9000000000028,2.9124087591240935,3.0
2023-11-06 15:45:00,largo,1.07437,3.0,18.599999999999728,SL,-19.799999999999727,-1.064516129032259,-1.0
2023-11-09 06:30:00,largo,1.07074,3.0,6.999999999999229,SL,-8.199999999999228,-1.1714285714285901,-0.9999999999999999
2023-11-28 13:15:00,largo,1.096,3.0,15.600000000000058,TP,45.60000000000017,2.9230769230769234,3.0
2023-11-29 13:30:00,corto,1.09757,3.0,20.100000000000673,TP,59.10000000000201,2.940298507462688,3.0
2023-11-30 13:30:00,corto,1.09272,3.0,23.400000000000087,TP,69.00000000000026,2.9487179487179485,3.0
2023-12-15 06:45:00,largo,1.09874,3.0,7.800000000000029,SL,-9.000000000000028,-1.153846153846153,-0.9999999999999999
2023-12-18 15:00:00,corto,1.09183,3.0,13.799999999999368,SL,-14.999999999999368,-1.0869565217391344,-1.0
2023-12-19 07:45:00,corto,1.09285,3.0,13.699999999998713,SL,-14.899999999998712,-1.0875912408759205,-1.0
2023-12-20 07:45:00,largo,1.09665,3.0,16.899999999999693,SL,-18.099999999999692,-1.0710059171597646,-1.0
2023-12-22 07:00:00,largo,1.09997,3.0,6.899999999998574,TP,19.499999999995723,2.8260869565217033,3.0
2023-12-28 06:45:00,largo,1.11134,3.0,9.600000000000719,SL,-10.800000000000718,-1.1249999999999907,-1.0
2024-01-03 08:15:00,corto,1.09528,3.0,13.600000000000279,TP,39.60000000000083,2.9117647058823546,3.0
2024-01-10 13:00:00,largo,1.09509,3.0,10.699999999999044,SL,-11.899999999999043,-1.1121495327102904,-1.0
2024-01-11 08:15:00,largo,1.09802,3.0,9.500000000000064,SL,-10.700000000000063,-1.1263157894736833,-1.0
2024-02-05 06:30:00,corto,1.07798,3.0,5.9000000000009045,SL,-7.100000000000905,-1.2033898305084434,-1.0
2024-02-08 07:30:00,corto,1.07811,3.0,8.799999999999919,TP,25.199999999999758,2.8636363636363624,3.0
2024-02-13 07:30:00,corto,1.07659,3.0,12.700000000001044,SL,-13.900000000001043,-1.0944881889763702,-1.0
2024-02-14 13:45:00,corto,1.07086,3.0,9.099999999999664,SL,-10.299999999999663,-1.1318681318681367,-1.0
2024-02-19 10:15:00,largo,1.07771,3.0,5.999999999999339,SL,-7.199999999999339,-1.2000000000000222,-1.0
2024-02-23 08:15:00,corto,1.08265,3.0,6.900000000000794,SL,-8.100000000000794,-1.1739130434782408,-0.9999999999999999
2024-03-01 12:45:00,corto,1.08128,3.0,12.900000000000134,SL,-14.100000000000133,-1.0930232558139525,-1.0
2024-03-04 13:30:00,largo,1.0847,3.0,7.900000000000684,TP,22.500000000002053,2.848101265822798,3.0
2024-03-07 08:45:00,largo,1.08976,3.0,11.000000000001009,SL,-12.200000000001008,-1.109090909090899,-1.0
2024-03-08 09:45:00,largo,1.09351,3.0,9.999999999998899,SL,-11.199999999998898,-1.1200000000000132,-1.0
2024-03-15 12:15:00,corto,1.08843,3.0,16.300000000000203,SL,-17.500000000000203,-1.0736196319018396,-1.0
2024-03-22 13:00:00,corto,1.08228,3.0,9.900000000000464,SL,-11.100000000000463,-1.1212121212121156,-1.0
2024-04-08 12:30:00,largo,1.08294,3.0,9.600000000000719,TP,27.600000000002158,2.8750000000000093,3.0
2024-04-11 13:30:00,corto,1.07377,3.0,19.700000000000273,TP,57.900000000000816,2.9390862944162444,3.0
2024-04-15 06:45:00,corto,1.06543,3.0,11.499999999999844,TP,33.29999999999953,2.895652173913042,3.0
2024-05-02 12:30:00,largo,1.07101,3.0,17.700000000000493,SL,-18.900000000000492,-1.0677966101694896,-1.0
2024-05-03 07:30:00,largo,1.07327,3.0,9.299999999998754,TP,26.699999999996262,2.8709677419354667,3.0
2024-05-13 06:45:00,corto,1.077,3.0,6.699999999999484,SL,-7.899999999999484,-1.1791044776119541,-1.0
2024-05-27 06:45:00,largo,1.08511,3.0,7.900000000000684,SL,-9.100000000000684,-1.151898734177202,-0.9999999999999999
2024-05-29 07:30:00,corto,1.08547,3.0,5.1000000000001044,TP,14.100000000000314,2.764705882352946,3.0
2024-06-11 07:30:00,largo,1.07679,3.0,7.899999999998464,SL,-9.099999999998463,-1.1518987341772446,-0.9999999999999999
2024-07-08 06:30:00,largo,1.08285,3.0,14.899999999999913,SL,-16.099999999999913,-1.0805369127516782,-1.0
2024-07-15 07:45:00,largo,1.08956,3.0,12.900000000000134,SL,-14.100000000000133,-1.0930232558139525,-1.0
2024-07-17 07:15:00,largo,1.09061,3.0,12.100000000001554,TP,35.100000000004655,2.900826446281004,2.9999999999999996
2024-07-17 15:15:00,largo,1.09334,3.0,6.800000000000139,SL,-8.000000000000139,-1.1764705882352904,-0.9999999999999999
2024-07-19 12:30:00,corto,1.08852,3.0,9.900000000000464,SL,-11.100000000000463,-1.1212121212121156,-1.0
2024-07-30 07:45:00,corto,1.08187,3.0,9.099999999999664,SL,-10.299999999999663,-1.1318681318681367,-1.0
2024-07-31 06:45:00,largo,1.08252,3.0,10.599999999998388,SL,-11.799999999998388,-1.1132075471698284,-1.0
2024-08-02 06:45:00,corto,1.07961,3.0,13.600000000000279,SL,-14.800000000000278,-1.0882352941176452,-1.0
2024-08-05 06:30:00,largo,1.09136,3.0,22.300000000001763,TP,65.70000000000529,2.946188340807179,3.0
2024-08-14 06:30:00,largo,1.09947,3.0,9.399999999999409,TP,26.999999999998227,2.872340425531907,3.0
2024-08-21 14:00:00,largo,1.11217,3.0,23.500000000000743,SL,-24.700000000000742,-1.0510638297872323,-1.0
2024-08-27 08:45:00,corto,1.11666,3.0,8.300000000001084,SL,-9.500000000001084,-1.144578313252993,-1.0
2024-08-29 06:30:00,corto,1.11301,3.0,10.799999999999699,TP,31.199999999999097,2.8888888888888857,3.0
2024-08-30 08:45:00,corto,1.10748,3.0,21.199999999998997,SL,-22.399999999998997,-1.0566037735849083,-1.0
2024-09-12 06:45:00,corto,1.1008,3.0,16.799999999999038,SL,-17.999999999999037,-1.0714285714285754,-1.0
2024-09-13 07:15:00,largo,1.10814,3.0,9.399999999999409,TP,26.999999999998227,2.872340425531907,3.0
2024-09-17 07:15:00,largo,1.1124,3.0,9.399999999999409,SL,-10.599999999999408,-1.127659574468093,-1.0
2024-09-19 13:00:00,largo,1.11356,3.0,11.700000000001154,SL,-12.900000000001153,-1.1025641025640924,-1.0
2024-09-20 08:30:00,largo,1.11685,3.0,17.199999999999438,SL,-18.399999999999437,-1.0697674418604675,-1.0
2024-09-20 15:30:00,largo,1.11545,3.0,19.500000000001183,SL,-20.700000000001182,-1.0615384615384578,-1.0
2024-09-25 09:45:00,largo,1.11832,3.0,5.999999999999339,TP,16.79999999999802,2.799999999999978,3.0
2024-09-26 07:45:00,corto,1.11347,3.0,24.200000000000887,SL,-25.400000000000887,-1.0495867768595022,-1.0
2024-09-26 11:15:00,corto,1.11521,3.0,8.699999999999264,SL,-9.899999999999263,-1.1379310344827702,-1.0
2024-10-07 08:45:00,corto,1.097,3.0,9.799999999999809,SL,-10.999999999999808,-1.122448979591839,-1.0
2024-10-07 12:15:00,corto,1.09751,3.0,9.500000000000064,SL,-10.700000000000063,-1.1263157894736833,-1.0
2024-10-07 14:45:00,corto,1.09745,3.0,11.299999999998533,SL,-12.499999999998533,-1.1061946902655004,-1.0
2024-10-14 06:45:00,corto,1.0925,3.0,6.399999999999739,SL,-7.599999999999739,-1.1875000000000078,-1.0
2024-10-23 06:30:00,corto,1.0795,3.0,12.600000000000389,SL,-13.800000000000388,-1.0952380952380922,-1.0
2024-10-25 07:15:00,largo,1.08243,3.0,11.699999999998933,SL,-12.899999999998933,-1.1025641025641117,-1.0
2024-10-31 13:15:00,largo,1.08713,3.0,20.799999999998597,SL,-21.999999999998597,-1.0576923076923115,-1.0
2024-11-22 08:30:00,corto,1.04724,3.0,26.699999999999502,TP,78.8999999999985,2.95505617977528,3.0
2024-12-02 12:30:00,corto,1.05145,3.0,24.699999999999722,SL,-25.89999999999972,-1.0485829959514175,-1.0
2024-12-18 07:45:00,corto,1.04967,3.0,16.999999999998128,TP,49.79999999999438,2.929411764705874,3.0
2025-01-15 07:30:00,largo,1.03001,3.0,14.500000000001734,TP,42.3000000000052,2.9172413793103544,3.0
2025-01-17 14:45:00,largo,1.02984,3.0,34.19999999999978,TP,101.39999999999935,2.9649122807017543,3.0
2025-01-22 14:45:00,largo,1.04244,3.0,11.300000000000754,SL,-12.500000000000753,-1.1061946902654796,-1.0
2025-01-29 06:45:00,corto,1.04369,3.0,7.500000000000284,TP,21.300000000000853,2.840000000000006,3.0
2025-01-30 07:45:00,largo,1.04237,3.0,15.400000000000968,SL,-16.600000000000968,-1.077922077922073,-1.0
2025-01-31 13:30:00,corto,1.03807,3.0,15.499999999999403,SL,-16.699999999999402,-1.0774193548387125,-1.0
2025-02-03 09:45:00,corto,1.02304,3.0,24.900000000001032,SL,-26.10000000000103,-1.0481927710843353,-1.0
2025-02-07 13:30:00,corto,1.03698,3.0,43.59999999999919,SL,-44.799999999999194,-1.027522935779817,-1.0
2025-02-26 08:15:00,largo,1.05093,3.0,23.499999999998522,SL,-24.69999999999852,-1.0510638297872372,-1.0
2025-02-27 11:15:00,corto,1.04775,3.0,10.600000000000609,SL,-11.800000000000608,-1.1132075471698049,-1.0
2025-02-28 09:45:00,corto,1.03951,3.0,13.700000000000934,SL,-14.900000000000933,-1.0875912408759063,-1.0
2025-02-28 13:30:00,corto,1.04064,3.0,10.699999999999044,SL,-11.899999999999043,-1.1121495327102904,-1.0
2025-03-04 15:30:00,largo,1.05216,3.0,26.399999999999757,TP,77.99999999999926,2.9545454545454537,2.9999999999999996
2025-03-06 09:45:00,largo,1.07996,3.0,20.400000000000418,SL,-21.600000000000417,-1.0588235294117634,-1.0
2025-03-21 11:15:00,corto,1.08433,3.0,18.799999999998818,TP,55.19999999999645,2.9361702127659535,3.0
2025-03-31 06:45:00,largo,1.08371,3.0,13.399999999998968,SL,-14.599999999998968,-1.089552238805977,-1.0
2025-04-04 10:15:00,largo,1.10443,3.0,81.1000000000006,SL,-82.30000000000061,-1.0147965474722564,-1.0
2025-04-11 06:45:00,largo,1.12864,3.0,40.800000000000836,TP,121.2000000000025,2.970588235294118,3.0
2025-04-28 13:30:00,largo,1.13718,3.0,33.49999999999964,SL,-34.69999999999964,-1.0358208955223884,-1.0
2025-05-06 12:30:00,largo,1.13378,3.0,33.70000000000095,SL,-34.90000000000095,-1.0356083086053403,-1.0
2025-06-12 07:45:00,largo,1.15262,3.0,21.599999999999397,TP,63.59999999999819,2.944444444444443,3.0
2025-06-17 12:45:00,corto,1.15504,3.0,30.200000000000227,TP,89.40000000000067,2.960264900662252,3.0
2025-07-09 13:30:00,corto,1.17095,3.0,13.900000000000023,SL,-15.100000000000023,-1.0863309352517985,-1.0
2025-07-11 11:15:00,corto,1.16881,3.0,14.000000000000679,SL,-15.200000000000678,-1.0857142857142814,-1.0
2025-07-11 13:45:00,corto,1.16886,3.0,26.200000000000667,TP,77.400000000002,2.954198473282444,3.0
2025-07-16 07:30:00,corto,1.16157,3.0,13.399999999998968,TP,38.9999999999969,2.910447761194023,3.0
2025-07-18 06:45:00,largo,1.16204,3.0,9.500000000000064,TP,27.300000000000193,2.8736842105263167,3.0
2025-07-22 13:30:00,largo,1.16992,3.0,21.400000000000308,TP,63.000000000000924,2.9439252336448605,3.0
2025-07-24 07:15:00,largo,1.17677,3.0,13.700000000000934,SL,-14.900000000000933,-1.0875912408759063,-1.0
2025-07-25 06:45:00,corto,1.17476,3.0,14.300000000000423,TP,41.70000000000127,2.9160839160839185,3.0
2025-08-28 08:30:00,largo,1.16409,3.0,13.000000000000789,TP,37.80000000000236,2.907692307692313,3.0
2025-09-01 13:00:00,largo,1.17137,3.0,9.600000000000719,SL,-10.800000000000718,-1.1249999999999907,-1.0
2025-09-03 06:45:00,corto,1.16328,3.0,11.099999999999444,SL,-12.299999999999443,-1.1081081081081134,-1.0
2025-09-17 12:30:00,largo,1.18392,3.0,7.600000000000939,TP,21.60000000000282,2.8421052631579142,3.0
2025-09-25 10:45:00,corto,1.17468,3.0,8.00000000000134,TP,22.80000000000402,2.8500000000000254,3.0
2025-09-26 06:30:00,corto,1.16747,3.0,9.999999999998899,SL,-11.199999999998898,-1.1200000000000132,-1.0
2025-09-26 13:15:00,corto,1.16804,3.0,14.899999999999913,SL,-16.099999999999913,-1.0805369127516782,-1.0
2025-10-01 07:30:00,corto,1.17426,3.0,36.89999999999971,TP,109.49999999999912,2.967479674796748,3.0
2025-10-15 13:15:00,largo,1.16204,3.0,11.099999999999444,TP,32.099999999998325,2.891891891891886,2.9999999999999996
2025-10-24 06:30:00,largo,1.16104,3.0,10.600000000000609,TP,30.600000000001828,2.8867924528301954,3.0
2025-10-28 07:15:00,largo,1.16582,3.0,9.300000000000974,SL,-10.500000000000973,-1.1290322580645025,-1.0
2025-11-04 10:30:00,largo,1.15092,3.0,11.299999999998533,SL,-12.499999999998533,-1.1061946902655004,-1.0
2025-11-05 13:15:00,corto,1.14865,3.0,7.900000000000684,SL,-9.100000000000684,-1.151898734177202,-0.9999999999999999
2025-11-07 08:00:00,largo,1.15382,3.0,9.799999999999809,TP,28.199999999999427,2.877551020408161,3.0
2025-11-11 08:45:00,corto,1.15546,3.0,14.600000000000168,SL,-15.800000000000168,-1.0821917808219168,-1.0
2025-11-18 15:45:00,corto,1.15819,3.0,26.699999999999502,TP,78.8999999999985,2.95505617977528,3.0
2025-11-26 14:30:00,largo,1.1575,3.0,28.999999999999027,TP,85.79999999999707,2.9586206896551706,2.9999999999999996
2025-12-24 08:45:00,largo,1.17993,3.0,20.599999999999508,SL,-21.799999999999507,-1.0582524271844673,-1.0
2026-01-07 15:15:00,corto,1.1687,3.0,12.499999999999734,TP,36.299999999999194,2.9039999999999973,2.9999999999999996
2026-01-12 15:30:00,largo,1.16818,3.0,9.999999999998899,SL,-11.199999999998898,-1.1200000000000132,-1.0
2026-01-14 07:45:00,corto,1.16461,3.0,6.800000000000139,SL,-8.000000000000139,-1.1764705882352904,-0.9999999999999999
2026-01-16 09:45:00,corto,1.16085,3.0,7.600000000000939,SL,-8.800000000000939,-1.1578947368420855,-0.9999999999999999
2026-01-19 09:30:00,largo,1.16243,3.0,14.300000000000423,TP,41.70000000000127,2.9160839160839185,3.0
2026-01-23 08:30:00,largo,1.17449,3.0,17.599999999999838,TP,51.59999999999951,2.931818181818181,3.0
2026-01-26 13:45:00,largo,1.18559,3.0,22.199999999998887,TP,65.39999999999665,2.945945945945943,2.9999999999999996
2026-02-05 14:45:00,corto,1.17978,3.0,24.999999999999467,SL,-26.199999999999466,-1.048000000000001,-1.0
2026-02-10 13:30:00,largo,1.19014,3.0,13.900000000000023,SL,-15.100000000000023,-1.0863309352517985,-1.0
2026-02-19 09:45:00,corto,1.17998,3.0,8.699999999999264,TP,24.899999999997792,2.86206896551723,3.0
2026-02-20 10:15:00,corto,1.17592,3.0,10.499999999999954,SL,-11.699999999999953,-1.1142857142857148,-1.0
2026-02-20 13:30:00,corto,1.17634,3.0,19.700000000000273,SL,-20.900000000000272,-1.0609137055837554,-1.0
2026-03-12 07:15:00,corto,1.15485,3.0,8.500000000000174,SL,-9.700000000000173,-1.1411764705882324,-1.0
2026-03-12 09:15:00,corto,1.15493,3.0,14.499999999999513,SL,-15.699999999999513,-1.082758620689658,-1.0
2026-03-20 09:45:00,largo,1.15596,3.0,25.600000000001177,SL,-26.800000000001177,-1.0468749999999978,-1.0
2026-04-21 13:45:00,corto,1.17655,3.0,6.999999999999229,SL,-8.199999999999228,-1.1714285714285901,-0.9999999999999999
2026-05-01 06:45:00,largo,1.17353,3.0,17.599999999999838,SL,-18.799999999999837,-1.0681818181818188,-1.0
2026-05-25 14:30:00,largo,1.16442,3.0,6.800000000000139,SL,-8.000000000000139,-1.1764705882352904,-0.9999999999999999
2026-05-26 06:30:00,largo,1.16361,3.0,10.099999999999554,SL,-11.299999999999553,-1.118811881188124,-1.0
2026-06-02 14:30:00,largo,1.16464,3.0,11.299999999998533,SL,-12.499999999998533,-1.1061946902655004,-1.0
2026-06-08 07:45:00,corto,1.15163,3.0,24.399999999999977,SL,-25.599999999999977,-1.0491803278688525,-1.0
2026-06-16 14:45:00,largo,1.16071,3.0,20.299999999999763,SL,-21.499999999999762,-1.0591133004926114,-1.0
2026-06-18 15:45:00,corto,1.14692,3.0,19.299999999999873,TP,56.69999999999961,2.9378238341968905,3.0
2026-06-24 15:45:00,corto,1.1348,3.0,14.499999999999513,SL,-15.699999999999513,-1.082758620689658,-1.0
2026-06-30 13:45:00,corto,1.13963,3.0,11.600000000000499,SL,-12.800000000000498,-1.1034482758620645,-1.0
2026-07-16 11:45:00,largo,1.14686,3.0,13.000000000000789,SL,-14.200000000000788,-1.0923076923076867,-1.0
2026-07-16 13:15:00,largo,1.1458,3.0,14.699999999998603,SL,-15.899999999998602,-1.0816326530612321,-1.0
