fecha,d_open,d_high,d_low,d_close,asia_high,asia_low,londres_high,londres_low,ny_high,ny_low,asia_rango_p
2026-01-02,1.17464,1.17649,1.17132,1.17199,1.17649,1.17413,1.17468,1.17132,1.17542,1.17141,23.6
2026-01-05,1.17107,1.17286,1.16588,1.17184,1.17126,1.16721,1.16948,1.16698,1.17286,1.16588,40.5
2026-01-06,1.17185,1.17428,1.16837,1.16879,1.17382,1.17106,1.17428,1.16969,1.17174,1.16837,27.6
2026-01-07,1.1688,1.17025,1.16727,1.16768,1.17025,1.16851,1.16987,1.16728,1.16985,1.16727,17.4
2026-01-08,1.16771,1.16828,1.16425,1.16583,1.16828,1.16724,1.16828,1.16687,1.16777,1.16425,10.4
2026-01-09,1.16583,1.16621,1.16179,1.16298,1.16621,1.16459,1.16529,1.16367,1.16604,1.16179,16.2
2026-01-12,1.16294,1.16984,1.16216,1.16681,1.16729,1.16216,1.16957,1.16684,1.16984,1.16628,51.3
2026-01-13,1.16676,1.16776,1.1634,1.16436,1.16705,1.16537,1.16742,1.16529,1.16776,1.1634,16.8
2026-01-14,1.16437,1.16615,1.16354,1.16438,1.165,1.16359,1.16599,1.1641,1.16615,1.16354,14.1
2026-01-15,1.16437,1.16468,1.1593,1.16061,1.16468,1.16298,1.16409,1.16202,1.1625,1.1593,17.0
2026-01-16,1.16061,1.16273,1.15843,1.1595,1.16141,1.16023,1.16233,1.16079,1.16273,1.15843,11.8
2026-01-19,1.15842,1.16487,1.15794,1.1645,1.16378,1.15794,1.16412,1.1611,1.16487,1.16257,58.4
2026-01-20,1.1645,1.17688,1.16324,1.17218,1.16723,1.16324,1.17436,1.16638,1.17688,1.17106,39.9
2026-01-21,1.17218,1.1743,1.16763,1.16846,1.17342,1.17104,1.17357,1.17012,1.1743,1.16763,23.8
2026-01-22,1.16851,1.17563,1.16697,1.1755,1.16972,1.16697,1.17091,1.16841,1.17563,1.17028,27.5
2026-01-23,1.17552,1.18336,1.17283,1.1828,1.17591,1.17414,1.17473,1.17283,1.18336,1.17318,17.7
2026-01-26,1.18891,1.19069,1.18347,1.18753,1.18976,1.18443,1.18674,1.18364,1.19069,1.18347,53.3
2026-01-27,1.18756,1.20822,1.18502,1.20402,1.18993,1.187,1.19342,1.18502,1.20822,1.19141,29.3
2026-01-28,1.2041,1.2045,1.18957,1.19555,1.2045,1.19748,1.20257,1.19617,1.19807,1.18957,70.2
2026-01-29,1.19556,1.19964,1.19059,1.19679,1.19934,1.1952,1.19964,1.19379,1.19725,1.19059,41.4
2026-01-30,1.19694,1.19745,1.18498,1.185,1.19745,1.18948,1.19546,1.18981,1.19244,1.18498,79.7
2026-02-02,1.18487,1.18747,1.17758,1.17882,1.18747,1.18395,1.18712,1.1843,1.18501,1.17758,35.2
2026-02-03,1.17883,1.18288,1.178,1.18164,1.18165,1.17869,1.18243,1.17825,1.18288,1.178,29.6
2026-02-04,1.18164,1.18379,1.17903,1.18047,1.18361,1.18086,1.18379,1.18046,1.18268,1.17903,27.5
2026-02-05,1.18046,1.18218,1.17749,1.17803,1.18082,1.17826,1.18088,1.17802,1.18218,1.17749,25.6
2026-02-06,1.17804,1.1826,1.17654,1.18115,1.18016,1.17654,1.17997,1.17855,1.1826,1.17922,36.2
2026-02-09,1.18141,1.19266,1.18097,1.19113,1.18577,1.18097,1.18829,1.18468,1.19266,1.18815,48.0
2026-02-10,1.1912,1.19285,1.18866,1.18907,1.19169,1.18965,1.19198,1.1891,1.19285,1.18866,20.4
2026-02-11,1.18914,1.19272,1.18331,1.18723,1.19256,1.18862,1.19272,1.18985,1.19044,1.18331,39.4
2026-02-12,1.1872,1.18899,1.18522,1.18711,1.18846,1.18522,1.18878,1.18596,1.18899,1.18561,32.4
2026-02-13,1.18713,1.18846,1.18469,1.18655,1.18734,1.18533,1.18666,1.18469,1.18846,1.18475,20.1
2026-02-16,1.18698,1.18715,1.18462,1.18495,1.18715,1.18589,1.18703,1.18499,1.18634,1.18462,12.6
2026-02-17,1.18497,1.18551,1.18049,1.18517,1.18519,1.18357,1.18497,1.1824,1.18551,1.18049,16.2
2026-02-18,1.18517,1.18573,1.17818,1.17838,1.18573,1.18392,1.18472,1.18284,1.18485,1.17818,18.1
2026-02-19,1.17839,1.18075,1.17418,1.17704,1.18008,1.17839,1.18075,1.17668,1.1778,1.17418,16.9
2026-02-20,1.17702,1.18074,1.17432,1.17814,1.17757,1.17501,1.17707,1.17432,1.18074,1.17551,25.6
2026-02-23,1.17923,1.18346,1.17744,1.1786,1.18346,1.17922,1.18275,1.17744,1.18098,1.17781,42.4
2026-02-24,1.1786,1.17963,1.1766,1.17736,1.17963,1.17679,1.1793,1.17714,1.179,1.1766,28.4
2026-02-25,1.17737,1.18142,1.17709,1.18094,1.18063,1.17724,1.18078,1.17709,1.18142,1.17729,33.9
2026-02-26,1.18096,1.18288,1.17737,1.17967,1.18288,1.18095,1.18186,1.17931,1.18167,1.17737,19.3
2026-02-27,1.17968,1.18268,1.17887,1.18167,1.18131,1.17887,1.18216,1.17927,1.18268,1.17903,24.4
2026-03-02,1.17755,1.17958,1.16717,1.16852,1.17958,1.173,1.17472,1.1698,1.17237,1.16717,65.8
2026-03-03,1.16852,1.17067,1.153,1.16105,1.17067,1.16618,1.16691,1.15818,1.16257,1.153,44.9
2026-03-04,1.16102,1.16546,1.15745,1.16339,1.16202,1.15745,1.16546,1.15921,1.16521,1.16167,45.7
2026-03-05,1.16339,1.16473,1.15587,1.16063,1.16473,1.15875,1.16445,1.15815,1.16243,1.15587,59.8
2026-03-06,1.16062,1.16213,1.15457,1.1617,1.16211,1.16017,1.1618,1.15522,1.16213,1.15457,19.4
2026-03-09,1.15241,1.16454,1.15069,1.16163,1.15713,1.15069,1.15877,1.15152,1.16454,1.15476,64.4
2026-03-10,1.16163,1.16672,1.16027,1.16111,1.16635,1.16069,1.16618,1.16203,1.16672,1.16027,56.6
2026-03-11,1.16115,1.16453,1.15396,1.15425,1.16453,1.16055,1.16212,1.15772,1.16126,1.15396,39.8
2026-03-12,1.15424,1.15662,1.15096,1.15207,1.15554,1.15317,1.15662,1.152,1.15331,1.15096,23.7
2026-03-13,1.15208,1.15296,1.14108,1.14161,1.15296,1.14541,1.14901,1.14328,1.14848,1.14108,75.5
2026-03-16,1.14354,1.15248,1.14139,1.14983,1.14564,1.14139,1.15007,1.14258,1.15248,1.14775,42.5
2026-03-17,1.14984,1.15471,1.14658,1.15387,1.15028,1.14658,1.15435,1.14876,1.15471,1.15181,37.0
2026-03-18,1.15389,1.15551,1.14496,1.14632,1.15492,1.15233,1.15551,1.14905,1.15295,1.14496,25.9
2026-03-19,1.14631,1.16161,1.14429,1.15763,1.14912,1.14506,1.15271,1.14429,1.16161,1.14984,40.6
2026-03-20,1.1576,1.15805,1.15245,1.15694,1.158,1.15523,1.15805,1.1535,1.15718,1.15245,27.7
2026-03-23,1.1562,1.16397,1.14843,1.1608,1.15642,1.15203,1.16196,1.14843,1.16397,1.15763,43.9
2026-03-24,1.16079,1.16282,1.15569,1.16136,1.16176,1.15756,1.16092,1.15671,1.16282,1.15569,42.0
2026-03-25,1.16137,1.16305,1.15552,1.15614,1.16305,1.15867,1.16165,1.15716,1.15892,1.15552,43.8
2026-03-26,1.15613,1.15722,1.15196,1.15343,1.15722,1.15505,1.15649,1.15223,1.15588,1.15196,21.7
2026-03-27,1.15341,1.15476,1.15018,1.15059,1.1546,1.15167,1.15329,1.15018,1.15476,1.15052,29.3
2026-03-30,1.14998,1.15211,1.1443,1.14612,1.15211,1.14877,1.15199,1.14838,1.14887,1.1443,33.4
2026-03-31,1.14624,1.15634,1.14471,1.15535,1.14906,1.14471,1.14911,1.14574,1.15634,1.14869,43.5
2026-04-01,1.15534,1.16271,1.15522,1.15898,1.15787,1.15522,1.16106,1.1562,1.16271,1.15763,26.5
2026-04-02,1.15899,1.16055,1.1509,1.15399,1.16055,1.15248,1.15377,1.1509,1.15638,1.15168,80.7
2026-04-03,1.15402,1.15489,1.15105,1.15105,1.15449,1.15293,1.15489,1.1535,1.15459,1.15105,15.6
2026-04-06,1.15205,1.15713,1.15048,1.15424,1.15295,1.15048,1.15686,1.15218,1.15713,1.15341,24.7
2026-04-07,1.15425,1.1605,1.15239,1.15959,1.15474,1.15239,1.15756,1.15324,1.1605,1.15538,23.5
2026-04-08,1.15968,1.17217,1.15877,1.16655,1.17085,1.15877,1.17102,1.16688,1.17217,1.16433,120.8
2026-04-09,1.16651,1.17234,1.16503,1.17012,1.1671,1.16503,1.16894,1.16541,1.17234,1.16742,20.7
2026-04-10,1.17011,1.17392,1.16773,1.17216,1.17024,1.16853,1.17187,1.16773,1.17392,1.17095,17.1
2026-04-13,1.16702,1.17653,1.16638,1.17555,1.16901,1.16638,1.17,1.16778,1.17653,1.16805,26.3
2026-04-14,1.17551,1.18111,1.17549,1.17896,1.17699,1.17549,1.1806,1.1758,1.18111,1.17876,15.0
2026-04-15,1.17899,1.18079,1.17718,1.1802,1.18018,1.17787,1.17992,1.17718,1.18079,1.1777,23.1
2026-04-16,1.1797,1.18238,1.17668,1.17777,1.18238,1.17967,1.18068,1.17725,1.17871,1.17668,27.1
2026-04-17,1.17778,1.18491,1.17601,1.17616,1.17871,1.17728,1.17993,1.1772,1.18491,1.17601,14.3
2026-04-20,1.17317,1.179,1.17288,1.17858,1.17624,1.17288,1.17754,1.17473,1.179,1.17556,33.6
2026-04-21,1.17858,1.17908,1.17191,1.17402,1.17908,1.1773,1.17801,1.1756,1.1776,1.17191,17.8
2026-04-22,1.17408,1.17626,1.17029,1.17076,1.17626,1.17374,1.1759,1.17318,1.17433,1.17029,25.2
2026-04-23,1.17075,1.17164,1.16691,1.16851,1.17136,1.16922,1.17118,1.1679,1.17164,1.16691,21.4
2026-04-24,1.16851,1.17229,1.16727,1.17192,1.16892,1.16727,1.17185,1.1676,1.17229,1.16985,16.5
2026-04-27,1.17058,1.17548,1.17045,1.17195,1.17324,1.17045,1.17508,1.17163,1.17548,1.17179,27.9
2026-04-28,1.17195,1.17269,1.16774,1.17104,1.17269,1.17051,1.1708,1.1682,1.17176,1.16774,21.8
2026-04-29,1.17131,1.17204,1.16611,1.1671,1.17204,1.16979,1.17097,1.16936,1.17081,1.16611,22.5
2026-04-30,1.16708,1.17416,1.16551,1.17314,1.16894,1.16551,1.17194,1.16577,1.17416,1.16817,34.3
2026-05-01,1.17336,1.17851,1.17153,1.17169,1.17363,1.17216,1.17583,1.17187,1.17851,1.17153,14.7
2026-05-04,1.17407,1.17419,1.16809,1.16894,1.17419,1.17199,1.17371,1.16888,1.17179,1.16809,22.0
2026-05-05,1.16897,1.17136,1.16764,1.1693,1.16938,1.16764,1.16977,1.16794,1.17136,1.16852,17.4
2026-05-06,1.16927,1.17966,1.16915,1.17496,1.17428,1.16915,1.17966,1.17243,1.177,1.17417,51.3
2026-05-07,1.17496,1.17783,1.17224,1.17266,1.17633,1.17462,1.17783,1.17448,1.17779,1.17224,17.1
2026-05-08,1.17266,1.1788,1.17227,1.17838,1.17386,1.17227,1.17734,1.17368,1.1788,1.17562,15.9
2026-05-11,1.17605,1.17878,1.17485,1.17836,1.17719,1.17485,1.17821,1.17499,1.17878,1.17643,23.4
2026-05-12,1.17838,1.17876,1.17216,1.17375,1.17876,1.17522,1.17657,1.17348,1.1741,1.17216,35.4
2026-05-13,1.17377,1.17417,1.16954,1.1713,1.17417,1.17318,1.17342,1.16954,1.17179,1.1697,9.9
2026-05-14,1.17131,1.17214,1.16657,1.167,1.17185,1.17096,1.17214,1.16993,1.17056,1.16657,8.9
2026-05-15,1.167,1.1671,1.16168,1.16234,1.1671,1.16326,1.16554,1.1617,1.16378,1.16168,38.4
2026-05-18,1.16204,1.16608,1.16082,1.16587,1.16261,1.16082,1.16495,1.16218,1.16608,1.16287,17.9
2026-05-19,1.16588,1.16616,1.15919,1.16068,1.16616,1.16334,1.16457,1.16109,1.16238,1.15919,28.2
2026-05-20,1.16069,1.1645,1.15826,1.16231,1.16128,1.15916,1.16058,1.15833,1.1645,1.15826,21.2
2026-05-21,1.1623,1.16353,1.15763,1.16178,1.16352,1.16155,1.16353,1.15938,1.163,1.15763,19.7
2026-05-22,1.16184,1.16197,1.15881,1.16057,1.16197,1.16071,1.16157,1.15932,1.16183,1.15881,12.6
2026-05-25,1.1633,1.16527,1.16296,1.16396,1.16488,1.1631,1.16506,1.16296,1.16527,1.16354,17.8
2026-05-26,1.16395,1.16451,1.16163,1.16303,1.1643,1.16273,1.16451,1.16239,1.16365,1.16163,15.7
2026-05-27,1.16298,1.16614,1.16221,1.1628,1.16442,1.16298,1.16492,1.16329,1.16614,1.16221,14.4
2026-05-28,1.1628,1.1661,1.15861,1.16508,1.16302,1.15861,1.16226,1.15985,1.1661,1.16155,44.1
2026-05-29,1.16508,1.16857,1.16248,1.16546,1.16563,1.16341,1.16543,1.16248,1.16857,1.16403,22.2
2026-06-01,1.16582,1.16648,1.16067,1.1632,1.16584,1.16415,1.16648,1.16415,1.16505,1.16067,16.9
2026-06-02,1.16322,1.16555,1.16134,1.16276,1.16396,1.16283,1.16527,1.16369,1.16555,1.16134,11.3
2026-06-03,1.16287,1.16335,1.15947,1.15975,1.16335,1.16184,1.16244,1.16051,1.16184,1.15947,15.1
2026-06-04,1.15974,1.16451,1.15945,1.16123,1.16129,1.15945,1.1645,1.15984,1.16451,1.16081,18.4
2026-06-05,1.16123,1.16442,1.15179,1.15193,1.16192,1.16097,1.16442,1.16129,1.16427,1.15179,9.5
2026-06-08,1.15102,1.15545,1.14999,1.15361,1.15397,1.15089,1.15438,1.14999,1.15545,1.15276,30.8
2026-06-09,1.15359,1.1578,1.15269,1.15381,1.15481,1.15269,1.15741,1.15364,1.1578,1.15285,21.2
2026-06-10,1.15386,1.15731,1.1533,1.15351,1.15555,1.1533,1.15596,1.15354,1.15731,1.15334,22.5
2026-06-11,1.15351,1.15896,1.15028,1.15759,1.1556,1.15255,1.15555,1.1523,1.15896,1.15028,30.5
2026-06-12,1.1576,1.15894,1.15569,1.15641,1.15864,1.15572,1.15894,1.15569,1.15835,1.15599,29.2
2026-06-15,1.16048,1.16221,1.15835,1.15893,1.16221,1.15941,1.16178,1.1597,1.16204,1.15835,28.0
2026-06-16,1.15901,1.16196,1.15748,1.16061,1.1595,1.15751,1.16129,1.15748,1.16196,1.15878,19.9
2026-06-17,1.16075,1.16166,1.14778,1.15022,1.16166,1.16075,1.16147,1.15853,1.16027,1.14778,9.1
2026-06-18,1.15023,1.15282,1.14512,1.14602,1.15262,1.15,1.15282,1.14541,1.14875,1.14512,26.2
2026-06-19,1.14628,1.14806,1.14178,1.14683,1.14655,1.14178,1.14678,1.14289,1.14806,1.14566,47.7
2026-06-22,1.14587,1.14735,1.14189,1.14269,1.14735,1.14526,1.14634,1.14414,1.14618,1.14189,20.9
2026-06-23,1.1427,1.1439,1.13755,1.1383,1.14319,1.14186,1.1439,1.13842,1.14,1.13755,13.3
2026-06-24,1.1383,1.13835,1.13245,1.13568,1.13835,1.13611,1.13749,1.13369,1.13679,1.13245,22.4
2026-06-25,1.13574,1.13879,1.13333,1.13725,1.1371,1.13474,1.1374,1.13333,1.13879,1.13362,23.6
2026-06-26,1.13726,1.14338,1.1354,1.13827,1.13821,1.1354,1.1412,1.13713,1.14338,1.13808,28.1
2026-06-29,1.13809,1.14306,1.13808,1.14236,1.13951,1.13808,1.14149,1.13925,1.14306,1.14004,14.3
2026-06-30,1.14236,1.14366,1.13825,1.14206,1.14253,1.13825,1.14094,1.13834,1.14366,1.13885,42.8
2026-07-01,1.14205,1.14227,1.13617,1.13779,1.14227,1.14016,1.14093,1.13849,1.14118,1.13617,21.1
2026-07-02,1.13779,1.14727,1.13749,1.14334,1.13886,1.13749,1.1421,1.13853,1.14727,1.13953,13.7
2026-07-03,1.14335,1.14623,1.14204,1.14337,1.14548,1.14204,1.14623,1.14402,1.14527,1.14329,34.4
2026-07-06,1.14344,1.14453,1.14083,1.14448,1.1441,1.14228,1.14289,1.14096,1.14453,1.14083,18.2
2026-07-07,1.14448,1.14479,1.14015,1.1405,1.14479,1.14281,1.1439,1.14234,1.14421,1.14015,19.8
2026-07-08,1.14048,1.14315,1.1391,1.14176,1.14206,1.13983,1.14315,1.1393,1.14303,1.1391,22.3
2026-07-09,1.14176,1.14491,1.14159,1.14283,1.14337,1.14159,1.14491,1.1421,1.14459,1.14226,17.8
2026-07-10,1.14281,1.14606,1.14114,1.14122,1.14606,1.14281,1.14473,1.14264,1.14418,1.14114,32.5
2026-07-13,1.14034,1.14457,1.13752,1.13814,1.14089,1.13843,1.14457,1.13956,1.14333,1.13752,24.6
2026-07-14,1.13816,1.14623,1.1378,1.14194,1.13966,1.1378,1.14091,1.1384,1.14623,1.14038,18.6
2026-07-15,1.14205,1.14825,1.14059,1.1463,1.14431,1.14173,1.14437,1.141,1.14825,1.14059,25.8
2026-07-16,1.14631,1.14762,1.1431,1.14414,1.14745,1.146,1.14762,1.14566,1.14706,1.1431,14.5
2026-07-17,1.14425,1.14521,1.14243,1.14382,1.1448,1.14345,1.14521,1.14243,1.14443,1.14244,13.5
2026-07-20,1.1427,1.14495,1.14023,1.14099,1.1445,1.14237,1.14495,1.14272,1.143,1.14023,21.3
2026-07-21,1.14095,1.14286,1.13942,1.13997,1.14217,1.14087,1.14286,1.14163,1.14204,1.13942,13.0
2026-07-22,1.13996,1.14215,1.13979,1.14082,1.14099,1.13979,1.14181,1.14002,1.14215,1.14038,12.0
2026-07-23,1.14082,1.14356,1.13637,1.1374,1.14356,1.14058,1.14328,1.13833,1.13955,1.13637,29.8
2026-07-24,1.1375,1.14011,1.13648,1.13666,1.13876,1.1375,1.14011,1.13711,1.13908,1.13648,12.6
2026-07-27,1.13896,1.14181,1.13664,1.13701,1.14143,1.1388,1.14181,1.1385,1.13903,1.13664,26.3
2026-07-28,1.137,1.14052,1.13531,1.13893,1.13801,1.13616,1.13734,1.13531,1.14052,1.13605,18.5
2026-07-29,1.13894,1.14709,1.13744,1.14597,1.14036,1.13821,1.1401,1.13801,1.14709,1.13744,21.5
2026-07-30,1.14597,1.15369,1.14342,1.15248,1.14748,1.14477,1.14841,1.14342,1.15369,1.14693,27.1
2026-07-31,1.15248,1.15471,1.1455,1.15283,1.15312,1.15042,1.15261,1.14846,1.15471,1.1455,27.0
